text,note,n_sent,hotel,city,source,trip,auto,label
Its a good central and cheap hotel with reasonable facilities.,4.0,1,Ibis Ouarzazate Centre,Ouarzazate,booking.com,Solo,positive,positive
"The room lighting was dim. Bathroom needed brighter lights if you wanted to shave Everything worked and it was all in very good condition the air quality was easily adjusted the bed was comfortable and the shower was great. Mr abderrahim was very helpful and nice to talk to .. loved the staff and the convenience of the place.. only stayed for 3h it was a nice stay .. highly recommended Good location right by the train station Casa Voyageurs. It is 30 min by train to the airport. Room is small,",5.0,9,Ibis Casa Voyageurs,Casablanca,expedia.com,Solo,neutral,positive
the bathrooms are small the water comes almost without force to the shower (a thread of water comes out) the towels are old and do not leave you wash towel the curtains of the room are dirty and broken they leave trash on the doors of the rooms until the next day the breakfast quite mediocre plus some dishes were dirty. The positive is the staff quite nice and helpful.,2.0,10,Ibis Tanger City Center,Tanger,tripadvisor.com,Groupe,negative,negative
Location was decent. Rooms were clean. About how it can be better - Breakfast was alright The pool and staff and the convenience of it's location I think their breakfast would have had much more variety,4.0,4,Ibis Marrakech Centre Gare,Marrakech,booking.com,Famille,positive,positive
Amazing staff 10 out of of 10 Very modern decor. Close proximity to the train station. Pleasant staff. Very cheap uncomfortable mattress. No fridge.,5.0,6,Ibis Casa Voyageurs,Casablanca,booking.com,Solo,positive,positive
Flies and mosquitoes all over the room water dripping out from the shower head shower drain barely gets rid of the water torn out towels...,1.0,4,Ibis Marrakech Centre Gare,Marrakech,tripadvisor.com,Groupe,negative,negative
The location is good 2 min walking in city center quiet hotel no safty box in room tissue paper no phone and you Cannot open the window poor breakfast only if you want stay in one night it is ok it is good for budgetary traveler visiting Casablanca,3.0,4,Ibis Casablanca City Center,Casablanca,tripadvisor.com,Couple,negative,neutral
We didn't like anything It was meant to be a standard room I would more accurately describe it as substandard... a room desperately in need of a makeover!!! The bathroom was old tired and dirty. No soap was provided and the decanted shower gel in a pump action plastic bottle did not work. There were a couple of towels provided stored in the cupboard of a fast-food joint. I was hoping for a good night's sleep in my room with a view of the main road situated on the 1st floor.... at points during the night it sounded more like my bed was on a race track with the noise of the cars driving past. just a very bad sound proofed window? complimentary tea a safe in the room. Nothing good it was dirty and so old room and bad beds and it was bad experience,0.5,14,Ibis Marrakech Centre Gare,Marrakech,booking.com,Famille,negative,negative
Average .. good location .. near main train station weak internet at the room .. good breakfast .. good service by Mr Saeed at the breakfast restaurant ..,3.0,2,Ibis Rabat Agdal,Rabat,expedia.com,Solo,positive,neutral
Good one,5.0,1,Ibis Casablanca Nearshore,Casablanca,expedia.com,Famille,positive,positive
Nothing all all Breakfast is so bad,1.0,1,Ibis Oujda,Oujda,booking.com,Groupe,positive,negative
Predictable experience of a contemporary hotel. staff were helpful The pillows could be better,4.0,3,Ibis Casablanca City Center,Casablanca,booking.com,Famille,positive,positive
"very clean. Staff available, welcoming, warm. Very professional staff from reception restaurant and room service. Just a bit of noise with air conditioner",5.0,5,Ibis Casablanca Nearshore,Casablanca,tripadvisor.com,Solo,positive,positive
The hotel jus like most of the ibis hotel in steps away from train station... The room was just ok a couple of regular alcoholics who were loud..A little music would have made up for that....In the morning I noticed that there were ants all over the floor either the decor the staff ...Something is missing,3.0,5,Ibis Fès,Fès,tripadvisor.com,Solo,neutral,neutral
The staff were courteous and professional The room itself was clean no complimentary drinking water was provided in the room which is unusual in my experience with hotels.,3.0,4,Ibis Casa Voyageurs,Casablanca,booking.com,Couple,positive,neutral
Good breakfast and good location The rooms were a little damp as the air conditioning didnt get cold and window didnt open much for air flow.,3.0,1,Ibis Rabat Agdal,Rabat,booking.com,Groupe,negative,neutral
Nice location and staff. Breakfast is not up to standard.,3.5,2,Ibis Mohammedia,Mohammedia,booking.com,Famille,positive,neutral
Clean and functional that about says it all. Dining room below standard Towels thin and grey instead if white. Eat in the local cafes for value and service with a smile.,3.0,4,Ibis Casablanca City Center,Casablanca,tripadvisor.com,Solo,neutral,neutral
"Location, value for money Air conditioning was not affective in the room",3.0,1,Ibis Casablanca City Center,Casablanca,booking.com,Solo,neutral,neutral
Hotel is good with the nice swimming pool! quiet noisy!,5.0,2,Ibis Fès,Fès,expedia.com,Couple,positive,positive
Clean rooms service lacking at front desk took for ever to get reply from them had to go phisycally to front desk don't seem to answer room service... Seem friendly Pricey for level of comfort!,3.0,3,Ibis Tanger City Center,Tanger,expedia.com,Couple,positive,neutral
"The location was not bad Short staff the receptionist was assisting in the checking Additionally, we requested for towels and shower gel because it was not set up in the room in the moment of the arrival and it was not provided even requesting for it! The window was broken and we could hear all the noises from outside.",2.5,4,Ibis Abdelmoumen Casa,Casablanca,booking.com,Couple,neutral,negative
Next to the metro Room dirty also customer service is bad beside they charge extra taxes after I pay booking.com,0.5,1,Ibis Casa Voyageurs,Casablanca,booking.com,Groupe,negative,negative
Big thank you for the service of Rachida and Mohamed from the reception desk. Thanks to them our stay in the hotel and in Tanger was a great experience It was a very nice stay It was clean and the room smelled really good Nothing,5.0,3,Ibis Tanger City Center,Tanger,tripadvisor.com,Groupe,positive,positive
This hotel is ideal as it very centrally located in Marrakech so if you are planning on going to Essaouria Agadir I would highly recommend this bus place as its right next door to the train station and coach station. The sleep we had here was definitely one of the best as the beds were very very comfy!!!!,5.0,3,Ibis Marrakech Centre Gare,Marrakech,tripadvisor.com,Famille,positive,positive
Very accessible - few minutes walk to train station Marina Mall Hassan II Mosque Great view of the city and Casa Port as well - Staff could be more friendly and helpful they seemed eager to dismiss me from the reception desk to this request i got a stern unhappy look from the reception staff. I had to carry my luggage to the police post where taxi was parked. The hotel could have provided assistance with luggage from to the police post atleast. - Strong offensive smell from bathroom I was very uncomfortable - Breakfast lacked variety unlike in November 2022 when I visited pastries not fresh and tasty.,2.5,11,Ibis Casablanca City Center,Casablanca,booking.com,Solo,negative,negative
I did past the best vacation in my life in hotel ibis it has a wonderful service and great and kind people i spent like a week and i feels like heaven everything is nice and organized like how i want clean sheets clean bedroom everything is white and sparkling iam really happy to write my opinion and my experience about this hotel and i want to thank a special and king woman her name is naaima,5.0,2,Ibis El Jadida,El Jadida,tripadvisor.com,Couple,positive,positive
Staff are super-helpful the heated Spa pool is lovely.,4.5,2,Ibis Marrakech Centre Gare,Marrakech,booking.com,Solo,positive,positive
Location and price. The size of the room and food,3.5,2,Ibis Casa Sidi Maarouf,Casablanca,booking.com,Famille,neutral,neutral
"Close to Casa Voyageurs train Station. Clean and quiet. Its in a good location, accessabilty to restaurants is limited other than the Hotel's. On arrival Rather, you had to negotiate a number of steps The reception was very busy with only one receptionist on duty. my stay was satisfactory. A very convenient location next to the Casa Voyageur station with a new tram stop nearby The place was clean comfortable and served it purpose. It is located right next to train station noise was not and issue...",4.0,13,Ibis Casa Voyageurs,Casablanca,expedia.com,Affaires,positive,positive
very good considering the location. Relatively clean practically the maximum you can find in Morocco :) We were given a room with a view over the kasbah. Very good shower really hot water. Conditioner can work in the heating mode. It was quite in the room overlooking the kasbah. Remarkably good WiFi. also the staff printed our boarding passes. i can see why some clients may be unhappy with the staff -- no phoney smiles they just do their job and don't pretend they are extremely happy to see you.,4.5,11,Ibis Ouarzazate Centre,Ouarzazate,booking.com,Couple,positive,positive
The hotel served excellent breakfast and adequate for all. I would not hesitate to recommend the hotel to someone else. even a kettle for someone working late to enjoy his favorite beverage in the evening.,4.0,3,Ibis Casa Sidi Maarouf,Casablanca,booking.com,Solo,positive,positive
"Location Small room no other facilities ,",3.5,1,Ibis Casa Voyageurs,Casablanca,booking.com,Solo,neutral,neutral
Beds are comfortable breakfast is not rich they can prepare for you an omelette if you ask and remind to them :) At the arrival day in the room were dirty towels and uncleaned bathroom and another day after cleaning they simply forgot to provide us with towels.,3.0,4,Ibis Abdelmoumen Casa,Casablanca,booking.com,Groupe,positive,neutral
Perfect place for a night arriving We were on 5th floor and only complaint is loud outside if you need window open because air con didnt seem to work. Ate at great casual restaurant Le Medina about a 10-15 min walk. Be extremely careful crossing streets in this chaotic driving country!,5.0,4,Ibis Casa Voyageurs,Casablanca,tripadvisor.com,Famille,positive,positive
Big shout out to Bouchera and Rida for awesome service and aiding in our great stay. Staff here are very friendly approachable and always smiling.,5.0,3,Ibis Casablanca Nearshore,Casablanca,tripadvisor.com,Groupe,positive,positive
The pillows are so thin,4.0,1,Ibis Fès,Fès,booking.com,Famille,negative,positive
The hotel is very beautiful and could not be better located. The pool is superb. It was a very nice trip!,5.0,3,Ibis Casablanca Nearshore,Casablanca,tripadvisor.com,Solo,positive,positive
Its close to train station with lot of restaurants around Floor and curtains were little dusty when we arrived.,3.0,1,Ibis Casa Voyageurs,Casablanca,booking.com,Groupe,negative,neutral
"The hotel biggest asset is the location. Situated just five steps from the train station in Casablanca. The rooms are more than okay for this price, not excellent. My biggest complaint is their desk staff WIFI is also bad. since 15 euros for a breakfast buffet per person is the biggest rip-off ever in a Moroccan budget hotel. which makes you lose money with conversion rates and payment fees. Again, other hotels in Morocco made the payment in euros This hotel is okay to stay in for a night two when you are in transit. The rooms are clean and okay the location is great and the price is average as well. If only the staff at the desk would be more friendly and helpful.",3.0,14,Ibis Casablanca City Center,Casablanca,tripadvisor.com,Couple,positive,neutral
Friendly personnel Location is perfect to visit rabat and the rest of Morocco via train Beds were hard,4.5,1,Ibis Rabat Agdal,Rabat,booking.com,Solo,positive,positive
Very modern hotel the welcome friendly the rooms are very clean parking always available the staff smiling value for money good price good luck Well located hotel the warm welcome the rooms are very clean the bed comfortable the staff helpful I highly recommend this place for a peaceful stay at all levels,5.0,14,Ibis Casablanca Nearshore,Casablanca,tripadvisor.com,Groupe,positive,positive
stayed for one night nice hotel the rooms where ok for the price the cleanners stole my phone charger and i realized until i come back to england and then called the hotel and spoken to manager and they said i left it in the room was sure never left anything behind me in the room so nice the manager send it to my family in morocco by courier and ended up buying another one,5.0,3,Ibis Fès,Fès,tripadvisor.com,Famille,positive,positive
"Welcoming, attentive and dedicated staff. Clean and quiet hotel inside. 4 and not 5 because I suggest the following areas for improvement: - review the door seals of the balcony to better isolate itself from the permanent background noise of the nearby motorway. -a small room refrigerator would be appreciated",4.0,4,Ibis Casa Sidi Maarouf,Casablanca,tripadvisor.com,Solo,positive,positive
Very good hotel rooms renovated with very nice personel. Free Wifi in the rooms great views from the 14th floor. Very well situated. Maybe the only suggestion would be that the towels of the bathroom should be renovated. For the rest we had a wonderful stay.,5.0,6,Ibis Casablanca City Center,Casablanca,tripadvisor.com,Couple,positive,positive
"The Hotel is very well situated 10 minutes from the airport and 1 minute to the train station. The hotel itself is standard and it needs an urgent refurbrish, the bed was amazing and the shower was just perfect. I strongly recommend this place since it is a good relationship price-service.",4.0,5,Ibis Marrakech Centre Gare,Marrakech,tripadvisor.com,Couple,positive,positive
the total is communicated without specifying that it concerns a single room and not two. No dryer,3.0,2,Ibis El Jadida,El Jadida,tripadvisor.com,Famille,neutral,neutral
a huge thank you to Mehdi at reception. Hassan and Younes at the restaurant were also kind and happy to translate the menu To the house keeping ladies The hotel is good value for money and clean. A great hotel and that is made even better by the amazing staff who work there.,5.0,6,Ibis Marrakech Palmeraie,Marrakech,tripadvisor.com,Solo,positive,positive
Staff were friendly and helpful. Agreed to keep my luggage until my return from excursions No complimentary water no fridge no water dispenser,4.5,4,Ibis Tanger City Center,Tanger,booking.com,Solo,positive,positive
"What a sad reflection on the international brand! The bed was incredibly hard and uncomfortable - so bad in fact we looked on tripadvisor and hotels.com at breakfast to try to find a reasonable alternative for our second night. The hotel is looking tired and in need updating now - the tiling in the en-suite bathroom may be suitable for a ""Moroccan"" look at an outdoor water feature - built in a bathroom can not be easily cleaned and traps all kinds of hair and dirt in the irregular grouting. Pool looked lovely ( in winter no one was in it) - WiFi was excellent - staff very attentive - breakfast was a basic buffet (extra). Location close to the rail station and bus station is excellent - especially if you want to leave. Which I recommend you do.",2.0,10,Ibis Marrakech Centre Gare,Marrakech,tripadvisor.com,Famille,negative,negative
Location is good The staff brilliant Breakfast is fine Very small room Bathroom too small and there is black spots in the shower cabinet,2.5,1,Ibis Rabat Agdal,Rabat,booking.com,Solo,positive,negative
"I like the location and comfy bed. There are no toiletries, the liquid soap they put in the shower room for your hair and body. Shower stall badly designed and the door won't close.",3.5,4,Ibis Casablanca City Center,Casablanca,booking.com,Solo,neutral,neutral
tea coffee provided in the room.,2.5,1,Ibis Casa Voyageurs,Casablanca,booking.com,Couple,neutral,negative
Very friendly staff very clean room nice swimming pool It was a wonderful experience with my wife It was a very nice Weekend a El Jadida IBIS Thank you so much,5.0,3,Ibis El Jadida,El Jadida,tripadvisor.com,,positive,positive
"I arrived at the hotel and was greeted and checked-in by Ayoub on reception. the best thing about the Ibis Gare Marrakech after paying full price for the hotel the pool was empty for renovations... False advertising!!! Great location, needs a lick of paint dated hotel....",2.0,7,Ibis Marrakech Centre Gare,Marrakech,expedia.com,Solo,positive,negative
Clean room professional staff and attentive to our needs. I had a pleasant stay at the Ibis Mohammedia an unforgettable experience. Upon arrival we found a very neat docking station and varied and delicious breakfast,5.0,6,Ibis Mohammedia,Mohammedia,tripadvisor.com,Famille,positive,positive
The staff is not friendly,3.0,1,Ibis Casa Voyageurs,Casablanca,booking.com,Solo,negative,neutral
We booked two rooms. my wife shared one room with our daughter and I took a separate room. The rooms were clean and the service was good. The receptionist was helpful This hotel has a serious safety issue that needs urgent attention. no air The receptionist was calm almost too calm. I checked the bathroom in my own room and found the same issue: a rusted,2.5,10,Ibis Casa Voyageurs,Casablanca,booking.com,Famille,neutral,negative
appreciated the close location to the train stations. The swimming pool was amazing as we arrived in the early afternoon of a very heated day. Services were perfect at the pool area and the reception.,4.5,3,Ibis Marrakech Centre Gare,Marrakech,booking.com,Famille,positive,positive
Comfortable bed breakfast with lots of options next to the train station so good option if you want to travel around and know other cities. Staff was very friendly. There aren't many restaurantcoffee shop options extremely close by - you have to walk considerably and as it's not very busy at night Dinner is simple and with limited options (no vegetarian options as stated in the ad) and often started at a later time than the hotel said. There was a stench coming from the shower drain that got worse over the days. there is no minibar in the room.,2.5,9,Ibis Rabat Agdal,Rabat,booking.com,Solo,positive,negative
"The hotel location is very good you are next to the city center and a new mall. Breakfast is good quality, behind the hotel is not so great. There is a building site next to it.",4.0,5,Ibis Tanger City Center,Tanger,tripadvisor.com,Affaires,positive,positive
Not having a fridge.,3.0,1,Ibis Tanger City Center,Tanger,booking.com,Solo,negative,neutral
3 jzbni qualite dyal hotel wta 3 moule dyalhome wa 7 DE mene lkhadame temake semeyto yassine kane ta 3 amoule dyalo zine m 3 ana wdarlina khatere wkane deryefe m 3 ana makontch metewe 93 mene hade hotel yekone ka 3 hade ta 3 amoule zina be 7 ale merlu,5.0,1,Ibis Rabat Agdal,Rabat,tripadvisor.com,Groupe,negative,positive
Very nice and very clean hotel warm welcome professional staff.... Complete and delicious breakfast and ideal location right in the city center We will definitely return on our next visit to Casablanca,5.0,5,Ibis Abdelmoumen Casa,Casablanca,tripadvisor.com,Affaires,positive,positive
"staff, location",2.5,1,Ibis Tanger City Center,Tanger,booking.com,Couple,neutral,negative
"Clean, nice, with a team with small care and great atmosphere. Catering, a real treat. The hotel is very well located. I recommend it Great hotel super staff thank you very much A nice and beautiful setting you all have what it takes for a leisure and passing clientele. Clean rooms very rich breakfast and much improved.special thanks to the whole hotel team.",5.0,8,Ibis Oujda,Oujda,tripadvisor.com,Groupe,positive,positive
Room very small. Airconditioning not working proper for the hot temp outside. Asking for extra towels Breakfast realy poor ! Hotel is central located. Lady From reception was realy patient with me.,2.0,6,Ibis Marrakech Centre Gare,Marrakech,tripadvisor.com,Solo,negative,negative
Amazing pool area Great buffet breakfast Felt safe Great value for money,4.5,1,Ibis Ouarzazate Centre,Ouarzazate,booking.com,Famille,positive,positive
Staff were great Rooms were dirty and dark. Breakfast wasnt great.,2.5,2,Ibis Marrakech Centre Gare,Marrakech,booking.com,Groupe,negative,negative
Amazing Hotel Nice rooms we really enjoyed our stay in Hotel ibis marrakech la gare and thé ambiance stunning i would like To thank all thé staff for being helful and kind,5.0,5,Ibis Marrakech Centre Gare,Marrakech,tripadvisor.com,Famille,positive,positive
I made a reservation in your hotel and FOR 1 week no one answered me about the level of your service after having finally contacted me again I had the answer ABUSIVE PRICES!!!! when I was surprised by the price of 1890 dirhams when I had paid 1500 for the same service last June namely that the price displayed on all booking sites which take a commission of 18 was 520 dirhams and that we charged me 590 for reservation and direct payment,1.0,4,Ibis Marrakech Centre Gare,Marrakech,tripadvisor.com,Solo,neutral,negative
Free parking,4.0,1,Ibis Casablanca Nearshore,Casablanca,booking.com,Groupe,neutral,positive
The bed and the sheets werent that comfy clean .. to mush dust on the blankets and we only had on blanket for two separate beds Wasnt that clean,2.0,2,Ibis Meknès,Meknès,booking.com,Groupe,negative,negative
room is below accor standards stains all over the walls and the curtains. You would at least expect to be walking in to a clean room which was not the case,2.0,3,Ibis Marrakech Centre Gare,Marrakech,tripadvisor.com,Solo,neutral,negative
Location of the hotel public transport ect.. Quiet room high floor over looking the docks like the decor. Not having a kettle in the room to make coffee to keep drinking water cool.,3.5,6,Ibis Casablanca City Center,Casablanca,booking.com,Solo,neutral,neutral
"Not a smooth experience by any definition nice clean hotel Good for the price. Room is clean, Close to the train station, Food at the restaurant was good,",4.0,6,Ibis Rabat Agdal,Rabat,expedia.com,Couple,positive,positive
We were lucky to have been assigned a corner room with two windows showing both views. The hotel has a good sized swimming pool in a pretty green area at the back of the hotel ideal for a afternoon relax. The staff are all helpful and pleasant in the interim period since my first visit the hotel is now in need of an overhall. Our bathroom showed signs of wear and tear the shower base was cracked also there were some visible repairs to the wash basin. I feel the Ibis Hotel chain should now be spending some money on the upkeep of this hotel. All in all a really good reasonable priced hotel to stay in El Jadida,4.0,10,Ibis El Jadida,El Jadida,tripadvisor.com,Couple,positive,positive
"We chose this hotel due to its location halfway between the city and the airport, The hotel was modern and clean and I found the staff very friendly and helpful (and they spoke English). The room was small and we had wifi in our room Food was good and the restaurant staff was very attentive. Other than the out of the way location I would definitely recommend. Wanted to stay at a hotel whichever gives us convenience to move fromto the Casablanca International Airport. Having read reviews I booked one-night stay through its hotel website. We took 40 min train ride from the basement of the airport to the Casa Voyager Station (60 MD per person for 1st class ticket Highly recommendable as you may not find a place to put your luggage in the 2nd class car) and arrived at the hotel located just outside of the station. Room is quite functional quite comfortable. Breakfast was simple Wi-Fi connection is only available on the groud floor, There are few eateries near the station. so we again took a train back to the airport. If you are looking for convenient and functional place to stay for a night",4.0,19,Ibis Casa Sidi Maarouf,Casablanca,tripadvisor.com,Couple,positive,positive
Close to everything No parking area,4.0,1,Ibis Abdelmoumen Casa,Casablanca,booking.com,Famille,neutral,positive
All was clean The reception girl was a little rude she asked for a number that she thinks must be written by hand in my passport by the moroccan authorities when entering morocco and we asked to see the room before paying and,4.5,2,Ibis Abdelmoumen Casa,Casablanca,booking.com,Couple,negative,positive
Close to the train station Loud noisy needs maintenance,1.5,2,Ibis Fès,Fès,booking.com,Solo,negative,negative
"This is a new hotel. Located in a area which has offices of tech companies in the premises. Overall the hotel and surrounding area has a swanky look to it. breakfast menu is good limited, very clean rooms. NOTE ;- it is a little away from city center ( which turned out to be great since city center has massive road construction going on) so be mindful of it",4.0,6,Ibis Casablanca Nearshore,Casablanca,tripadvisor.com,Affaires,neutral,positive
Very good and comfortable hotel all hotel's stuff are helpful specially Mrs. Fatemazahraa she is supportive and helpful I recommed this hotel for business travellers. The only disadvantage is stopping taxis outside hotel. You have to contact the recieption for renting any taxi.,4.0,6,Ibis Casa Sidi Maarouf,Casablanca,tripadvisor.com,Affaires,positive,positive
great location ( right next to the train station and tramway stop) a nice shopping mall within walking distance. dommage que l heure maximale pour quitter la chambre n a pu etre que 12h30 ... et pas 13h30 comme bcp d hotels font,3.5,3,Ibis Casa Voyageurs,Casablanca,booking.com,Groupe,positive,neutral
Location and car parking. Bad humor from personal,3.5,2,Ibis Casablanca City Center,Casablanca,booking.com,Couple,neutral,neutral
At bed time my wife turned the sheet down and found a bed bug in the bed. I went to reception and complained and was given another room In the morning I asked to see the manager,1.0,3,Ibis El Jadida,El Jadida,tripadvisor.com,Couple,negative,negative
Marrocan breakfast swimming pool friendly staff.,1.5,3,Ibis Marrakech Centre Gare,Marrakech,booking.com,Solo,neutral,negative
The hotel is not good We add that the people who work there are at the required level. They are good. Nice hotel people work there to serve people,3.5,4,Ibis Marrakech Palmeraie,Marrakech,booking.com,Famille,positive,neutral
Perfect location...less than 5 minutes to the train station shopping mall and a quick taxi trip to the bus station for Chefchaouen. Staff were very helpful think management needs to hire more housekeepers. The floors in our room were awful and room needing a good wipe down...if the housekeeping issue were address,3.0,5,Ibis Tanger City Center,Tanger,tripadvisor.com,Famille,positive,neutral
"Breakfast was excellent. Room size okay, should have facilities like brewing machines bathroom floor mate Room should be offered with 'One sofa with Centre table' (missed a lot).",2.5,5,Ibis Casablanca City Center,Casablanca,booking.com,Solo,neutral,negative
The bartender was very nice welcoming and very respectful nice I also liked the orange juices that the bartender made me this day it was with great pleasure to spend at your home thank you again and again to the whole team of the bartender kisses,5.0,1,Ibis Casablanca Nearshore,Casablanca,tripadvisor.com,Famille,positive,positive
Location Ac doesnt work during the winter. Not enough cleaning.,3.0,2,Ibis Marrakech Centre Gare,Marrakech,booking.com,Solo,negative,neutral
Rooms are not in good condition No shampoo conditioner only body shower gel. Bed sheets and duvet were not changed frequently.,1.0,4,Ibis Marrakech Palmeraie,Marrakech,expedia.com,,neutral,negative
"Spent two nights here in Dec 2009 great value considering the location. The room is clean and comfortable with satellite TV and free wi-fi connection in the lobby. A typical three star hotel, and a lovely 10 min stroll to the main part of town just outside the medina.",4.0,6,Ibis El Jadida,El Jadida,tripadvisor.com,Couple,neutral,positive
It's also 5 min walk from a good seafood restaurant at the port (Restaurant du Port de Peche) Room is of a good size - modern clean and new.,4.0,2,Ibis Casablanca City Center,Casablanca,tripadvisor.com,Solo,positive,positive
"just next door to the train station. Perfect for an overnight. Good location amazing staff cranky resepsjon. otherwise nice We really liked having a room with a balcony. We found the staff friendly and helpful. The hotel could not be more conveniently located in the city. Overall, we enjoyed our stay and would do so again.",4.0,10,Ibis Marrakech Centre Gare,Marrakech,expedia.com,Couple,positive,positive
"Clean, quiet, and comfortable. Great breakfast and friendly and helpful staff.",5.0,2,Ibis Casa Voyageurs,Casablanca,expedia.com,Famille,positive,positive
Breakfast was very good with a variety to choose from.,4.5,1,Ibis Tanger City Center,Tanger,booking.com,Couple,positive,positive
and have stayed in Ibis all over the world and always rate them very highly I really cant find anything positive to say about any aspect of this place. Three young males on reception all as rude and unhelpful as each other. One thought restaurant opened at 6 Went to my to my room Problem never fixed so made do with a bedside light (complained every day). Dinner room was freezing cold as they had left the door open all night. Staff uninterested. which is strange as it is the same menu as other Ibis in Morocco! My mixed grill was greasy cold and raw! I have literally stayed in better hostels. There appears to be way too many staff Breakfast not set out in the morning Im assuming the waiting staff just didnt turn up as a G4S security guard was doing his best to put some food out. Not great for me as I was working and needed a quick early breakfast and out.,1.0,16,Ibis Oujda,Oujda,tripadvisor.com,Affaires,negative,negative
Rather new hotel nice pool area small rooms The breakfast and buffet were okay Little closet space. Pillows too large for me,3.0,5,Ibis Ouarzazate Centre,Ouarzazate,tripadvisor.com,Groupe,neutral,neutral
My experience with Ibis Rabat is simply unforgettable. The guys who are working there are so nice. The food also was varied and yummy. The room was super clean as I expected. Ouarzazate and Tangier,5.0,5,Ibis Rabat Agdal,Rabat,booking.com,Couple,positive,positive
Location Breakfast,2.5,1,Ibis Casa Voyageurs,Casablanca,booking.com,Solo,neutral,negative
Thank you to all the staff for the warm Welcoming my professional stay was in very good conditions. the hotel made an excellent first impression especially thanks to the reception team. Their availability and good humor are contagious,5.0,5,Ibis Casablanca Nearshore,Casablanca,tripadvisor.com,Affaires,positive,positive
"Location, room and generally a nice looking hotel. The damp smell because of groute missing around the shower. Allowing water to get under the parquet flooring in the bedroom which is starting to get damaged.",3.0,3,Ibis Casablanca City Center,Casablanca,booking.com,Couple,negative,neutral
We got a room with mountain view and it was breathtaking. The room was nice and clean comfortable bed the heating was working perfectly to keep us warm as at this time of the year its quite cold during the mornings and nights. We really enjoyed the shower as the water pressure was so strong and never running out of hot water. The breakfast was very nice We really enjoyed our stay. The only points of improvement would be to provide more towels for two guests. We were given two medium towels and one small hand towel and an additional towel would have been useful especially one to use on the floor after showering as the bathroom floor gets wet. Another area for improvement would be the TV easy connectivity.,4.5,13,Ibis Ouarzazate Centre,Ouarzazate,booking.com,Couple,positive,positive
"In general hotel has good clean facilities. Disappointed with room on night 1 adjacent to a busy noisy road with poor noise insulation. Night 2 took a room looking inwards towards gardenpool -significantly quieter and very good value indeed. Adjacent to railway station so perfect for arrivaldeparture any time of day. It is a short taxi ride away from the Medina, sufficiently far way to avoid the tourist crowd so good value restaurants and cafes for every taste are close by",4.0,10,Ibis Marrakech Centre Gare,Marrakech,tripadvisor.com,Couple,positive,positive
The location is good for travellers,2.5,1,Ibis Casa Voyageurs,Casablanca,booking.com,Famille,positive,negative
Helpful staff,5.0,1,Ibis El Jadida,El Jadida,expedia.com,Couple,positive,positive
"This is a typical chain hotel rooms small hot water one lift so most people use the stairs. town square buzzing with shops restaurants and market stalls food basic The staff were helpful and kind and in any case the basic facilities (shower wifi) were good and the room clean and comfortable. The breakfast was ok, I would have preferred the food presented in proper covered units rather than on plates only partly covered with cling film I had a beef tajine with vegetables one evening and whilst you can obviously expect to pay well over the odds for a meal in an hotel such as Ibis I do think the quality could have been a lot better for the money. there are plenty of other restaurants to choose from in Ouarzazate....",4.0,16,Ibis Ouarzazate Centre,Ouarzazate,tripadvisor.com,Couple,neutral,positive
"Clean, quiet and comfortable EuropeanAustralian-standard facilities which is exactly what I needed after flying across the world on three very length flights. A little bit overpriced value for money Very plain breakfast mold in the bathroom",3.5,4,Ibis Casablanca City Center,Casablanca,booking.com,Solo,positive,neutral
I had a great time at the ibis Casa nearshore I thank the team' I liked the hotel staff professional buffet very varied pdj. Beautiful location the rooms well and clean friendly staff thank you all,5.0,3,Ibis Casablanca Nearshore,Casablanca,tripadvisor.com,Solo,positive,positive
Location only All,1.0,1,Ibis Casa Voyageurs,Casablanca,booking.com,Couple,neutral,negative
I had a great time ....... With my family.......... clean room with a very nice view ....... home chalreaux.,5.0,1,Ibis El Jadida,El Jadida,tripadvisor.com,Couple,positive,positive
in a fully new area of university the hotel is for sure new friendly staff and with everything you need for a good trip the wifi very strong signal the bar well provided and the restaurant pretty good you have no reason not to have a good stay only regret the transport,4.0,1,Ibis Casablanca Nearshore,Casablanca,tripadvisor.com,Affaires,positive,positive
the staff,0.5,1,Ibis Marrakech Palmeraie,Marrakech,booking.com,Famille,neutral,negative
Dirty hotel The worst experience in my life dirty sheets dirty towels nothing good only the staff were nice,0.5,2,Ibis Marrakech Centre Gare,Marrakech,booking.com,Solo,positive,negative
Best customer experience so far,5.0,1,Ibis Rabat Agdal,Rabat,booking.com,Famille,positive,positive
"Firstly, as we tried to check in, we booked a twin room the hotel staff said all twin rooms are full and when we showed them our booking We had to request them and suddenly they had a twin room available. The room was not at all as shown on your application. There was no lock in the bathroom door no dustbin in the washroom. The shower door was such that you could barely get into the shower. Even the mattresses on the bed slipped off the bed.",0.5,9,Ibis Casablanca Nearshore,Casablanca,booking.com,Famille,neutral,negative
The Bed,1.5,1,Ibis Tanger City Center,Tanger,booking.com,Groupe,neutral,negative
"I have the ""Not Disturb"" Sign when I asked the receiption the hotel has nice position which is near the transports and resturant . some of the food are not fresh and also you need improve your customer service i am more then happy to offer free check each time i travel to morocco thank you Rooms, linen and wash rooms small were neat and clean. Better to carry your own toiletries as hotel provided toiletries are of low standard. Not sure if the hotel is supposed to provide minimum complimentary Drinking Water every day.",3.0,8,Ibis Casablanca City Center,Casablanca,tripadvisor.com,Affaires,neutral,neutral
Clean Location is not convenient since its far from markets and no taxis,2.5,1,Ibis Casablanca Nearshore,Casablanca,booking.com,Groupe,negative,negative
After travelling road the country for a week it was really good to arrive here and be able to unwind in a comfy room and around the pool as well as taking full advantage of the wide range the decent food on offer. All the staff are really friendly and I would definitely stay here again,4.0,3,Ibis Marrakech Centre Gare,Marrakech,tripadvisor.com,Solo,positive,positive
"Close to train station ""Casa Voyages"" Train connection to airport to city center (""Casa Port""). Modern tram has a stop in front of the hotel and brings you to the city center Also ""petits taxis"" in front of hotel. Hotel restaurant staff very friendly and helpful. Excellent breakfast.",5.0,7,Ibis Casa Voyageurs,Casablanca,tripadvisor.com,,neutral,positive
This hotel offered wonderful service the staff was excellent they were kind and helpful l had been traveling for several month and it was a great place to stop and relax suggesting places to sight see seeing me safely to taxis the restaurant staff had a place set for me each evening truly a wonderful experience staying at the lbis Casablanca City Center l will most definitely return to this hotel on my next trip to Casablanca...Lee P.L.Quibell-Preece.,5.0,9,Ibis Casablanca City Center,Casablanca,tripadvisor.com,Solo,positive,positive
I had a pleasant stay with my family in ibis Oujda it is well located and very close to the city. The staff are very accessible and welcoming the rooms and the swimming pool are well maintained. Thank you to all the ibis oujda team.,5.0,5,Ibis Oujda,Oujda,tripadvisor.com,Famille,positive,positive
The reception area is in close proximity to the restaurant and bar area. the wonderful windows poor ventilation makes the main floor impossible to enjoy.,1.0,3,Ibis Mohammedia,Mohammedia,expedia.com,Affaires,neutral,negative
the proximity to the tramway was excellent The TV on the wall was not working,3.5,1,Ibis Casa Sidi Maarouf,Casablanca,booking.com,Groupe,negative,neutral
"Its real nice hotel with nice staff member especially "" Omar "" he is managing the reception staff I guess Great Breakfast Real Nice Bar We had booked this IBIS (note there are at least 2 possibly more in Casa) and were delighted to find that the hotel is under 10 minutes walk from the bus station. our view is that this is a very good chain hotel well built and operated. We have stayed in many of the cheaper chain hotels in the USA that are inferior to this. The staff were a bit offhand (which is a bit of a cultural thing in Morocco), The room on the 14th floor (1401 at the end of the hall) was clean well serviced and quiet. The bed was full length and extremely comfortable and all of the room amenities worked fine. The breakfast was unexceptional",4.0,15,Ibis Casablanca City Center,Casablanca,tripadvisor.com,Couple,positive,positive
Beds were comfortable and staff is nice. Rooms could be cleaner and parking should be made easier.,4.5,2,Ibis Abdelmoumen Casa,Casablanca,booking.com,Famille,positive,positive
Area was nice Rooms shower bedroom very poor I was charged twice through the booking app and in their reception,1.5,2,Ibis Marrakech Palmeraie,Marrakech,booking.com,Solo,negative,negative
Friendly staff and helpfull Rooms need to updates looks nice ouside must updates the rooms,2.5,2,Ibis Meknès,Meknès,booking.com,Famille,positive,negative
I highly recommend ibis hotel Staff Are very kind and helpful. Rooms Are clean and spacious A pleasant and attentive team. The rooms are clean and spacious. I recommend the Ibis hotel for the quality of service Warm welcome from staff Rooms are clean and spacious,5.0,6,Ibis Casablanca City Center,Casablanca,tripadvisor.com,Solo,positive,positive
AC did not work. Advertised as smoke free property that means rooms and public areas. they dont turn it on until summer! It was over 100 degrees in our room! Only hotel they didnt take our temperature upon entering and Hotel is also very very dirty.,1.0,6,Ibis Casa Sidi Maarouf,Casablanca,tripadvisor.com,Affaires,negative,negative
"It is in a rather isolated place and is more than fair in terms of service: one day they only made the bed, the bathroom was not even touched neither the hand soap nor the shower soap The room smells musty and in the restaurant the waiter is more interested in chatting with a customer rather than serving you if there are napkins missing which you yourself have to open and serve you When I arrived the room key didn't work and I had to go down to reception twice and on the third time they changed my room. above all if you need a taxi other external service",3.0,11,Ibis Casablanca Nearshore,Casablanca,tripadvisor.com,Affaires,neutral,neutral
the people were really friendly and helpful,5.0,1,Ibis Fès,Fès,tripadvisor.com,Famille,positive,positive
Nothing Rooms,2.5,1,Ibis Casa Voyageurs,Casablanca,booking.com,Solo,negative,negative
Close to main train station Room was very clean and comfortable and good value. Friendly staff.,4.0,2,Ibis Tanger City Center,Tanger,booking.com,Solo,positive,positive
the hotel is located in a new area where schoolsuniversities new bussiness are around. it very quite at night with no activity. located about 20-25minutes from downtown. unless you have some kind of transportation not worth staying there. If ever i am in casa again i will choose a different hotel. Our room had the thermostat inoperative as a result the room was too cold and unable to have any heat. No instructions on the phone in the room how to call room servicereception any other service at the hotel. When i ask the manager the next morning my self i am not familiar with each hotels habits. No information on the pamphlet of the room how to call room to room A ittle more conviniency for the clients does not hurt.,3.0,14,Ibis Casablanca Nearshore,Casablanca,tripadvisor.com,Couple,neutral,neutral
clean and modern at good rates. 25 min drive to airport.,4.0,3,Ibis Casablanca Nearshore,Casablanca,expedia.com,Couple,positive,positive
I stayed in the hotel and was satisfied with the service. the welcome was professional the room was clean and functional. A good balanced breakfast I choose this hotel for its location which allows me to be close to the exit of Casablanca via the bypass and at the same time to leave for the center of the city. The hotel is also close to a tram station for a sustainable mobility option. I recommend for a professional stay. Stay top in this hotel super good place A very professional welcome and with a smile and impeccable service whether for the restaurant .le sercice 'upstairs you know the people we only meet very rarely and also the lingerie thank you bcp The room was spacious spotlessly clean The staff was very attentive always smiling and ready to meet our every need. Special mention for the restaurant: the dishes were delicious and prepared with quality products. The location of the hotel is ideal close to the main attractions Thank you for this wonderful experience. We had a great stay at this hotel. The welcome was warm and professional the staff always attentive Special mention for breakfast varied and delicious with fresh products.,5.0,22,Ibis Casablanca Nearshore,Casablanca,tripadvisor.com,Affaires,positive,positive
"This hotel is ideally located for those who need to travel by train (5 mn walk). It is also just as close to the Tanger City Mall that has a supermarket as well as shops and restaurants for all tastes. You can also find buses and taxis nearby. I asked for a calm room and I was disturbed by intense noise in the evening coming from cars in the boulevard it lasts for hours (not the hotel's fault The room was approximately clean Cleaning ladies are easily distracted by each other and the result is: dirty elements are forgotten in the room , the staff is generally very nice and welcoming. Breakfast was average both choice and quality were not excellent. The hotel business model may be built on qualitycost balance,",3.0,12,Ibis Tanger City Center,Tanger,tripadvisor.com,Solo,positive,neutral
P'tit dejeuner Service parking,4.0,1,Ibis Tanger City Center,Tanger,booking.com,Famille,negative,positive
My room was okay the bed comfortable and the toilet is good. The location is the best just near train station and the main road not too noisy. There are restaurants and exchange office nearby. They need a new elevator for the safety of guests,4.0,7,Ibis Marrakech Centre Gare,Marrakech,booking.com,Solo,positive,positive
A mid-range hotel that is a little old. Good breakfast buffet. The staff was - subjectively of course - average for me. The service at the bar was a little overwhelmed (no language problems). The location is definitely an advantage on the one hand by the main train station on the other hand right around the corner from Suprabus the bus line that connects almost everything in Morocco.,3.0,8,Ibis Marrakech Centre Gare,Marrakech,tripadvisor.com,Solo,negative,neutral
A good stay you have to add drinks to the room,5.0,2,Ibis Marrakech Centre Gare,Marrakech,tripadvisor.com,Groupe,positive,positive
Staff and location Poor AC and little expensive Near to the train station.,4.0,2,Ibis Casa Voyageurs,Casablanca,booking.com,Famille,negative,positive
Location Everything the location The only good thing about the hotel is the location. there other hotels better in service and also located in the same Every thing From the moment I checked I assigned a twin room to my booking instead of the king size bed I booked. The receptionist kept attending to other customer whilst doing my check-In. No water no safe no soap no bath mat.,0.5,6,Ibis Casablanca City Center,Casablanca,booking.com,Solo,neutral,negative
The food was good the breakfast good for the price The room was ok not perfectly clean The bath seems a bit old The swimming pool is great.,3.0,6,Ibis El Jadida,El Jadida,tripadvisor.com,Couple,positive,neutral
The room was in a good location it was clean the staff were helpful,4.0,2,Ibis Meknès,Meknès,expedia.com,Groupe,positive,positive
Great location restaurant staff was amazing! noisy with a dog barking outside all night.,4.0,3,Ibis Tanger City Center,Tanger,expedia.com,Solo,positive,positive
The location Hotel was very clean and the location was absolutely brilliant.,4.5,2,Ibis Casablanca City Center,Casablanca,booking.com,Solo,neutral,positive
The best thing about this hotel is the location. Easy to find coming off the motorway. It is literally across the road from what appears to be a very child swimming friendly flat sandy beach.Bit of confusion re cost of room.,4.0,3,Ibis El Jadida,El Jadida,tripadvisor.com,Solo,positive,positive
"Bathroom could be better, everything clean",4.0,2,Ibis Tanger City Center,Tanger,expedia.com,Affaires,positive,positive
A nice place where to relax and share good moment at peace with friends. The restaurant manager is so friendly taking special requests with care and since I'm vegan I liked the concept of their salad bar.,4.0,3,Ibis Casa Sidi Maarouf,Casablanca,tripadvisor.com,,positive,positive
"The hotel is doing upgrades to their rooms, When i asked the guy at reception to change my room.",1.0,2,Ibis Casablanca City Center,Casablanca,tripadvisor.com,Affaires,neutral,negative
Good hotel with usual worldwide IBIS quality. Would recommend as a central hotel in Tangier for business. Friendly and helpful staff. Restaurant open extended hours even during Ramadan to cater for everybody. the front office staff were really friendly and helpful I highly recommend to any business leisure visitors.,5.0,6,Ibis Tanger City Center,Tanger,tripadvisor.com,Affaires,positive,positive
It is just located across from the train station which has some restaurants and fast food places. Easy access tofrom the airport. The hotel is clean and comfortable like other Ibis hotels.,3.0,3,Ibis Casablanca City Center,Casablanca,tripadvisor.com,Groupe,positive,neutral
Very good location close to the train station. The breakfast is fine The key of the room does not open instantly.,3.5,2,Ibis Tanger City Center,Tanger,booking.com,Solo,positive,neutral
hand towels. The bathroom was both tiny and dirty. The unit was so small that it felt like being in a camper van - it was hot and stuffy. On the plus side the location was good with a nearby shopping centre.,2.0,4,Ibis Ouarzazate Centre,Ouarzazate,tripadvisor.com,,negative,negative
Good place to overnight if you're coming into Casablanca by train.,3.0,1,Ibis Casa Voyageurs,Casablanca,expedia.com,Affaires,positive,neutral
The location is right at the train station square which can be convenient. Its a bit noisy due to the same point. The staff is very friendly. Clean rooms The hotel doesnt give you an impression of staying in Ibis. The hotel is worn out,3.0,5,Ibis Fès,Fès,booking.com,Solo,negative,neutral
Nice breakfast and good location Some nice staff reception process is very slow.,3.5,2,Ibis Tanger City Center,Tanger,booking.com,Famille,positive,neutral
This hotel was very modern clean and well equipped in everything including the swimming pool. The personnel of the hotel was very kind e helpful in everything. The quality of the food and the hygiene in the restaurant was very good and we always had dinner and breakfast there. Only one advice: if you are there in the period of Ramadan avoid to eat there dinner in the evening of Jawla (last evening of Ramadan with big celebration dinner). That evening they opened the restaurant 30 minutes later for the european customers because they had to serve the Jawla dinner to some moroccan customers from Tanger. we had to wait 30 minutes more to order and then 30 minutes more to eat a food with a very bad quality We advise this hotel to everybody with a very good quality-price ratio.,5.0,8,Ibis Tanger City Center,Tanger,tripadvisor.com,Couple,positive,positive
It's really near to the 'Casa Port Station' which is quite new and big station. The hotel is clean and mordern The best thing was that I could reach to the station directly (in 1 min?),4.0,3,Ibis Casablanca City Center,Casablanca,tripadvisor.com,Groupe,positive,positive
5 star hotel with good staff and an excellent board of directors ho managed their power to give the visitors an excellent vacation from the restaurant to the rooms ho they are managed and cleand so perfectly. upon arriving in tangier and having a 7 hour wait before my train. I looked for a place to leave my luggage I could explore the city. Lovely staff!,5.0,5,Ibis Tanger City Center,Tanger,tripadvisor.com,Solo,positive,positive
Isnt clean at all The stuff are doing good,0.5,1,Ibis Marrakech Palmeraie,Marrakech,booking.com,Couple,positive,negative
Staff very helpful and friendly. Breakfast good choice and value. Restaurant value for money and good quality. Location convenient with beautiful gardens and well maintained pool Bedrooms tired and need to be refurbished.,5.0,4,Ibis Marrakech Centre Gare,Marrakech,tripadvisor.com,Groupe,positive,positive
Bon service Ras,5.0,1,Ibis Oujda,Oujda,booking.com,Solo,positive,positive
This nice hotel just opened. Rooms are nice and clean with a good wifi. The restaurant is overpriced for the product they offer. If you want to eat For this price I can expect an Evian,3.0,5,Ibis Casablanca Nearshore,Casablanca,tripadvisor.com,Groupe,positive,neutral
Conveniently located next to Casa Port train station and a 25-min walk to Hassan II mosque. Clean rooms with the no-fuss Ibis design. Clean rooms good internet connection polite and efficient serivce.,4.0,5,Ibis Casablanca City Center,Casablanca,expedia.com,Couple,positive,positive
Good location and clean many untrained and unfriendly staffs. Front desk Ms. Asmaa and Mr. Mehdi were talking we had been waiting for a greeting from them. I first greeted them by saying Hello? They responded Hello with a 1 second smile and then continued their own conversation Mr. Mehdi was assisting us on check-in. We went to the bar at night for dinner. Its unusual that all the staffs tried not giving eye contacts with us the Moroccans on the streets always welcome foreigners by greeting them friendly with smiles ( busied with his washing avoided greeting and giving us the menu. to the local guests. I only found their smiling faces and say hello to guests on their own initiative they were serving the locals: 1. Ms. Asmaa greeted a local guest with a big smile he looked like being very happy to see a local guest who was back to hotel by shaking hands and talked with him happily. During our whole stays who assisted us on check in and gave us information on visiting 2. the staffs who marked room numbers and arranged the FB in the breakfast room 3. the doormen who helped us on luggage storage. These guys were willing to help all guests with courtesy which is a basic working performance for a well-trained employee.,1.0,23,Ibis Casablanca City Center,Casablanca,tripadvisor.com,,neutral,negative
same toilet flush restaurant on the level of a bad canteen! I emphasize that I am an active member of the group and my disappointment is great!,1.0,3,Ibis Marrakech Centre Gare,Marrakech,tripadvisor.com,Solo,negative,negative
Its was ok The room is very small,3.0,2,Ibis Casablanca City Center,Casablanca,expedia.com,,positive,neutral
Stayed here for 14 nights and could not fault the room very clean. Housekeeping were in everyday and no issues. Breakfast was continental plenty of choice and coffee machines were fine and made up for no kettle in rooms. Staff on reception were friendly and barman on afternoonevening was fantastic and spoke good English and was very friendly. The hotel is a short walk to some fantastic restaurants,5.0,7,Ibis Marrakech Centre Gare,Marrakech,tripadvisor.com,Affaires,positive,positive
Using bathroom not suitable for Muslim peoples No water inside the room including small refrigerator coffee facilities. With my stay Internet and electricity off room price is high Bathroom design not acceptable for Muslims Make a tap for the water help for using bathroom.,3.5,6,Ibis Abdelmoumen Casa,Casablanca,booking.com,Solo,neutral,neutral
"On our way to Ouarzazate our tour leader sounded rather apologetic about our upcoming stay at the Ibis which he did not consider to be equal in quality to the other hotels included in our tour. in several other respects I considered the Ibis to be very satisfactory. the room was small it was perfectly adequate and very clean. the space that is saved is used for a relatively large modular shower with ample hot water. WiFi in the room was consistent and fast. The hotel has a beautiful swimming pool, And the breakfast buffet, less extensive than at larger hotels was very good. I thought it was a fine hotel for a stay of a night",4.0,14,Ibis Ouarzazate Centre,Ouarzazate,tripadvisor.com,Groupe,positive,positive
The property is located near the train station so noisy and too much traffic hotel amenities are very limited staff is wonderful rooms are clean breakfast is very poor quality and also very limited,2.0,5,Ibis Fès,Fès,expedia.com,Groupe,negative,negative
Ill list the hotels we stayed at as this differed from those given by Cosmos at the time of booking: Marrakech Opera Plaza Hotel Casablanca Ibis City Center Fez Zalagh Parc Palace Ouarzazate Ibis Moussafir finally returning to the Opera Plaza hotel in Marrakech. It is a typical Ibis with small rooms and small bathrooms. The rooms were so small Each bed comes with a very thin pillow and there is one extra pillow on the clothes stand There were only two small bath towels provided in the bathroom. Breakfast was limited with only a small selection. The biggest problem at breakfast,2.0,11,Ibis Casablanca City Center,Casablanca,tripadvisor.com,Couple,neutral,negative
Worst service and breakfast Ive ever seen. Rooms were okay. Rude staff unhelpful and didnt want to honour our complimentary breakfast by pretending like a room booked for two should only come with one breakfast free.,1.0,4,Ibis Meknès,Meknès,expedia.com,Famille,negative,negative
An lovely place next to the trainstation. Good value for money and a pititi taxi ride to bus station is about 6DH Beach MacDonald and other good eating places. Ask for room at top floor due to noise on the road.,4.0,5,Ibis Tanger City Center,Tanger,tripadvisor.com,Couple,positive,positive
I recommend the hotel Ibis The rooms are clean and spacious. The team is very professional and welcoming Many thanks to all Beautiful hotel impeccable service and beautiful grounds Reply to everyone by visiting as soon as possible to experience the deep Moroccan city of Casa I recommend the ibis Hotel for Quality Service A welcoming and helpful team Thank you Salma I recommend the Ibis hotel A very welcoming team with impeccable Service I thank Salma at the Welcoming Restaurant and Mehdi at the Reception for facilitating our check in,5.0,6,Ibis Casablanca City Center,Casablanca,tripadvisor.com,Affaires,positive,positive
This hotel is just right for the short-term visitor. It is located about a 10-15 minute walk to the main thoroughfare at King Hassan II Avenue and is adjacent to the railway station I suggest a room overlooking the pool as a front facing room may be affected by the noise from vehicle traffic on the main road. I stayed in room 111 and admittedly the room is small it was functional and suitable for just one The main thing for me was that the room was clean and comfortable and comprised two single beds placed together. The bathroom was spotless and the toilet seemed to have been disinfected prior to my occupancy of the room. The hotel has an outdoor pool and patio area suitable for relaxing in the summer months and there is a small children's play area next to the dining room. The hotel also has a bar onsite as with all public places in Morocco The reception staff were efficient and helpful.,4.0,12,Ibis Fès,Fès,tripadvisor.com,Solo,positive,positive
Location was perfect for us as it was an easy five minutes walk to the train station with our luggage Decor and facilities worn. Pool unkept The desk in our room was broken away from the wall.,2.5,4,Ibis Tanger City Center,Tanger,booking.com,Couple,negative,negative
The hotel is pretty new and one can feel it's located it a business parc which still seems to be under development at 15 minutes driving from the airport. restaurants around have your dinner before in the ibis restaurant. The bar is pretty ok to have a drink and the personnel very friendly. the room a typical ibis room more spacious and light than in many other Ibis hotels.,5.0,9,Ibis Casablanca Nearshore,Casablanca,tripadvisor.com,Affaires,neutral,positive
Nothing we like it in this hotel.,2.0,1,Ibis Casablanca City Center,Casablanca,booking.com,Groupe,negative,negative
Very convenient to Casa Voyageurs train station Restaurant service for breakfast was excellent.,5.0,2,Ibis Casa Voyageurs,Casablanca,expedia.com,,positive,positive
"Overall, I had a really good experience at the hotel. The location was great and convenient and the room itself was comfortable and clean which made the stay enjoyable. The staff and service were also solid. One small thing I noticed wasnt really the hotels fault, more about other guests sometimes there was noise from people not being very considerate like slamming doors being loud in the hallways. It didnt ruin my stay, right in front of the train station and tram line. Staff could not have been more nicer so welcoming and accommodating at check in. bed was so comfortable nice quiet room breakfast was fantastic. and kind. The place has an amazing shower as well which is not the case in every hotel in Morocco. All was good",5.0,19,Ibis Casa Voyageurs,Casablanca,booking.com,Solo,positive,positive
size of the room is too small the wasn't the issue as much as the room size and the parking spot,2.5,2,Ibis Casablanca City Center,Casablanca,booking.com,Famille,negative,negative
Nice staff..clean.. quite area..close to man train station.. away from major shoping and resturants area..i will stay at this hotel again. Good staff. Liked it very much.,5.0,4,Ibis Rabat Agdal,Rabat,expedia.com,,positive,positive
Hotel moved to the other side of the train station smaller compact building smaller rooms and very compact service is slow too many employees roaming around one only at the reception the quality of service and food we used to enjoy when staying in this particular Ibis in the past has been degraded the room too small for two people and the comfort is lacking in simple things like the absence of an iron and an iron board one soap two shampoos and two towels for two people. The space inside the room is just enough for you to squeeze past your mate and your luggage to try to get to your bed. What put me off too is finding a big ball of hair in the shower and the unreasonably pricey tastless dinner. The ease of access to the hotel the rebuilding of the train station is taking place is also to be considered when booking is this hotel as the access is muddy uneven and unsafe pass-thoroughfare to the property. In sammary next time I'd go somewhere else for less the money than what we paid especially when you pay for the breakfast separately when it use to be included.,1.0,17,Ibis Casa Voyageurs,Casablanca,tripadvisor.com,Groupe,neutral,negative
Room small It was dark and b warm and require the use of aircom all times,5.0,2,Ibis Rabat Agdal,Rabat,expedia.com,,neutral,positive
our rooms were interconnecting beautiful and modern good food with good service and the reception service is really great The location of the hotel is just wow next to all amenities It was clean and comfortable the staff were very friendly and helpful.,5.0,7,Ibis Abdelmoumen Casa,Casablanca,tripadvisor.com,Famille,positive,positive
The good things about this hotel were the location. Close to the train station CTM bus station restaurants etc. accommodations are very basic and the rooms are very small especially for 2 people. No kettle in the room either and toiletries were a small bar of soap and a small packet of shampoo. The room The bed was comfortable the pillows in our room probably needed to be replaced.,3.0,9,Ibis Casablanca City Center,Casablanca,tripadvisor.com,Groupe,neutral,neutral
"Great price included dinner buffet (unexciting Clean, neat, European budget hotel style. Perfect for a brief stay. Lovely pool views of the kasbah from the room. Nice bar.",3.0,7,Ibis Ouarzazate Centre,Ouarzazate,tripadvisor.com,Famille,positive,neutral
Staff is very pleasant. Rooms are clean short walk from the train station. Not very noisy. Atm available at the train station. They do serve alcohol in the bar and have a selection of american liquor and beer (Bud) Location was fantastic and super convenient. The lady at reception was so lovely and really took her time to answer my questions. Stock standard room Carpet was a bit worn and stained Right beside the railway station. Comfortable room and bed. Good shower. Most Ibis hotels have a kettle and a fridge I'm sure. The bed was super-comfy,4.0,16,Ibis Casa Voyageurs,Casablanca,tripadvisor.com,Solo,positive,positive
"So comfortable , clean and cozy.",5.0,1,Ibis Ouarzazate Centre,Ouarzazate,booking.com,Solo,positive,positive
Good hotel and handy for the station,4.0,1,Ibis Fès,Fès,expedia.com,,positive,positive
Comfortable hotel in good location - right next to old Medina - plenty of good restaurants nearby - markets shops nearby - tram stop nearby,5.0,1,Ibis Casablanca City Center,Casablanca,expedia.com,Couple,positive,positive
"Disappointing Stay The room was dirty the air conditioning didnt work and the shower temperature kept fluctuating. Its clear the room wasnt properly prepared for guests. The only positive aspect is its convenient location near the train station,",1.0,5,Ibis Fès,Fès,expedia.com,Couple,negative,negative
Not enough towels to go round.,4.0,1,Ibis Ouarzazate Centre,Ouarzazate,expedia.com,Groupe,negative,positive
Just besides train station on left.,4.5,1,Ibis Fès,Fès,booking.com,Solo,neutral,positive
Once again thank you Brahim at the reception for your excellent service,5.0,1,Ibis Ouarzazate Centre,Ouarzazate,booking.com,Couple,positive,positive
Great pool area with hammocks. Rooms are modern clean and comfortable - Location is great too walkable to Kasbah Tourirt and the centre of Ouarzazate. Staff were friendly and accommodating. Well stocked bar with Beer Breakfast could have been better. Shower in my ensuite bathroom leaked a bit onto the floor when used.,4.0,8,Ibis Ouarzazate Centre,Ouarzazate,booking.com,Solo,positive,positive
Location was decent. Breakfast was acceptable as well. AC didnt work properly. It never kept the room cold. Even asked the staff about it Room is not big. I have lived in twin rooms before this was the smallest twin room I have ever stayed in. had to go downstairs near pool area to work. Working was also not easy because of the AC issue. Shampoo dispenser didnt work. The staff didnt understand English that well Overall the worst experience of living in an IBIS hotel.,0.5,13,Ibis Marrakech Palmeraie,Marrakech,booking.com,Groupe,negative,negative
Calm and conftorbal the heat was hard to adjust.,3.5,1,Ibis Tanger City Center,Tanger,booking.com,Couple,negative,neutral
I highly recommend considering this remarkable three-star hotel for your stay. It stands out for its impeccable cleanliness and the reception team's exceptional dedication to providing helpful and friendly service. was instrumental in facilitating airport transfers With its commitment to excellence this hotel promises a memorable and enjoyable stay.,4.5,5,Ibis Abdelmoumen Casa,Casablanca,booking.com,Famille,positive,positive
Amazing staff,5.0,1,Ibis Ouarzazate Centre,Ouarzazate,expedia.com,,positive,positive
Everything was good,4.5,1,Ibis Abdelmoumen Casa,Casablanca,booking.com,Groupe,positive,positive
The staff was nice and professional,4.5,1,Ibis Casablanca Nearshore,Casablanca,booking.com,Famille,positive,positive
Ibis Casa Voyageur is the ideal hotel for those arriving departing by train in Casablanca since it is just a short walk across the plaza from the Casablanca main railway station. It is clean and very functional if you are looking for Moroccan charm Eating choices in the hotel are modest.,4.0,5,Ibis Casa Voyageurs,Casablanca,expedia.com,Groupe,positive,positive
thé Cleaning she have no respect i Wold like to thank reception for service I was so nervous,3.5,1,Ibis Marrakech Palmeraie,Marrakech,booking.com,Solo,negative,neutral
nearest Rail Station what I want to walk across and very easy to reach,4.5,1,Ibis Casa Voyageurs,Casablanca,booking.com,Solo,positive,positive
A well equipped hotel and very clean rooms the sea view and pool is very clean so I suggest you visit Everything is comfortable rooms very clean everything is well equipped welcoming service really it was perfect ... The beds very comfortable the rooms very clean the hotel sea view really.,5.0,3,Ibis El Jadida,El Jadida,tripadvisor.com,Groupe,positive,positive
good service good,5.0,1,Ibis Casa Voyageurs,Casablanca,booking.com,Solo,positive,positive
"Staff are good and friendly Jo kettle for tea coffee, hairdryer",3.5,2,Ibis Meknès,Meknès,booking.com,Famille,positive,neutral
"Chose it because next to train station. room number and signed it like I have in many different hotels in many different places so I ""charged it to my room"". We left early in the morning to get to train--as we approach the front desk the staff member is half asleep and just waves at us-so off we go. As we are walking down the street towards train station Tried to explain we ""paid"" by doing normal procedure to charge to room. (And yes apparently it was not charged to room--so they need to change how they do this Otherwise room is OK...small. bad about the place--and yes very convenient to train station.",1.0,10,Ibis Casablanca City Center,Casablanca,tripadvisor.com,Couple,neutral,negative
The room wasnt clean bead sheets and floor was dirty,3.0,2,Ibis Rabat Agdal,Rabat,expedia.com,,negative,neutral
The staff was really friendly and very helpful when it comes to service such as booking transportation early morning to the Airport asking about direction somewhere. Many thanks to the gentlemen for Night Shift front lobby desk for all his kind help.,5.0,3,Ibis Rabat Agdal,Rabat,expedia.com,,positive,positive
I booked this hotel for my boss who stayed 10 nights from late November to now and the experience was just disappointing. it was 10 days without wifi and being a medium-high range hotel for the place we would have expected better services WiFi is especially essential for business travelers as without it it is very difficult to work and keep in touch with the headquarters in Italy and customers. In addition to the wifi bags in the room. You can certainly find better hotels than this one,1.0,7,Ibis Casablanca Nearshore,Casablanca,tripadvisor.com,Affaires,neutral,negative
Next to Casa Voyageurs train station. Tram is also next door Clean Good breakfast I liked it and it was very good too expensive.,4.0,4,Ibis Casa Voyageurs,Casablanca,booking.com,Famille,positive,positive
"a 4 star hotel in front of the Kasbah. The hotel is very nicely located the hotel looks very good The repection area is also nice and new. The hotel has a good view of the Kasbah especially in a 4-stars hotel like Mercure. and got a nice price of about EU45 per night for a double room. So, it was a good value hotel. The rooms were disappointing and did not look like a 4 star hotel. and its room seemed much better. The room had a balcony, with no furnitures on it The breakfast was included in the price and was a nice buffet very tasty and filling. as the restaurant was a bit overpriced. We used the hotel's hammam and had a great time. The hotel had a nice swimming pool which looked very inviting as it was way too cold during our visit. it was a good hotel for a 2 nights stay and a good value considering its promotional internet price. the rooms really did not match the hotel's common areas",4.0,24,Ibis Ouarzazate Centre,Ouarzazate,tripadvisor.com,Couple,positive,positive
"I found staff at the reception and their manager unfriendly and unresponsive. Moreover, i noticed issues with cleanliness and poor bathroom maintenance.",1.0,2,Ibis Marrakech Centre Gare,Marrakech,tripadvisor.com,Solo,negative,negative
This is a great hotel the staff kind and knowledgeable our rooms were clean and accommodating the atmosphere. Out of the hotel is quiet and relaxing Nice clean,5.0,7,Ibis Mohammedia,Mohammedia,tripadvisor.com,Solo,positive,positive
Staff The utilities and the food especially the restaurant food You could have a better quality in a high street cafe,2.0,2,Ibis Casa Voyageurs,Casablanca,booking.com,Famille,neutral,negative
THE HOTEL IBIS CASANEARESHORE NEEDS SWIMING POOL LE RESTAURANT A BESOIN DES MODIFICATIONS AU BUFFET . BUFFET INCOMPLET . Good location reception staff is so nice and helpful The breakfast is mediocre and old the manager could try to improve it and i couldnt sleep because it smelled so bad in the room and the bathroom wasnt clean,4.0,5,Ibis Casablanca Nearshore,Casablanca,booking.com,Solo,negative,positive
staff were all very professional albeit struggled with English. Food and service in the barrestaurant was very good. Rooms a little tired ok for what we paid.,4.0,4,Ibis Tanger City Center,Tanger,tripadvisor.com,Couple,negative,positive
Lack of amenities and location,1.0,1,Ibis Tanger City Center,Tanger,expedia.com,,negative,negative
The hotel is really cheap and dirty The hotel needs and urgent remodelation. The other problem is service I will look for another hotel in my next visit.,2.0,4,Ibis Fès,Fès,tripadvisor.com,Groupe,positive,negative
All was great Non,5.0,1,Ibis Marrakech Centre Gare,Marrakech,booking.com,Couple,positive,positive
Rooms and pool area need good refurb. The pool loungers definately need to be replaced. so loungers for this large hotel!!,3.0,3,Ibis Marrakech Centre Gare,Marrakech,tripadvisor.com,,neutral,neutral
It's key is it's about a 30second walk from the station. We had a minor problem with non st facing room efficiently changed to st room which a little noisy was standard IKEA kit like ibis all housed in a retro low rise sprawling building. Room clean no fridge . The French supermarket mall is quite close (wine!) not many food options within walking distance streets around not well lit a plentiful taxi rank outside the hotel. The gardens pool are quite big quite plush for this type of hotel. Staff excellent.,4.0,10,Ibis Fès,Fès,tripadvisor.com,Couple,negative,positive
Chose this place as it is a transit point before going to Marrakech. Would only recommend if it's for a transit point. Surrounding area seems to be for other offices. Pros: - Main attraction of the hotel is the price as it is very reasonable - Rooms are quite spacious and modern. Rooms are also clean. - Plenty of parking in the area - Near a Carrefour if you ever need to get some groceries Cons: - Staff are not as friendly as compared to the rest of Morocco - Very basic room amenities. - Breakfast spread is very basic. the staff did not replenish the plates and some food fast enough. Pros: - Hotel is relatively new and is quite spacious - Staff is friendly. could be a lot friendlier as compared to the rest of Morocco - Plenty of parking space - Room is generally clean and has modern facilities Cons: - The shower design is slightly flawed. - Breakfast service was poor.,4.0,11,Ibis Casablanca Nearshore,Casablanca,tripadvisor.com,Famille,neutral,positive
The location Need a renovation and changes of beds,2.0,1,Ibis Meknès,Meknès,booking.com,Solo,neutral,negative
Loved the smell of the body wash from apothicals! People smoking inside the hotel lobby at the bar. Aircon in one of the rooms wasnt working. In two of the rooms only one towel was provided Poor pillows.,2.5,5,Ibis Mohammedia,Mohammedia,booking.com,Famille,neutral,negative
Finally when I arrive in my room I take a shower. The entire bathroom flooded out into the bedroom with a pool of water over two inches high.,3.0,3,Ibis Marrakech Palmeraie,Marrakech,expedia.com,Famille,neutral,neutral
"this hotel turned out to be more than just a convenient stay. The room was very clean very comfortable and quite spacious too. The staff were excellent very warm friendly and attentive. The only issue that guests might have is its proximity to the medina and other tourist attractions. , we found that it was very easy and very cheap to take taxis to get around the city.",5.0,8,Ibis Fès,Fès,tripadvisor.com,Couple,positive,positive
"Suitable place to stay in Marrakech after arriving by coach ( two minutes walk away)and getting a taxi to the airport the next morning. Very friendly and accommodating staff excellent location no more than a 10' taxi ride away (maybe more in traffic). Hotel is very close to the train station and is an obvious choice if you plan do leave early. The hotel breakfast was great - classical ""Moroccan"" breakfast with breads some French breads fantastic cafe au lait Had to ask the front desk to turn on the heat in my room and there was only one towel, There was a menu in the room of food you could order 247, no information on the phone about how to call room service",3.0,11,Ibis Marrakech Centre Gare,Marrakech,expedia.com,Couple,positive,neutral
Very cozy room.,3.5,1,Ibis Mohammedia,Mohammedia,booking.com,Solo,positive,neutral
The staff was so rude they have no knowledge about hospitality Rooms werent as my expectations and the staff re not nice,0.5,1,Ibis Marrakech Palmeraie,Marrakech,booking.com,Groupe,negative,negative
Nice Area If yo are looking for a place close to Shore park look no further its the right hotel for you its a bit far from downtown best way is to take a red taxi with meter the public bus their people are famous for being kind and helpful.,3.0,6,Ibis Casa Sidi Maarouf,Casablanca,tripadvisor.com,Affaires,positive,neutral
The hotel is basic hotel. Good for the price and breakfast included. The dest employees are good The first day the room smell was not good the lady who was cleaning regularly made our stay much better. Appreciated her service.,3.0,6,Ibis Casablanca City Center,Casablanca,expedia.com,Famille,positive,neutral
"Friendly, helpful staff. Hotel is dated especially the bathrooms was in a great location for train station . Breakfast was good and the pool was excellent and was cleaned regularly would stay again",5.0,4,Ibis Fès,Fès,expedia.com,Couple,positive,positive
Its a good value for the money. Staff was great. Beds were very comfortable and clean. Breakfast was decent. Room floors and walls could be cleaner. Room bathroom could be better maintained.,4.0,6,Ibis Marrakech Palmeraie,Marrakech,booking.com,Famille,positive,positive
"Very pleased with this hotel. Reception very welcoming. Full breakfast. Salma, Mourad, Kenya, very friendly",5.0,4,Ibis Casablanca City Center,Casablanca,tripadvisor.com,Solo,positive,positive
Great service and the location is excellent,5.0,1,Ibis El Jadida,El Jadida,booking.com,Couple,positive,positive
"The hotel is about an hour and a half walk from the medina which wouldn't suit everyone There is a large supermarket about half an hours walk away and a great Lebanese restaurant beneath the pizza hut just across the road from the Marjane supermarket . The hotel itself is good value for money the staff are friendly and incredibly helpful. The meals as you'd expect cost more than you'd pay elsewhere in Marrakech the food was of decent quality and the buffet style breakfast offered a good range. I wouldn't recommend eating in the Medina itself as on 3 occasions I saw salad being scooped onto plates by hands that had just been in raw meat as well as being served undercookedraw meat and meat that was stone cold - plenty of places outside the Medina to try. Our room was basic, had a TV and views over the pool area and for what you're paying per night you can't expect much. The bathroom area looked dirty on inspection it had been cleaned well it looked ill kept due to the tiling and the general finishing touches being appalling. if you are just using the room as a base from which to go exploring it shouldn't make any odds.",4.0,12,Ibis Marrakech Palmeraie,Marrakech,expedia.com,Couple,positive,positive
Upon arrival I thought it was in a good location as it was next to the train and coach station and fast food restaurants. At reception we received a warm welcome our room was being prepared (which we expected) we were still waiting and another receptionist had taken over who couldn't speak much English we saw other guests being given rooms the first receptionist was back and was shocked that we were still waiting and told us that our room was ready ages ago. relieved to finally get a room so I could take a power nap. I had no complaints about the room. Everything was clean and working it was to a very good standard.. Until I switched on the air conditioning! It seemed to have been blowing out warm air?! The only way I could get to sleep was by having a cold shower and sleeping naked! besides this the room was fine I only had one more complaint about the room The breakfast was satisfactory not worth the price we bought our own food from Carrefour and made our own breakfast for the rest of our stay. Their breakfast consisted of mini croissants etc I was in desperate need of a pool because it was baking hot at the time couldn't find anywhere else with a pool that I could use. One thing I loved about the pool area was that there are a few hotel cats that roam about which brightened up our stay a bit! On our last night I got locked inside the bathroom. I hid in the shower. two nights if you just need a place to rest your head and nothing else. hospitable people and DELICIOUS FOOD. I wish I could get chicken tagine like that in London. people will take advantage and give you directions to the 'main square' which was gorgeous wearing trainers and definitely worth the experience!,2.0,35,Ibis Marrakech Centre Gare,Marrakech,tripadvisor.com,Couple,positive,negative
Room was good for one person and also staff was quite helpful and friendly. Breakfast service could be improved.,3.5,2,Ibis Mohammedia,Mohammedia,booking.com,Solo,positive,neutral
"Clean, comfortable rooms. Near the train station. The Bad Restaurant and breakfast both over priced. there were many cafés and restaurants within a few blocks walk the immediate vicinity of the hotel was less than inviting.",4.0,4,Ibis Tanger City Center,Tanger,tripadvisor.com,Couple,negative,positive
It was very near airport train. Room was too small.,3.0,2,Ibis Casablanca City Center,Casablanca,booking.com,Couple,neutral,neutral
from airport you can come by train to casa port station and the hotel is bang opposit. The front desk person could have treated me better :-) as he was in very bad mood and asked me to wait till 2 PM. another person gave me the room by 12 noon itself. Dinner also I had it and it was mouthfull tasty and economical. The bed was superb and I slept nicely.,4.0,7,Ibis Casablanca City Center,Casablanca,tripadvisor.com,Solo,neutral,positive
Near to the main train station. Not too many tourist type restaurants nearby. No safe in the room.,4.5,3,Ibis Casa Voyageurs,Casablanca,booking.com,Famille,neutral,positive
Bad experience with this hotel which does not consider its customers. -My car's paint was damaged due to a pipe leak in the ceiling of the hotel garage. -Very small and compressed room -No security guard to open and close the garage door -Too much noise Not good,1.0,4,Ibis Tanger City Center,Tanger,tripadvisor.com,Famille,negative,negative
Convenient stay near the main train station close to amenities and food.,4.0,2,Ibis Casa Voyageurs,Casablanca,expedia.com,Couple,positive,positive
I stayed in ibis casablanca for night transit in casablanca traveling to Agadir. The room it was comfortable all is available Only one thing is the AC it was very cold room and we are in winter. Regarding the service need more improvements on terms of customer service,3.0,3,Ibis Casa Voyageurs,Casablanca,tripadvisor.com,Affaires,neutral,neutral
AC and breakfast Room a bit small and cramped for two.,4.0,1,Ibis Rabat Agdal,Rabat,booking.com,Famille,negative,positive
The hotel and staff and outside Nothing Good service,5.0,2,Ibis Fès,Fès,booking.com,Couple,neutral,positive
The Room looks dated needs some renovations to look not aged. Ibis in Casablanca in comparison is better condition room. the condition in the room in tangier The bathroom needs to be looked at looks dated,3.5,5,Ibis Tanger City Center,Tanger,booking.com,Couple,positive,neutral
Great location next to Grand Central Station with good links to marrocco. Good facilities they are clean and tidy. Great breakfast. I find most Ibis hotels of a good standard. Cleaning staff was excellent. Front desk staff gave us a hard time,4.0,6,Ibis Casa Voyageurs,Casablanca,booking.com,Famille,positive,positive
Rooms need updating and air conditioning not very good. Great location.,3.0,2,Ibis Fès,Fès,expedia.com,,negative,neutral
Pool and staff Old fashioned tv and lack of mini fridge in the room.,4.0,1,Ibis Ouarzazate Centre,Ouarzazate,booking.com,Famille,negative,positive
especially people there are amazing with a personalized service even. Special thanks to Narjisse for her attention to details and kindness Nothing all was good,5.0,3,Ibis Rabat Agdal,Rabat,booking.com,Groupe,positive,positive
I love ibis casa voyageurs Great location friendly staff and very clean and cosy rooms I loved everything What really stood out was the hospitality the staff were genuinely welcoming and always willing to help. The hotel has a great atmosphere and offers excellent value for money.,5.0,7,Ibis Casa Voyageurs,Casablanca,booking.com,Famille,positive,positive
small room with great quietness. nice bed sitting in the sun near the pool relaxing. breakfast could have been better scrambled eggs stale good coffee nice people transportation to town a little difficult. next door great authentic restaurant a must visit,4.0,5,Ibis Marrakech Palmeraie,Marrakech,tripadvisor.com,Solo,positive,positive
The room was old and had no charger output by the beds wICH was very inconvenient.,2.0,1,Ibis Marrakech Palmeraie,Marrakech,expedia.com,Affaires,negative,negative
Centrally located. The staff welcoming and very professional nice and helpful. Property was clean conveniently located opposite to casa port train station,5.0,4,Ibis Casablanca City Center,Casablanca,booking.com,Solo,positive,positive
Hotel OK in convenient location close to railway station. Not so quiet because of traffic outside this is expected due to location in central area of Casablanca. Friendly staff too. Only problem is restaurant which is much worse in comparison with pre-pandemic time. Food is nice (restaurant understaffed) During breakfast one day no plates for a long time Seems like one person only is employed there for all the service. The same for dinner.,3.0,10,Ibis Casa Voyageurs,Casablanca,expedia.com,Affaires,neutral,neutral
Rooms were not good I needed to change three rooms because of some issues were not going away on first twi rooms there were no much alternatives on dinner,3.0,3,Ibis Casablanca City Center,Casablanca,expedia.com,Affaires,negative,neutral
Nice place good bar. Not very clean. Poor Breakfast,4.0,4,Ibis Ouarzazate Centre,Ouarzazate,booking.com,Groupe,positive,positive
Reception was super friendly and professional. The bed is queen size wonderful firm and very nice to sleep in there is an extra pillow waiting for you. The garage in the underground is fantastic if you come by car. The location is right next to the main station traffic is a little problem rooms to the train tracks tend to be more quiet.,5.0,9,Ibis Casa Voyageurs,Casablanca,tripadvisor.com,Affaires,positive,positive
Great stay. Simple and effective and good value for money,4.0,2,Ibis Marrakech Centre Gare,Marrakech,booking.com,Solo,positive,positive
Location is near the train station. Breakfast selection is good. Had to wait for some time to be attended to at check in desk.,4.0,3,Ibis Rabat Agdal,Rabat,booking.com,Solo,neutral,positive
The hotel had a pleasant and relaxing atmosphere. The room was clean and well-maintained offering everything needed for a relaxing stay. The food was delicious with a good variety of local and international options and the breakfast buffet was especially enjoyable. The swimming pool was clean and refreshingperfect for cooling off after a warm day in Fès. which added a peaceful green touch to the surroundings. A few more sun loungers by the pool would have been appreciated during peak hours.,5.0,10,Ibis Fès,Fès,booking.com,Couple,positive,positive
So the place is really basic (and cheap) and actually offers a pool and ok outside sitting area pool staff and barrestaurant...etc...it's literally right next to the train station and next to the SUPRATOURS bus company station just down the road in taxi from the Menara Mall and about 5-7 min in car from Jemaa al Fnaa and only a couple of minutes by car from Bab Doukkala entrance of the medina. Broken bathroom door handles to be honest it was fine and it was comfy enough as well.,3.0,5,Ibis Marrakech Centre Gare,Marrakech,tripadvisor.com,Groupe,positive,neutral
"Staff is very welcoming, friendly. Breakfast buffet is basic. the only complain is lacking a small refrigerator in the room to keep some water other necessary drinks",4.0,4,Ibis Rabat Agdal,Rabat,expedia.com,Groupe,neutral,positive
Toilet was not flushing in the room. The elevator was making lots off noises upon use and made us uncomfortable.,3.0,2,Ibis Fès,Fès,expedia.com,Couple,negative,neutral
The room was not cleaned properly dust on the closet and bed sheets was not changed as there were some stains and they kept it for the entier stay the AC was hot Good things about the hotel is staff is amazing location is wonderful near to the station and beach area. the stuff it's terrible the room it's very poor I booked for 3 people including my daughter they give me two twin bed for all of us no extra pellow anything the breakfast it's zero I don't know why they charge me for it .no fresh food at all the bread it's old the croissant old I never see a hotel like this one it's shame for the money they charge the guest me I didn't finish my stay I booked 3night,1.0,8,Ibis Tanger City Center,Tanger,tripadvisor.com,Famille,negative,negative
From the moment we arrived the staff at the reception was very nice and took care of all our requests. Conveniently located very good breakfast and reasonably priced hotel. Room had a very comfortable bed and nice clean bathroom. Would definitely recommend this hotel because of the staff.,5.0,7,Ibis Marrakech Centre Gare,Marrakech,tripadvisor.com,Couple,positive,positive
New refurbishment downstairs were a bonus really freshened the hotel hotel.breakfast sufficient and a fair assortment. Rooms good bed comfortable sometimes a little noisy at night in street facing rooms Nothing really to complain about reasonable price in good area,4.5,7,Ibis Marrakech Centre Gare,Marrakech,booking.com,Famille,positive,positive
The best location for short stay and very helpful with very friendly staff. The food quality is an average.,4.5,2,Ibis Casa Voyageurs,Casablanca,booking.com,Groupe,positive,positive
Nice staff. The hotel cleanliness.,3.5,2,Ibis Tanger City Center,Tanger,booking.com,Famille,positive,neutral
The staff were nice and welcoming the room was clean and comfy.,4.0,2,Ibis Ouarzazate Centre,Ouarzazate,booking.com,Groupe,positive,positive
Excellent location proximity to train and bus stations and city centre. Polite staff. We had a good time here.,5.0,4,Ibis Marrakech Centre Gare,Marrakech,tripadvisor.com,Couple,positive,positive
Comfortable stay just outside Casa Voyeur train station. Walk to hotel. Restaurants in train station. Easy access to city centre by taxi. Booked this hotel for our onward train journey to Tangier,4.0,5,Ibis Casa Voyageurs,Casablanca,expedia.com,Groupe,positive,positive
We chose this proper hotel after 1.1 month of traveling in Morocco and to prepare us before going back to Europe. This hotel is primarily catering for business people. The location is outside the city there are tram and train station nearby. The person in front of us is a gentleman wearing suit and he was welcomed with a smile and smile all throughout. We have booked a double room when we asked the guy he said its a twin room. I kindly requested a double room The bed is comfortable and its clean. There can be some noise from the train station The thermostat is not working as always in most hotels. There are many cafes coffee shops and a mall nearby. We just didnt like the sudden change of hospitality to us just because on how we looked like and why the staff in front desk had questioned us on wanting 1 bed,3.0,14,Ibis Casa Voyageurs,Casablanca,tripadvisor.com,Couple,neutral,neutral
Perfect for a stay!,5.0,1,Ibis Casablanca Nearshore,Casablanca,expedia.com,,positive,positive
Location Staff and lift Location Lift and staff,2.5,2,Ibis Fès,Fès,booking.com,Famille,neutral,negative
"Simply turn right when leaving the train station. No need for taxi! Wonderful that there is a pool, Fruit trees surround pool area. Location so o o o good. Right across street catch the alsa bus 66 Room very basic and small - hard to get english TV channels. Breakfast buffet good variety and worth 65MAD.",4.0,8,Ibis Marrakech Centre Gare,Marrakech,expedia.com,Groupe,neutral,positive
This was your basic budget Ibis the staff was friendly the dinner buffet decent and the bar area was nice too. Rooms were average. Lots of business and budget travelers.,3.0,5,Ibis Ouarzazate Centre,Ouarzazate,tripadvisor.com,Groupe,neutral,neutral
and location as well,2.5,1,Ibis Marrakech Palmeraie,Marrakech,booking.com,Groupe,neutral,negative
this is a basic hotel chain which is of good quality for money. wifi work well and the room are roomy and clean. Breakfast is not included Next to the train station in Tangier beds are very hard there are no extra pillows The exterior of the building was nice and the location of it from the beach was a bonus.,3.0,7,Ibis Tanger City Center,Tanger,booking.com,Couple,positive,neutral
Around the corner Casa port station-train service to airport Door to door with Novotel hotel price is 50 less Internet was free in rooms and very fast.,4.0,4,Ibis Casablanca City Center,Casablanca,expedia.com,,neutral,positive
Well breakfast was not up to the standard and my advice to Ibis management is that they should do a surprise visit and find out yourself. shower bathroom get flooded every time receptionist gets rude when we report and they were not helpful. Please ask Ibis management team to make a surprise visit before its gets too late.,0.5,4,Ibis Marrakech Palmeraie,Marrakech,booking.com,Couple,neutral,negative
and the bathroom was very clean. Check-in staff was quite curt and dismissive whenever we went up to them.,2.5,2,Ibis Casablanca City Center,Casablanca,booking.com,Couple,positive,negative
The location is ideal because it is close to the train station. in terms of location it would make sense to stay in center of Casablanca to visit tourist sites in the city. The room was good the bathroom was nice. The restaurant was also very good! Delicious food and a great breakfast. The staff were super helpful and really friendly. We would recommend this hotel for someone staying one night and perhaps needing to take a train somewhere the next day. Just close to the railway station. Very convenient to catch the train. Hotel is in good condition. Nice geset room. Staff is well trained. Meet Accor's service standard. Good hotel. Very convenient location next to main train station. Easy to get to from airport to city center and also to catch the train to Fez Currently train station is under renovation.,4.0,18,Ibis Casa Voyageurs,Casablanca,tripadvisor.com,Famille,positive,positive
Honestly the most terribly hotel experience I have had for a long people like this should work in the hospitality business. The hotel is cheap so I didnt expect much that doesnt excuse downright hostile behaviour from the staff.,1.0,4,Ibis Ouarzazate Centre,Ouarzazate,expedia.com,Solo,positive,negative
Its very convenient and close to tourist visit place inside its clean and tidy No,4.0,2,Ibis Ouarzazate Centre,Ouarzazate,booking.com,Groupe,positive,positive
"The first thing I noticed when I entered the room was that the floor carpet had stains and it was wet. Then we noticed that sheets on our bed was wet as well. They told us to go to the other room and take sheets from there. Overall, the room wasn't clean at all. They have a nice looking pool outside, after I saw the rooms and how dirty they are...I wasn't feeling like going for the swim in it.",1.0,6,Ibis Fès,Fès,tripadvisor.com,Couple,negative,negative
Great location by the train station. Nice place to stay when you arrive to Fez at night. Soup and Tajine at the restaurant was unexpectedly great.,4.0,3,Ibis Fès,Fès,expedia.com,Couple,positive,positive
Great location and friendly staff if u r spending a nite before continuing your journey by train. Take the left turn when coming up from the train station and the hotel is right there. A sign in the train station would be nice.,3.0,4,Ibis Casa Voyageurs,Casablanca,expedia.com,Famille,positive,neutral
The location The bed was dirty,3.5,1,Ibis Casa Voyageurs,Casablanca,booking.com,Solo,negative,neutral
Fantastic location across from the Casa Port NA,5.0,1,Ibis Casablanca City Center,Casablanca,booking.com,Famille,positive,positive
It was really lovely directly in the hotel. The guide was billingual -Eng French-'what was really useful as my girlfriend is French!!!. The meals offered were copious and delicious. Overall prices really convenient. by checking in there you grant yourself an efficent service at a good rate.,5.0,6,Ibis Marrakech Centre Gare,Marrakech,tripadvisor.com,Couple,positive,positive
I begin by saying that the value for money was excellent the rooms were pleasant and clean the staff was courteous and knew how to give good advice on how to move around the area then I liked the bar where I could have a drink during my stay,4.0,4,Ibis Marrakech Centre Gare,Marrakech,tripadvisor.com,,positive,positive
Nice staff good service,5.0,1,Ibis Casa Sidi Maarouf,Casablanca,booking.com,Couple,positive,positive
"The rooms, looking cheap are comfortable and we slept well. The wifi reception is better than many other hotels we stayed at. the food both for the main evening meal is poor quality compared to other Moroccan eateries. There is little choice for breakfast with no healthy muesli",3.0,6,Ibis Ouarzazate Centre,Ouarzazate,tripadvisor.com,Couple,positive,neutral
Dirty bed with somebodys hair. we asked a reception for a guild. Then he took us to a very expensive restaurant we asked for a local restaurant where local Moroccan would eat. 침대가 너무 더러웠고 시트에서 냄새나고 베개를 들어보니 여자 머리카락이 있었음. 모로칸들 가는 로컬 식당 데려달라고 했더니 1인당 3만원 하는 아.무.도 없는 비싼 가게 데려감.,2.0,6,Ibis Fès,Fès,tripadvisor.com,Famille,negative,negative
good for the price all amenities as advertised. Well kept terrace and pool area. Breakfast buffet had sufficient choices Located next to train station with plenty of taxi availability. 5 minute taxi ride to the old medina. Restaurant and housekeeping staff were friendly and helpful. has some good low cost cafes.,4.0,8,Ibis Fès,Fès,expedia.com,Couple,positive,positive
Our hotel is beautiful and your employees are very clean and attentive people The hotel is good we really the service from Malick great and hopefully will come back Your meals the tastiest meal weve tasted all over Morocco Meeting again,5.0,3,Ibis Casablanca Nearshore,Casablanca,tripadvisor.com,Groupe,positive,positive
Hotel in very bad condition very small and very dirty and neglected room with dilapidated furniture and poor hygiene conditions inattentive and helpful staff. Chosen for the location near the train station and because I had trusted the hotel chain that I believed would ensure a minimum of comfort.,1.0,4,Ibis Marrakech Centre Gare,Marrakech,tripadvisor.com,Solo,negative,negative
We had an Excellent experience the hotel is just at the exit of the train station so near the city center. The room was cozy clean and comfortable it was a blessing sitting at night admiring the amazing garden and pool.,5.0,6,Ibis Fès,Fès,tripadvisor.com,Couple,positive,positive
Situated next to Gare de Marrakech you can easily get to it if you are arriving by train. The bus company is next door where you can book a day trip to Essaouira an outdoor pool and a small bar. Rooms are clean and wi-fi is included. We included the optional breakfast when we booked our rooms.,5.0,7,Ibis Marrakech Centre Gare,Marrakech,tripadvisor.com,Famille,neutral,positive
"Nice staff, not enough people at the reception The facility needs to be renovated. Especially the bathrooms. The cleanliness was not the best either.",1.0,4,Ibis Marrakech Centre Gare,Marrakech,booking.com,Groupe,negative,negative
"located within what is claimed to be walking distance from the center (somewhat of a stretch) the hotel is on a major thoroughfare which means that many of the rooms are exposed to loud street noises. Major parts of the hotel need renovation, some parts of the hotel were already undergoing renovation.",2.0,5,Ibis Marrakech Centre Gare,Marrakech,tripadvisor.com,Solo,neutral,negative
hotel is tidy rooms are average size aircon was still on hot opening the window let the noise in from the night club in which was loud and went on into the morning hours. Dinner and breakfast were average and very small and crowded.,3.0,5,Ibis Ouarzazate Centre,Ouarzazate,tripadvisor.com,Couple,positive,neutral
Outside too many bad taxi touts not good. the hotel then helped 1 night overstay ok at a push...NOT a good area place to stay.,1.0,5,Ibis Marrakech Centre Gare,Marrakech,expedia.com,,negative,negative
"ust to express my disappointment regarding Ibis Hotel where I am staying at moment. upon checked in they gave me room which is room is not ready Housekeeping attendant is not done making the bed when i arrive in the room. Secondly, they gave me twin bed and I booked for king bed. Secondly, bathroom is clogged. Receptionist said that they do have as some other guest is using.",1.0,8,Ibis Marrakech Centre Gare,Marrakech,tripadvisor.com,Solo,negative,negative
Staff friendly and helpful has a pool and restaurant which is good for kids and adults relaxing they sell alcohol which can be a bonus other than that rooms unclean Towels ordinary beds average Value for money can find better Location close to train and bus station Would I recommend.,3.0,1,Ibis Marrakech Palmeraie,Marrakech,tripadvisor.com,Couple,positive,neutral
The room was clean and warm. The buffet breakfast was good value. Room service everyday was good. English speaking staff is very helpful. Staff did their job The weather was very cold and there was no heating on in the restaurant until I asked for it to be turned on. There is no laundry service a bar not staffed a coffee house Chipped crockery in the restaurant.,2.5,10,Ibis Fès,Fès,booking.com,Couple,positive,negative
"I visited this hotel It is a wonderful hotel and very nice hospitality and users at the level Hotel overlooking the sea has a wonderful and charming interface Thank you all for the good reception,Thanks",5.0,1,Ibis El Jadida,El Jadida,tripadvisor.com,Affaires,positive,positive
not even water bottles in the room the only positive was that the staff are polite and supportive,2.0,2,Ibis Casa Sidi Maarouf,Casablanca,expedia.com,Affaires,neutral,negative
Great location. Massive pool,5.0,2,Ibis Ouarzazate Centre,Ouarzazate,booking.com,Famille,positive,positive
Cheap hotel budget hotel ....is not an excuse not to provide the basic things in a 3 star hotel i had a meeting to catch ...the excuse they had is towels not received from laundry ...knowing i made a booking already so the room should be ready a then went to eat and i received the most ugly chicken tagine i even seen ...chicken as hard as a rock filled with oily sauce and a bottle of coke the waiter didnt bother to open it provide a glass then asked for laundry at least a table to get my shirt ready for a meeting and of-course they don't have ....and top one is i ordered a cab to go another place for a meeting where i was charged double paid 200 Moroccan dhs for a 10 mns distance which the driver told me if they dont split half half with hotel reception they will never call the driver again ...Anyways ...this is not the standards accord known for and they must pay attention to this behaviours other wise reputation is gone and keep going slow which will reflect badly on the hotels in general and the city in particular and then the taxi driver wont have even 1 person a day to drive even for 5 dhs ......NEVER AGAIN IN THIS HOTEL .,2.0,7,Ibis Marrakech Palmeraie,Marrakech,tripadvisor.com,Affaires,neutral,negative
I stayed in room 903 and the service was amazing. Most of the staff were very friendly especially the room cleaner,5.0,3,Ibis Casablanca City Center,Casablanca,booking.com,Solo,positive,positive
"Excellent location. Great breakfast. Convenient to train station, Rooms Staff New building Location Food could be better No place to get drinking water (only paid options) The location is just perfect for us near to restaurants and shops One of the receptionist wasnt open to answer our questions clearly by telling us that his responsibility of front office is limited by check in check out and we should wait full weekend until Monday to get answered by his boss.",4.0,5,Ibis Casablanca City Center,Casablanca,expedia.com,Groupe,positive,positive
Also the blanket was dirty and we found only one blanket instead 2 for a twin room.,1.0,1,Ibis El Jadida,El Jadida,booking.com,Couple,negative,negative
Room 133 now 12.10 am and cannot sleep due to very very very loud music in bar already complained 2 hours ago to reception and bouncer,1.0,2,Ibis Marrakech Centre Gare,Marrakech,tripadvisor.com,Couple,negative,negative
"The location was very convenient close to everything which made it easy to walk around the city. , the staff were not friendly The food was not good Great location,",3.5,5,Ibis Ouarzazate Centre,Ouarzazate,booking.com,Solo,positive,neutral
Friendly staff Cigarette smell in a non-smoking room. Had to sleep with the window open.,2.5,2,Ibis Casablanca Nearshore,Casablanca,booking.com,Solo,positive,negative
"The hotel is nice and ideally located near the business center. We received a warm welcome from the staff especially Murad at the receptionhe was very friendly and even offered us a complimentary room upgrade Too much noise throughout the day and night. The hotel is located right next to a busy highway, and , the windows are not soundproof.",4.0,8,Ibis Casa Sidi Maarouf,Casablanca,booking.com,Couple,positive,positive
Very nice experience! The hotel is very clean the reception is very professional the rooms are beautiful!. The bar is very nice the restaurant next to the bar there is an unlimited buffet with lots of choices! The hosts are very friendly! I highly recommend this hotel for the location cleanliness and friendliness of the hotel staff!,5.0,8,Ibis Casablanca Nearshore,Casablanca,tripadvisor.com,Solo,positive,positive
"Ibis casa blanca nearshor is a very quiet welcoming setting. The staff is very courteous meal times are very respected. My stay at ibis seems pleasant to me so far. Good location of the ibis casanearshore hotel near the companies and very quiet call center to rest. Very good experience For hotel ibis casa nearshor beautiful location clean rooms varied breakfast I liked the hotel very much place smiling helpful to listen. This is the second time I stayed at this hotel. Beautiful locations clean rooms breakfast top varied thanks to all the team good luck well, '' All great the breakfast second employees arrived around 7:20 and the full service setup was completed until 7:45",5.0,14,Ibis Casablanca Nearshore,Casablanca,tripadvisor.com,Groupe,positive,positive
the Do Not Disturb sign was on the door. The first time we were asleep and the second time I was in the shower. Very unprofessional! The room was also unclean there were large dark stains on the mattress that were visible through the bed sheets.,0.5,5,Ibis Marrakech Centre Gare,Marrakech,booking.com,Couple,negative,negative
Literally steps away from the train station as well as a taxi hub.,4.0,1,Ibis Fès,Fès,expedia.com,,neutral,positive
Contemporary design New furniture Friendly staff Car parking available,4.5,1,Ibis Casa Voyageurs,Casablanca,booking.com,Solo,neutral,positive
"First room was on the first floor air conditioning didn't work second room on second floor was much better. Breakfast very nice, Very nice bar and pool and garden. Staff very nice.",4.0,5,Ibis Oujda,Oujda,tripadvisor.com,Affaires,positive,positive
Great room with great view.,5.0,1,Ibis Casablanca City Center,Casablanca,booking.com,Solo,positive,positive
The ibis is well located next to a mall (has an awesome segafredo coffee shop for breakfast) and train startion for quick access to both travel and food. The rooms are well kept and was cleaned daily. it is located well within the reaches of most of the tourist attractions and its a 20-30 dhiram taxi ride to the jemma al fana if your being lazy. The free wifi is nice and the fact that you can book tours to both quad biking and atlas mountains at reception is great (reasonable prices). Additionally the garden area is nice to sit in and soak some sun,4.0,5,Ibis Marrakech Centre Gare,Marrakech,tripadvisor.com,Groupe,positive,positive
Everything was good staff was friendly at morning we cant sleeping well a late of voices outside ..,4.0,3,Ibis Casablanca City Center,Casablanca,expedia.com,,positive,positive
Very close to the train station quiet and easy to get around from there,4.0,2,Ibis Casa Voyageurs,Casablanca,booking.com,Couple,positive,positive
Réception staff was great,3.5,1,Ibis Mohammedia,Mohammedia,booking.com,Solo,positive,neutral
Good breakfast especially with the traditional meal No air conditioning,4.5,1,Ibis Rabat Agdal,Rabat,booking.com,Couple,positive,positive
Great location in stellar breakfast. Decor is dated in the lobby and bedrooms. This is a very good three-star hotel,4.0,3,Ibis Casablanca City Center,Casablanca,booking.com,Famille,positive,positive
The staff were very nice our room was not clean. just the sheets might have been changed nothing else had been cleaned.,2.0,4,Ibis Rabat Agdal,Rabat,booking.com,Solo,negative,negative
The stay was excellent and the staff was very friendly the receptionist.,5.0,3,Ibis Marrakech Palmeraie,Marrakech,booking.com,Famille,positive,positive
The location is great and calm and the breakfast is good The TV doesnt work Dust in the chair Phone doesnt work,2.5,1,Ibis Casablanca Nearshore,Casablanca,booking.com,Couple,negative,negative
Hotel was very noisy as there is a night club across the street that had music blaring to 3 am and desk could do nothing about it breakfast was cold and very disorganized rooms very small and low water pressure,1.0,1,Ibis Ouarzazate Centre,Ouarzazate,tripadvisor.com,Couple,negative,negative
A great breakfast well-kept room staff always available 247 excellent internet. Overall I had a pleasant stay. Thank you to all hotel staff for your satisfaction.,5.0,6,Ibis Oujda,Oujda,tripadvisor.com,Famille,positive,positive
"We wanted a hotel which was priced reasonably had a pool and one which was not too far from the jemaa el fna. We got two of these - it's an hour walk from the old city. The hotel itself was great - we wanted a twin room and they provided. Our first room smelt terrible The reception staff are very nice, and There is a taxi stand outside the hotel which is convenient - All in all a great hotel especially if you want to visit the new city aswell. You shouldn't pay more than 130 DH to get from the airport to the hotel",4.0,10,Ibis Marrakech Centre Gare,Marrakech,tripadvisor.com,,positive,positive
I've spent a short stay in this hotel The staff were friendly and helpful. They gave me a good room on the third floor with a nice view. It was very nice and very clean. The bathroom was clean too and modern. The food was also good. It was Ramadan Buffet.,5.0,7,Ibis Oujda,Oujda,tripadvisor.com,Affaires,positive,positive
Good people good service verry clean the room .,3.0,1,Ibis Marrakech Palmeraie,Marrakech,booking.com,Famille,positive,neutral
Ibis are budget hotels. The rooms are the same the world over clean and functional. The staff were friendly the breakfast the usual Ibis basic fare,3.0,5,Ibis Ouarzazate Centre,Ouarzazate,tripadvisor.com,Solo,neutral,neutral
"Clean, location, value for money The breakfast had quite limited options. The location the bar and restaurant No fridge in room",4.5,3,Ibis Casa Voyageurs,Casablanca,booking.com,Solo,neutral,positive
Located across the road from Casa Voyageurs station! Bed was very hard,3.5,2,Ibis Casa Voyageurs,Casablanca,booking.com,Couple,neutral,neutral
"Yes, clean and comfortable. Small rooms. They provide small bar of soap and two packets of shampoo body gel. Shower good and roomy. Helpful English speaking front desk staff. EASY walk from Casa Voyageurs Train station. Go out front door of station lobby turn to your left and right in front of you is multi storied hotel with ""Ibis"" written at the top of the building. it is hidden behind temporary construction wall -- walk around the metal wall Ibis is on a very large square with tram line going through it lined with restaurants and money exchange options The buildings on the opposite side of square from Ibis have a small grocery store on the other side facing away from Ibis. I worried about whether I needed advanced purchase of train ticket from the airport --- no during normal non holiday times. If you do know the train you want to take And for longer trips you do get a specific assigned seat in first class.",4.0,15,Ibis Casa Voyageurs,Casablanca,tripadvisor.com,Famille,neutral,positive
I was extremely disappointed the hotel pool was not open The hotel is kind of run down and in need of some renovation. If the pool is not open and the ONLY amenity they have The picture of the pool is the first picture you see on Expedia,3.0,4,Ibis Tanger City Center,Tanger,expedia.com,Solo,negative,neutral
Beautiful hotel with relaxing ambiance and friendly staff. a very kind professional and very helpful employee. This hotel is recommended for families and adults a like. The rooms are comfortable and clean,5.0,5,Ibis Casa Sidi Maarouf,Casablanca,tripadvisor.com,Solo,positive,positive
The location is literally right beside the Case Voyageurs train station which is super convenient to catch a train cabs to move through out the city. The hotel was clean and modern. Fantastic breakfast with all sorts of western and Moroccan delights- honey covered dates pastries and more!,5.0,5,Ibis Casa Voyageurs,Casablanca,expedia.com,Groupe,positive,positive
Convenient location for what we needed. The staff were kind and and helpful. The place was a bit dated and needed a freshen up.,3.0,3,Ibis Marrakech Centre Gare,Marrakech,booking.com,Famille,positive,neutral
Walls are pealing smoke odor very strong and no room to walk around the bed bathroom door does not close TV INOPERABLE AC INOPERABLE,1.0,1,Ibis Marrakech Centre Gare,Marrakech,expedia.com,Couple,negative,negative
It was good It's not 4 star hotel.,4.0,1,Ibis Fès,Fès,booking.com,Couple,positive,positive
Central location. Next to the train station. Not like European Ibis hotels. If you get hungry and want a snack there wont be many options.,3.5,4,Ibis Casablanca City Center,Casablanca,booking.com,Solo,neutral,neutral
Very clean hotel very nice and very friendly staff. Always warm welcoming. Good air conditioning powerful WIFI in the rooms. Breakfast with many food choices restaurant with view on the sea. Nice lobby for work. Very well and professional management. Highly recommended.,5.0,10,Ibis El Jadida,El Jadida,tripadvisor.com,Affaires,positive,positive
I agree with many of the other reviewers that some of the rooms are very dated. They also have a wing near the back of the building with more up to date rooms. The rooms facing the road at the old wing have a lot of room noise and we got woken up throughout the night with the traffic. Overall decent experience at this hotel. the front staff could be more attentive. Cheap room. Perfect for an overnight before moving on. Bedroom was clean bed comfortable. We had a quiet room. Simple breakfast served (bread yogurts) 15 mins approx from the airport and next to train station. Swimming pool and bar. Friendly staff.,3.0,14,Ibis Marrakech Centre Gare,Marrakech,tripadvisor.com,Couple,positive,neutral
and a beautiful place to eat. Rooms have all the basics you can need for a short staying. Breakfast is abundant and has diferent local and international options. We could not use the pool because it is cold (not a big issue Service was fine not as warmer and candid as we had in other places in the region.,4.5,6,Ibis Ouarzazate Centre,Ouarzazate,booking.com,Famille,positive,positive
Good location. Nice looking hotel with garden and swimming pool. Only one towel supplied for a couple no soap door strip to bathroom needs fixing. Could be a great hotel.,3.0,6,Ibis Marrakech Centre Gare,Marrakech,booking.com,Couple,positive,neutral
Good value. Rooms were clean and not too small. Having stayed in riads all week we wanted a hotel for a couple of days. Good value a 10-15 min beach walk to the town centre so you don't need to take a taxi. There is a lovely pool and bar (which is a bonus in a relatively 'dry' town) and the reception staff were most helpful with me for a couple of requests. Another lovely welcoming experience in Morocco . this time with my wife - the excellent service clean room awesome breakfast We enjoyed the bar and restaurant. Best of all is the fact that it is the cool ocean breeze at night with the window open is very relaxing.,5.0,12,Ibis El Jadida,El Jadida,tripadvisor.com,Couple,positive,positive
brilliant pool side and rooms were comfy The bathroom door was broken and no lock,4.0,1,Ibis Marrakech Centre Gare,Marrakech,booking.com,Couple,neutral,positive
just beside the train station. The hotel wasn't clean,2.0,2,Ibis Fès,Fès,booking.com,Couple,neutral,negative
"heat not working shower changes hot and cold water by itself. Towels were dirty. Staff not speaking english. Access card does not work sometime. from Amine The room had a hole in the ceiling This was the only 'chain hotel' of our nine-day Moroccan holiday This hotel Very typically cateres for the French, the 'defense de fumer' during 'le petit dejuner' with few toiletries and a VERY continental breakfast! We asked for a non-smoking double room and got a room with an ashtray outside and ashray insde and two single beds. I asked the manager if the room was definitey a non-smoking room because I could smell smoke whilst the air-con was on. We walked out to the dirty pool",2.0,15,Ibis Meknès,Meknès,expedia.com,,negative,negative
Location ok. Menu choices.,1.0,2,Ibis Ouarzazate Centre,Ouarzazate,booking.com,Couple,positive,negative
The lobby was ok. The staff were very unfriendly specially the person at the reception desk at the arrival. The room was very small and the furniture is very cheap quality and not well maintained. I did not feel it was clean. The bathroom smelled very bad due to the lack of ventilation.,2.0,5,Ibis Casablanca City Center,Casablanca,booking.com,Solo,negative,negative
Great location Breakfast was disappointing room was not clean properly and in the bathroom there was no window,3.0,2,Ibis Casablanca City Center,Casablanca,booking.com,Couple,negative,neutral
I'd rate this as a 3 star hotel as far as comforts go. I chose the IBIS as 25km didn't seem too far from the airport (1hr to get there in the evening and about 45 min the next morning) Fare was 300dirham confirmed by the hotel porter. The hotel closest We were given 2 rooms (for the 4 of us) on the first floor. Room was comfortable with a nice flat screen tv and modern bathroom. The porters were very helpful getting our bags up to the room and also collecting them. We gave them a small tip The breakfast was the usual selection of eggs yoghurt and some white soup (not sure what it was). Coffee delicious as always in Morocco.,3.0,10,Ibis Casablanca City Center,Casablanca,tripadvisor.com,Famille,neutral,neutral
The hotel is fantastic simply the staff is particularly attentive and warm Magisterial and clean rooms splendid and fairytale service nothing to say thank you all the team. Excellent service as usual to all the hotel team,5.0,6,Ibis Oujda,Oujda,tripadvisor.com,Groupe,positive,positive
Good location and the customer service was very good. Is ok for the price. In great location.,4.0,3,Ibis Casablanca City Center,Casablanca,expedia.com,Groupe,positive,positive
I found the hotel quite old and would need a good refurbishment especially concerning the elevator and the rooms Good basic accomodation very convenient for railway station Food in restaurant average quality,3.0,4,Ibis Fès,Fès,booking.com,Solo,neutral,neutral
I enjoyed the breakfast and the neatness of the room. The bathroom was on the smaller size,4.0,2,Ibis Casablanca City Center,Casablanca,booking.com,Solo,positive,positive
"Location, next to the station.",3.5,1,Ibis Marrakech Centre Gare,Marrakech,booking.com,Famille,neutral,neutral
"A modern hotel in a very old city. The position is good because it is close to rail station. Btw, guys in hotel almost friendly.",3.5,3,Ibis Fès,Fès,booking.com,Solo,positive,neutral
Not good. Room smelled musty. Pool area was grim.,2.0,3,Ibis Tanger City Center,Tanger,expedia.com,Famille,negative,negative
"Space, breakfast, staff and how close to the town Should have kettle and cup for coffee",5.0,1,Ibis Meknès,Meknès,booking.com,Famille,neutral,positive
Nice staff quite clean good price-benefit balance I cant complain for 40 euronight . Really rude staff and back talking about me thinking that I dont know Arabic . Good thing is good shower and easy access for transport Accessibility for travel,4.0,6,Ibis Marrakech Centre Gare,Marrakech,expedia.com,Solo,positive,positive
Nothing Very small room and bathroom very small when take shower the water go out of bathroom and there is anyway to stop it,1.5,2,Ibis Tanger City Center,Tanger,booking.com,Famille,neutral,negative
Great hotel the money friendly staff clean room None,4.0,2,Ibis Fès,Fès,booking.com,Groupe,positive,positive
"Good location between old and new city. Clean room, poor and expensive breakfast.",4.0,3,Ibis Meknès,Meknès,expedia.com,Couple,positive,positive
Nice location and usual budget hotel services The parking always busy,4.5,1,Ibis Casablanca City Center,Casablanca,booking.com,Solo,positive,positive
Im staying in thos hotel for a week its a perfect area in this beautiful city . Room are arranged. Youcan have a nice and delicious food in the Restaurant who services is also good . The half part of the hotel is renoved and in a new state. Nice pool for sweeming that who cant find in all ibis hotels .,5.0,5,Ibis Marrakech Centre Gare,Marrakech,tripadvisor.com,Groupe,positive,positive
It is just behind the railway station And the staff is friendly. Now the issues- the rooms are very small and basic. The bathroom door handles were broken and there was no lock in that So one can hear the traffic all night. The light in the room is very less. The bathroom only have two medium size towels There was no telephone in the room and no room service.,1.0,8,Ibis Marrakech Centre Gare,Marrakech,tripadvisor.com,Solo,neutral,negative
Location was good. Staff was very professional and friendly. Not for ppl who wants very luxurios room-thats why its the cheap price :) Room was okei for us. I want to say only good words to staff - breakfast room specially - you do your job very well and professionally - I dont smoke so i dont like when someone is smoking inside - thats only thing :) Great location friendly staff and very clean.,5.0,6,Ibis Marrakech Centre Gare,Marrakech,booking.com,Couple,positive,positive
Room is good. Toilet items may be given.,2.0,2,Ibis Casablanca City Center,Casablanca,booking.com,Solo,positive,negative
It was so good to finish our driving and come in to a clean welcoming place to rest and get ready for appointments the next day. The room was comfortable and nice. I wish that breakfast was included in the price of the room. It was a little bit expensive for us so we went out and found a cafe.,4.5,4,Ibis Oujda,Oujda,booking.com,Groupe,positive,positive
Staff were exceptionally friendly efficient and helpful. the hotel wasnt busy. Great location in the centre of town and v near airport. Very dated and the facilities are tired. The pool area was dirty the beds broken the towels dirty. Poolside food is expensive. breaded items and coffee for hygiene reasons. The rooms were dirty and the showers were pretty mouldy. its cheap.,2.0,12,Ibis Ouarzazate Centre,Ouarzazate,booking.com,Famille,positive,negative
Location Stuff it was near to the train station and the beach and easy to ride a taxi from there no coffee machine no water pipe (shatafa) in the bathroom the price is higher than normal for this type of room the room is to small the room furniture is old and looks used for me I'll try not book it again,2.0,2,Ibis Tanger City Center,Tanger,booking.com,Couple,neutral,negative
"Stayed at the overbooked Ibis-Fez which is located close to the railway station. The property boasts nice features eg the Moorish pool art deco architecture. , the courtesy and service attutude of the front desk leaves much to be desired in this lovely country. Rooms are comfortable and clean. There is a problem with the wifi -",2.0,6,Ibis Fès,Fès,tripadvisor.com,Groupe,positive,negative
Excellent service comfortable room fantastic breakfast buffet being literally right next to the Casa Voyageur train station. We stayed here for 1 night on our way to Tangier and were pleasantly surprised. We didn't expect the level of quality and service for 55 per night. We've been paying a lot more for a lot less quality. We had a problem with the shower leaking all over the floor and carpet. I just got in the shower and turned the water on enjoying my first perfect temperature shower in a week and failed to notice that there was no barrier to keep the water inside the shower. Everyone was friendly,5.0,11,Ibis Casa Voyageurs,Casablanca,tripadvisor.com,Couple,positive,positive
The location Hygiene,2.0,1,Ibis Fès,Fès,booking.com,Groupe,neutral,negative
I would love to thank to staff for being nice friendly and helplfull ( Alia oh and the pankcakes ( beghrir) was the best,5.0,2,Ibis Casablanca City Center,Casablanca,tripadvisor.com,Famille,positive,positive
Always impeccable service Thank you Ghizlane Dembélé Junior for your professionalism and warm welcome to Ibis,5.0,1,Ibis Mohammedia,Mohammedia,tripadvisor.com,Affaires,positive,positive
Nothing We booked for a big room and the view on swimming pool suddenly we got surprised by giving us a very small room not a clean one and the view on parking and they told us we can change second day,0.5,2,Ibis Marrakech Centre Gare,Marrakech,booking.com,Couple,neutral,negative
Great location the staff is very helpful and available. house keeping should work hard to be more clean than that.,4.0,3,Ibis Casablanca City Center,Casablanca,booking.com,Solo,positive,positive
helpful staff especially Tariq. thanks to all the staff to be honest who made our stay pleasant and helped us got to k is the area. rooms were clean and thanks for early check in and excellent cleaning staff. the price we paid was well worth it and we got a complimentary breakfast as we booked a couple of tours from the local tour guide who came to the hotel. great breakfast and lived the room view. Very good overall. Great location and when having breakfast youll be accompanied by a super cute and friendly hotel cat. We really enjoyed our stay. Staff could be a tiny bit more attentive to detail and be present in areas where the guests are.,5.0,9,Ibis Ouarzazate Centre,Ouarzazate,booking.com,Couple,positive,positive
"Friendly staff. Decent choice for breakfast. Clean,tidy and comfortable. Need more guest irons and a communal tea coffee making facility.",4.0,4,Ibis Fès,Fès,tripadvisor.com,Couple,positive,positive
great location friendly staff hot showers modern facility. If youre taking an early flight note the earliest train gets you to the airport at 6:20am otherwise its 300dh to the airport in a taxi. They say breakfast service starts at 4,5.0,6,Ibis Casa Voyageurs,Casablanca,expedia.com,,positive,positive
rooms were not clean,2.0,1,Ibis Marrakech Centre Gare,Marrakech,booking.com,Famille,negative,negative
Location Bad service wait for more 45 min to check-in at 3:50 pm Dirty room especially bathroom Bad breakfast Not enough parking space Very limited number of tv channels... And others..,0.5,2,Ibis El Jadida,El Jadida,booking.com,Solo,negative,negative
Not so clean the cheap price that you pay is what you get.,2.0,2,Ibis Marrakech Palmeraie,Marrakech,expedia.com,Couple,negative,negative
Staff was helpful,3.5,1,Ibis Mohammedia,Mohammedia,booking.com,Solo,positive,neutral
The reviews have it right - only good criterion is that it is next to the station. Cramped and not clean.,2.0,2,Ibis Casa Voyageurs,Casablanca,expedia.com,Famille,positive,negative
We stayed at the Ibis Moussafir Ouarzazate Our hotel the previous two nights were in an upscale Kasbah-style The hotel has a dramatic entry in keeping with this movie and film location town. There are comfortable sitting areas in the lobby. The smaller dining room also is off of the lobby area. Probably the most incredible feature of the hotel is the pool. The WiFi was superior. there is not much to see in the immediate vicinity. The rooms are small and a little tight The beds are very comfortable. The bathroom lighting is bright there were no tissues and two small pieces of soap and two small shampooconditioner packets. Water temperature and pressure were comfortable. The dinner and breakfast buffets were simple and adequate. Dinner tajines were available. Ibis Suites and a budget category. Hotel is walking distance to town center. Room was a bit small Good WIFI in the room. Good dinner buffet with tender beef and great dessert items. Breakfast buffet was just fine. Bar staff was very helpful.,3.0,22,Ibis Ouarzazate Centre,Ouarzazate,tripadvisor.com,Groupe,positive,neutral
Yes its budget as all similar hotels in the chain it has a familiarity which is comforting. Simple rooms and simple format hotel delivering comfort in a nice setting. Great shower and excellent WIFI,3.0,4,Ibis Ouarzazate Centre,Ouarzazate,tripadvisor.com,Affaires,positive,neutral
i hv been to cheaper places apparently this hotel differs. its the most basic hotel ( which is not exactly cheap either ) that offers nothing in the room shower facilities and see thru towels....yup perhaps pamper yrself n go elsewhere...even hot water is hard to get and the restaurant opens at certain times only....not mentioning the cold stare i got from the hotel staffs...,3.0,5,Ibis Casablanca City Center,Casablanca,tripadvisor.com,Famille,neutral,neutral
Close to train station. Convenient location.,3.0,2,Ibis Fès,Fès,expedia.com,Famille,neutral,neutral
very comfortable hotel near train station hear no noise .,5.0,3,Ibis Fès,Fès,expedia.com,Groupe,positive,positive
"I really was looking for the neighbor hotel... Rooms much too small All you pay for is a room with a bed and a bathroom. No fridges nor ice machines one soap bar no kettle nor coffee machine.... for basically the same price as the other hotels in the area. Clean room, Perfect location by the train station (thus the 3 stars..) Check in was quite painful.",3.0,8,Ibis Casablanca City Center,Casablanca,tripadvisor.com,Famille,neutral,neutral
Comfortale rooms good location and great swimming pool. Good parking The staffing at front desk needs to be fixed. When groups arrive to check in it is an embarassment to have to wait 20 minutes....,3.5,4,Ibis Ouarzazate Centre,Ouarzazate,booking.com,Groupe,neutral,neutral
solo female Everything from smell in lobby to smelly rooms broken washroom and the worst linen bed sheets i ever seen,0.5,2,Ibis Casablanca City Center,Casablanca,booking.com,Couple,neutral,negative
The only good thing that is close to the station the personal wasnt friendly with minimum face expressions the hotel room didnt have a face towel only 2 very worn out small towels that supposed to be for shower.. the bed wasnt clean and still had some stains.,2.0,3,Ibis Casa Voyageurs,Casablanca,booking.com,Couple,negative,negative
International Chain and one would atleast expected the staff to speak some english. Rooms weren't cleaned to standard,2.0,2,Ibis El Jadida,El Jadida,expedia.com,,neutral,negative
Excellent lunch buffet if you are in the area of casa near shore mostly salads also have good daily dish quite rich Also very friendly staff and good service...just to many issues,4.0,2,Ibis Casablanca Nearshore,Casablanca,tripadvisor.com,Affaires,positive,positive
.rooms were clean and breakfast is decent with a limited spread . When asked for help the man at the reception bluntly told me that ibis is 3 star hotel and not to expect such facilities here,2.0,3,Ibis Casablanca City Center,Casablanca,booking.com,Solo,neutral,negative
Very convenient for people travelling by rail since the hotel is right next to the main rail station Casablanca Breakfast felt bit too simple,4.0,1,Ibis Casa Voyageurs,Casablanca,booking.com,Couple,positive,positive
The staff is extremly friendly and helpful. I dont think the hotel conditions especially the rooms fit in the 3 star category.,3.0,2,Ibis Tanger City Center,Tanger,expedia.com,Famille,positive,neutral
Stayed here for two nights recently. not what you want when you've been travelling since 230am.The rooms seem very much in need of refurbishment and redecorating which is surprising for an Ibis. At first the reception staff seemed quite impolite and uninterested. The location is good right next to the train station with plenty of restaurants around. Breakfast was reasonable it seems to be held in a lounge area.,3.0,7,Ibis Marrakech Centre Gare,Marrakech,tripadvisor.com,Solo,positive,neutral
nothing as used to be not clean staff not professional no towels soap very thin pillows breakfast very poor its just a waste of money,2.0,3,Ibis Marrakech Centre Gare,Marrakech,booking.com,Couple,negative,negative
Near to the city centre area and walking distance to the malls. The service was good the staff waa nice. Breakfast was average good. a cattle to drink hot water like in asia that always have in every hotels room.,4.0,5,Ibis Tanger City Center,Tanger,tripadvisor.com,Famille,positive,positive
"Great location not a pleasant experience for me. My room was not cleaned my 2nd day there. Returned to room at 8 pm to find it the way I left it that morning. Yassin, at the front desk insinuated that maybe I had left a sign outside the door not to clean the room. I requested to be moved to another room and his solution was to offer clean towels I was offered room 121 Room not renovated soiled carpet he suddenly found me an upgraded room If a hotel fails in its responsibility to its customer You do not make it right by 1) lying and 2) offering a substandard room as an option.",2.0,13,Ibis Marrakech Centre Gare,Marrakech,tripadvisor.com,Solo,neutral,negative
Reception staff and parking attendants always helpful and pleasant Housekeeping very poor No drinking glasses in both rooms we booked No soap for hand washing in room 220 The bad housekeeping in this hotel lets this hotel down It is really near to train station and in centre of market for business people Rooms are too small for twin bed sharing.,4.0,2,Ibis Casa Voyageurs,Casablanca,booking.com,Couple,negative,positive
There are no water bottles electric kettle basic stuff in the rooms Its location is excellent The upkeep of the hotel. Basic facilities like water bottle bathroom kits are missing . Rooms are too small The breakfast was above average. We had buffet dinner one evening which was disappointing. The air conditioning was temperamental. Attitude of staff could have been more pleasant. Location centrally located which is great. easy access around There was no water in the room atleast when somebody checks in you could keep 2 bottles of water. Breakfast was avg.,3.0,12,Ibis Casablanca City Center,Casablanca,booking.com,Famille,neutral,neutral
from one country to another The breakfasts are exceptional.,4.0,2,Ibis Casablanca City Center,Casablanca,tripadvisor.com,Solo,neutral,positive
We went on a tour group which had done great on hotel class of and until we got this one! I will expand on this drastic rating from the time we checked in:1) Tiny elevator at most can fit 4 people WITHOUT luggage. 2) Small rooms with 2 cots because you can't call them twin beds!3)Dirty sheets and carpets. 4) Tiny bathroom like the old cruise ships. 5) No mini bar let alone refrigerator to at LEAST cool the two SMALL waters they give you. 6) Of course no room safe either. The only good thing I can see so far is decent shower pressure and good wifi connection in rooms and lobby.,1.0,7,Ibis Ouarzazate Centre,Ouarzazate,tripadvisor.com,Couple,neutral,negative
Room is small. As well as the bathroom. The bathroom is the same as well. Breakfast could use more options. Hotel is near by the train station coffee in rooms,3.0,6,Ibis Casa Voyageurs,Casablanca,expedia.com,Famille,neutral,neutral
The staff at the recaption wher extent The staff,4.0,1,Ibis Tanger City Center,Tanger,booking.com,Groupe,neutral,positive
The staff was excellent,5.0,1,Ibis Marrakech Centre Gare,Marrakech,booking.com,Couple,positive,positive
The rooms where small.light in the bathroom was flickering the whole stay.,4.0,1,Ibis Tanger City Center,Tanger,expedia.com,Affaires,negative,positive
The staff were so nice good wifi and breakfast great location i highly recommend Just the cards for the room stopped working from time to time and had to go again to reactivate it idk if the AC wasnt working,5.0,3,Ibis Rabat Agdal,Rabat,booking.com,Couple,positive,positive
very bad hotel very unpleasant staff,0.5,2,Ibis Tanger City Center,Tanger,booking.com,Solo,negative,negative
"Nice hotel good location and polite employees. Unfortunatly the rooms are of poor quality and do not give in to the pictures shown on the internet. Also there is NO free parking space available (like is shown on the Ibis website) you have to park on the sidewalk between the train station and hotel where you pay (20 Dirhams) to a normal person to ""watch"" your car Overall it is sufficient for a night",3.0,6,Ibis Marrakech Centre Gare,Marrakech,tripadvisor.com,Famille,neutral,neutral
Location Communicating with Staff in English was difficult for us,4.0,1,Ibis Casablanca City Center,Casablanca,booking.com,Famille,negative,positive
"Ibis Marrakech: chose this hotel due to proximity to train station. Here is my take on this hotel. Location: fantastic next to train station and next door to CTM bus station. Room: standard Ibis room, compact clean, nice comfortable king bed with tiny pillows (compared to ibis Casa Voyger Fez). Noise insulation is good did not hear any music noise. I requested for a quiet room AC worked not very well I think they preset the temp centrally. So room was a bit warm especially in afternoon when outside temp was 43C. Bathroom: standard Ibis, no hairdryer stand up shower. Breakfast: didnt try. Reception folks were friendly Hotel is ok. Only thing I noted is the carpets on level 3 corridor was dirty it just needs a good cleaning job. There are several restaurants across the road and also tiny grocery shops where you get your drinks etc. Farkous restaurant across the road is quite popular one. Good price value ratio.",4.0,22,Ibis Marrakech Centre Gare,Marrakech,tripadvisor.com,Solo,neutral,positive
Good treatment at reception. Change room The room is disgusting.,3.0,2,Ibis Abdelmoumen Casa,Casablanca,booking.com,Solo,positive,neutral
A very convenient place as it is near the central train station. It has many amenities around that are walkable. The staff at the hotel are very caring and take care of you well. All good,4.0,4,Ibis Marrakech Centre Gare,Marrakech,expedia.com,Solo,positive,positive
Ill list the hotels we stayed at as this differed from those given by Cosmos at the time of booking: Marrakech Opera Plaza Hotel Casablanca Ibis City Center Fez Zalagh Parc Palace Ouarzazate Ibis Moussafir finally returning to the Opera Plaza hotel in Marrakech. This is a typical Ibis hotel. It was clean and friendly and had a decent location. The bedroom and bathroom are compact. The bedroom was more cramped than had been planned as our room was designed to take a standard double bed and two single beds had been squeezed into the space. A good foot of the width of my bed at the head was squashed under the bedside table and six inches of my partners bed. There was only one thin pillow on each bed and there were no extras in the clothing store. You only get one bath towel each (no hand towels) this was more than sufficient for a one night stay. This hotel does have a swimming pool and it looks very attractive Both dinner and breakfast were more than acceptable.,4.0,15,Ibis Ouarzazate Centre,Ouarzazate,tripadvisor.com,Couple,neutral,positive
Pool was great and location was perfect. Nice restaurants were only a 5 minute walk away. Air conditioning was very weak even on max cold.,3.5,4,Ibis Ouarzazate Centre,Ouarzazate,booking.com,Groupe,positive,neutral
The only good thing about the property is the poolside. the rooms are so damn old and needs renovation the bathrooms are so small the water leaks out to the room the staff at night where very unprofessional! I stayed for 3 nights in this hotel and for that 3 day nights the air conditioning was not working even the fan . Every day hotel team reply it will be ready by today and it doesnt happen ibis made my Marrakech stay a night mare,1.0,7,Ibis Marrakech Palmeraie,Marrakech,booking.com,Groupe,negative,negative
is placed near the railway station. The staff is friendly and helpful. The rooms are clean and the conditioning inside was good (I visited Oujda mid of January). The restaurant is ok. All in all a good place for a couple of nights in a business trip,4.0,4,Ibis Oujda,Oujda,tripadvisor.com,Affaires,positive,positive
Location was average good - No water in the room. - No boiler in the room. - No coffeetea in the room. - No safe Box in the room. - No smoking room available. - No mini-refrigerator in the room. - No luggage stand in the room. - Umpty soap dispenser. - Night room service unavailable. - Poor breakfast. - Poor menu in the restaurant for dinner,1.0,11,Ibis Casablanca City Center,Casablanca,booking.com,Solo,negative,negative
When compared to its sisters is shabby and in need of a face lift. Food basic WIFI good and free. Staff excellent. Very convenient next to railway station. Come on management let's spend some effort refreshing this tired hotel!,3.0,6,Ibis Oujda,Oujda,tripadvisor.com,Affaires,positive,neutral
Room was nice clean Reception also very friendly and good service Beautiful experience during my stay at the ibis Mohammedia a beautiful hotel to visit beautiful and clean room comfortable bedding Helpful and attentive staff and a very nice working atmosphere Good location very friendly staff clean and well maintained hotel the room is impeccably prepared very clean comfortable bedding very good value for money Great reception thanks to ghizlane for the welcoming Warm welcome. Room perfectly made and clean. Bravo to the maids,5.0,18,Ibis Mohammedia,Mohammedia,tripadvisor.com,Affaires,positive,positive
Good beach front location. Staff very helpful. Breakfast is mediocre. I have not tried the restaurant and am cautious based on other review there are surprisingly few restaurant options in El Jadida - many coffee an tea shops few serve food.,3.0,6,Ibis El Jadida,El Jadida,tripadvisor.com,Affaires,negative,neutral
Ideally located right by the Medina and to the train station. Cleanliness is really poor and rooms tiny. If you are on a budget and do not mind being in a dirty place,1.0,3,Ibis Casablanca City Center,Casablanca,tripadvisor.com,Couple,positive,negative
Lovely hotel couldn't ask for more. Lovely breakfast and rooms are clean and tidy. The pool is fab. Also a snack bar and terrace. All staff are very friendly. Food is also lovely.,5.0,6,Ibis Marrakech Centre Gare,Marrakech,tripadvisor.com,Famille,positive,positive
good clean 3star hotel rooms were clean just lacked a fridge in room,3.0,1,Ibis Marrakech Palmeraie,Marrakech,tripadvisor.com,Couple,negative,neutral
"Staff was always very friendly The close proximity to the train station is very convenient. The staff is very friendky I loved the view from the room Liked the room, small Dinner was great the pasta is very food. it was good.",5.0,8,Ibis Casablanca City Center,Casablanca,expedia.com,Famille,positive,positive
"When you haven't got the facility This hotel was just that. Lovely iight rooms friendly and helpful staff and a good breakfast. An absolute blessing after the appalling hotels I had been subjected to on the tour. I was very impressed with the rapid assistance I got when I reported a problem with my shower which had been damaged by a previous guest. a very helpful and friendly member of the staff the shower was repaired within an hour. If you are arriving by train this hotel is perfectly located. It is also not far from the airport. It is a bit away from the tourist attractions I use the regular hop on hop off tour bus as a form of public transport when in Morocco - your can get on and off for two days at most of the important places - and there is a stop not far from the hotel. A taxi might be better value for a group It is a modern hotel and many visitors prefer to stay in more traditional riads, the rooms are good the service is mostly good access to transport is good and it has the extra amenity of a garden and pool. There are also a number of nearby restaurants and cafés. The hotel needs to look at his attitude. The service quality makes this hotel so fantastic! Thanks to Amine who always offers outstanding service at the bar and at the restaurant and welcomes guests with a genuine smile! And to Yassim - at reception - for his patience and helpful suggestions. Room for improvement? The breakfast could have more options I'm aware that most hotels don't turn the AC ""on"" during the Moroccan winter foreigners still find it hot and stuffy",4.0,27,Ibis Marrakech Centre Gare,Marrakech,tripadvisor.com,Solo,positive,positive
"Very well located for both bus station and port rail station for train to airport. Staff were unwelcoming at check in. Then at breakfast staff were rude and aggressive because I hadn't booked breakfast,",2.5,3,Ibis Casablanca City Center,Casablanca,booking.com,Solo,negative,negative
staff are not hospitable Restaurant staff are rude and ignorant and would do anything to NOT please you so I left them behind and went out to a local eatery. and when I turned the shower on as I will be booking with another property.,2.0,5,Ibis Tanger City Center,Tanger,expedia.com,Affaires,neutral,negative
Bad sewer smell oozing from bathroom. Best thing is the shower with hot water and Grohe Tap. Towels are thread bare.,3.0,3,Ibis Marrakech Centre Gare,Marrakech,expedia.com,Groupe,negative,neutral
Typical chain hotel with friendly service.,4.0,1,Ibis Ouarzazate Centre,Ouarzazate,booking.com,Famille,positive,positive
Disgraceful customer service. I wonder if I should change my business bookings with this hotel group???,1.0,2,Ibis Marrakech Centre Gare,Marrakech,tripadvisor.com,Affaires,negative,negative
This place is just for a night rooms are very small and need paint Very close to the train station. The quietest of the five hotels in Morocco that I have stayed in. garden view clean room The staff was very friendly The swimming pool was awesome,5.0,6,Ibis Fès,Fès,expedia.com,Couple,positive,positive
"On our way south we stayed at the Mercure (same hotel group and located next door) also has complimentary wifi you can use the nicer Mercure bar next door. The rooms are small, clean and perfectly adequate. There is a nice pool area (it was too cold for us, would be great in summer) and basic restaurant. From what we saw (we looked at several hotels in town) it is probably the best option around at a reasonable price point.",4.0,9,Ibis Ouarzazate Centre,Ouarzazate,tripadvisor.com,Couple,positive,positive
Good location only Staff are rouse specially person on duty 13 night Towels are dam old and torn Customer experience get below average Due to un professional people brand value will go down,0.5,1,Ibis Casa Voyageurs,Casablanca,booking.com,Famille,negative,negative
My room had no towels toilet paper and the entry door lock didnt work properly. Staff brought me a bath mat to use in place of a towel. No WiFi I couldnt work because of that and I spent the day working in cafe out of the hotel and room not good and food wasnt great,1.0,5,Ibis Marrakech Centre Gare,Marrakech,expedia.com,Solo,negative,negative
our guide said that the rooms are small and very minimalistic and that's what we expected he also said that the hotel is clean. Well yes the rooms are small and yes they had no toiletries shampoo that was open from the previous guest and no hairdryer which we expected. the hotel was to say in nice words not clean. We took pictures of the bathroom that showed hair of previous guestguests on the toilet. Tissue paper on the floor an a moldy bathroom door. This is sub par to any hotel. The walls next to the bed were stained with what's seemed to be hand prints.,2.0,10,Ibis Ouarzazate Centre,Ouarzazate,tripadvisor.com,Couple,negative,negative
No fuss hotel. Cheap and serves its purpose. Someone came to our seats and told us that he is the hotel manager (I saw him at the lobby that morning) 200 Dirhams. He said that is only for one room 200 Dirhams.,2.0,6,Ibis Marrakech Centre Gare,Marrakech,tripadvisor.com,Groupe,neutral,negative
.service catering top. Chambers: 55 Service: 55 Location: 55 Chambers Very clean Activities nearby City centre tram Security All right. It was touching and exceptional Thanks to the team Food and drink Menu varies Well interior designed clean and well located Nothing,5.0,4,Ibis Abdelmoumen Casa,Casablanca,tripadvisor.com,Solo,positive,positive
"We had one night in this hotel after returning from a four-day trip to Essauoira where we stayed in the wonderful Riad Mimouna. we were staying in the delightful Dar Anika so this hotel was back to basics. I have no complaints about the hotel The only thing I do have to say about the hotel that might be deemed negative is its location. It is wonderfully situated for the train and Supratours bus to and from Essaouira, it is on a main road and therefore very noisy. The only telltale signs where pink buildings and the 39-degree heat! We didnt have an evening meal opted instead for the panini which was great complete with fries and salad.",3.0,9,Ibis Marrakech Centre Gare,Marrakech,tripadvisor.com,Affaires,positive,neutral
Excellent location right next to the train station and Supratours bus station. Ask if you can for a room at the back as rooms overlooking the street are a little noisy. Location proximity to work and other services No drinking water boiling jug in the room Next to the train station.,4.0,7,Ibis Marrakech Centre Gare,Marrakech,booking.com,Famille,neutral,positive
"The front desk was very helpful The hotel is a dump. There were no amenities in the room, water, safe, etc.",1.0,2,Ibis Tanger City Center,Tanger,booking.com,Couple,positive,negative
The receptionist Douae was very friendly and very helpful throughout my stay there . The room service schedule was too short,4.5,2,Ibis Mohammedia,Mohammedia,booking.com,Couple,positive,positive
"Its not a Hilton nor a 4Seasons, the rooms clean Of course some parts of the hotel need some attention maybe the decor is a little tired overall it doesnt really detract from the experience. Its not bad, One thing you cant fault is the service. professional and welcoming. There was another young guy in the hotel bar who spoke perfect English and he too was very professional and polite. Overall everyone working there give great service that cannot be faulted, and a few cosmetic issues with the fabric of the hotel (and there are really only minor) it was overall a good time spent there and represents good value. Really cant fault service its very good. Service 1010 Decor 710 Room 810 Bathroom 710 Bar 910 - Overall 810",4.0,14,Ibis Marrakech Centre Gare,Marrakech,tripadvisor.com,Couple,positive,positive
I had a 3 nights 4 days stay in this Hotel it's near the Mall the beach and the Train Station. loved the stay there and if someone is visiting Tangier with limited budget you can book there The staff are helpful and Friendly.,4.0,5,Ibis Tanger City Center,Tanger,tripadvisor.com,Groupe,positive,positive
Located beside the ONCF train station. Room was very small and hard bed. Take petite taxis and meter on is about 18 dirhams to Medina. Hotel was clean and served its purpose. One night. Good hotel and location Accessibility rooms for disabled need revamping.,3.0,7,Ibis Tanger City Center,Tanger,tripadvisor.com,Couple,neutral,neutral
I had a great time with you. The welcome was warm and the staff very professional. The service is impeccable the place clean and pleasant A very nice experience that I recommend without hesitation.,5.0,5,Ibis El Jadida,El Jadida,tripadvisor.com,Famille,positive,positive
"Clean, no frills room. Parking and wifi included. Pool areas was beautiful it was to cold to go swimming. not enough parking spots Perfect for 1 night stay",4.0,5,Ibis Ouarzazate Centre,Ouarzazate,tripadvisor.com,Couple,negative,positive
Good basic hotel with very kind staff- about 20 min walk from train station,4.0,1,Ibis Meknès,Meknès,expedia.com,Couple,positive,positive
The hotel is a typical model of others hotel in the Accor Chain. Good food nice view... we found few cookraoches in the room and that was not up to the Ibis standard. Probably you should think about the location of your room there and definitely avoid the room immediately above the kitchen bacause that where we were. Overall not too bad place to stay especially if you are traveling by train supratour bus.,3.0,7,Ibis Marrakech Centre Gare,Marrakech,tripadvisor.com,Groupe,neutral,neutral
Clean room and well located hotel thank you very much to ghizlane for its warm welcome I had a great time at ibis mohammedia Many thanks to Ghizlane there receptionist for his kindness and warm welcome I had a nice stay at the ibis mohammedia The room is very clean the bed is comfortable a big thank you to the maid Naima,5.0,6,Ibis Mohammedia,Mohammedia,tripadvisor.com,Solo,positive,positive
Great stay,5.0,1,Ibis Casablanca City Center,Casablanca,expedia.com,,positive,positive
Beautiful hotel clean rooms thank you all and good luck,5.0,2,Ibis Casablanca Nearshore,Casablanca,tripadvisor.com,Affaires,positive,positive
The location the staff was nice Everything else,2.0,1,Ibis Marrakech Centre Gare,Marrakech,booking.com,Groupe,positive,negative
Good value for money good a gor a quick overnight stay Nothing is bad,4.0,2,Ibis Casa Voyageurs,Casablanca,booking.com,Famille,positive,positive
Location was good Worse staff Only location Very poor breakfast Only location Rece team - I booked a room with the Ibis Casablanca because I had a 20 hour layover in Casablanca and wanted to use the room during the day. 3 Days before my arrival I wrote them on booking conversation with the extremely unfriendly receptionist went like this: Me: Hello I reserved a room and hoped early check in would be possible. Him: The cleaning staff is currently cleaning the rooms. They got me a room about an hour later after me sitting in the lobby interest in my wellbeing as a guest.,0.5,10,Ibis Casablanca City Center,Casablanca,booking.com,Solo,neutral,negative
La clim est tres faible. Staff not Very professional. Personnel un peuperdu. Room is very warm. Parking a bit weird. A hotel room without proper ac in fez is unbearable.,2.0,6,Ibis Fès,Fès,tripadvisor.com,Couple,negative,negative
"This is a fifteen story hotel in a good location, there is not an inviting feeling. there is a snack bar cum restaurant that is not appealing things don't look tidy. The clerk at the desk is neither friendly nor unfriendly in my case Entering the small room There's a bed In the bathroom one for shampoo and the other for ? I have no desire to shower in that place. The best part of the whole experience is that Having declined to pay for a full buffet breakfast the next morning I buy a cup of cafe au lait in the restaurant.",2.0,14,Ibis Casablanca City Center,Casablanca,tripadvisor.com,Solo,negative,negative
I've had the pleasure to stay at Ibis Oujda it an outstanding stay. Its location made it super easy to venture out around town and return to the hotel. Being next to the train station is a big plus. gardens and pool area. The staff is super professional and very kind. They helped me make my stay a pleasant one. From front desk staff to restaurant maintenance and cleaning crew everyone was pleasant to deal with and courteous. The bedroom was spacious clean and offered everything to make you feel at home. I enjoyed the breakfasts at Ibis Oujda. variety for all choices and tastes.,5.0,14,Ibis Oujda,Oujda,expedia.com,Solo,positive,positive
"It would be much better to provide rooms with boiler shower gel ironing facilities. , front desk staff were friendly cooperating all time.",4.0,3,Ibis Casablanca City Center,Casablanca,tripadvisor.com,Affaires,positive,positive
Quality and price very good,5.0,1,Ibis Tanger City Center,Tanger,expedia.com,,positive,positive
Everything is bad old bad the c unit is not working The shower is very old and disgusting We asked for towels the receptionist said allowed only one per person per a day Nothing There was a bad smell the room wasnt clean at all.,0.5,3,Ibis Marrakech Palmeraie,Marrakech,booking.com,Couple,negative,negative
i was stay for one night in this hotel the service was very slow and when i got the room want to enter the room still not clean from the housekeeping and i have to wait 30 minutes again after enter the room still dirty the door in toilet not proper close ac not cold no water in the room no hair dryer. this my bad experience in ibis otherways the staff was friendly.,2.0,10,Ibis Marrakech Centre Gare,Marrakech,tripadvisor.com,Couple,negative,negative
Konumu gara yakın olduğundan check out gününde ulaşım açısından çok rahat oldu,2.0,1,Ibis Marrakech Centre Gare,Marrakech,booking.com,Couple,positive,negative
Centralt läge nära tåg och bussar En fin trädgård Frukosten skulle börja 06.30 Personalen gav mig en tallrik med några små kakor och jag hade bråttom till flygplatsen.,2.5,3,Ibis Marrakech Centre Gare,Marrakech,booking.com,Solo,positive,negative
The hotel was clean also reasonaly priced. we would go back again as the staff were friendly and helpful and it was clean and tidy throughout. It is located right next to the train station and taxi rank It is about a 10-15 minute walk into the main town from here which we did 2 We only had breakfast at the hotel as wanted to try the local cuisine for our other meals,3.0,6,Ibis Marrakech Centre Gare,Marrakech,tripadvisor.com,Couple,positive,neutral
Pool clean nice garden for sun bathing Room very tight for 2 people its ok for a short stay,3.0,2,Ibis Marrakech Centre Gare,Marrakech,booking.com,Groupe,positive,neutral
The hotel was located in a very busy high street with all banks offices and restaurants and cafes which was very noisy even during the night sleeping was somewhat difficult. The general atmosphere of the hotel including decor lounges and staff was good .. the rooms were not cleaned on time when requested even after leaving the clean my room sign...don't know if they had less staff something.The beds were just ok not that comfortable especially the pillows which looked outdated and old very uncomfortable to sleep on..The room had no refrigerator no bin for rubbish apart from the small one in the bathroom.. Drinking water was not provided in rooms so had to buy ourselves some mineral water.The breakfast was just ok not very exciting same menu and less choice which spoilt the actual mood as a customer who is staying in the hotel.I have stayed at other ibis styles and have found them much better in terms of breakfast and in room cleaning services.Overall just a. Mid budget hotel will say .,3.0,6,Ibis Abdelmoumen Casa,Casablanca,tripadvisor.com,Famille,negative,neutral
"In need of renovation,",2.0,1,Ibis Marrakech Centre Gare,Marrakech,expedia.com,Famille,neutral,negative
We selected this hotel as it was just beside the train station (Casa Port). The room was clean and bed comfortable. The breakfast was amazing (not too expensive The lobby needs a renovation. Just be aware there is construction and noise during day time. Also be aware of grand taxi drivers outside the hotel.,4.0,6,Ibis Casablanca City Center,Casablanca,tripadvisor.com,Couple,neutral,positive
Walking distance from the station a short taxi ride to other attractions. Perfectly fine - clean room - professional staff - breakfast a bit lacklustre. In short - a pretty typical Ibis hotel. I should add that we struggled to identify a good value hotel (with character) when planning our trip to Tangier so went with the safe Ibis option.,3.0,5,Ibis Tanger City Center,Tanger,tripadvisor.com,Couple,neutral,neutral
"I had a very good experience with my colleagues......... very clean room.........clean sheets........comfortable mattress...........warm cuill.,............ Thank you very much to all the team......... ibis el jadida I want to thank all the team at ibis el jadida....... For the service and warm welcome.Very nice and spacious room......various breakfast.....delicious dishes....clean and large pool......bravo and big thank you",5.0,3,Ibis El Jadida,El Jadida,tripadvisor.com,Couple,positive,positive
Great pool area and garden area with peacocks! Fast wifi in room.,5.0,2,Ibis Fès,Fès,expedia.com,Solo,positive,positive
The location of the Hotel is wonderful its very near to casa voyageurs it is near to the buses stops The staff was friendly and professional the room was clean and looks good. Free high speed WiFi price per night is very good. Non existence of Shatafa in toilets non existence of refrigerators.,4.5,9,Ibis Casablanca City Center,Casablanca,booking.com,Groupe,positive,positive
Location is not so good. The room needs renovation. Room is not so clean as it should be. Not enough towels.,4.0,4,Ibis Casablanca City Center,Casablanca,booking.com,Couple,negative,positive
no tea and coffee in the room. Towels are old and non-clean,3.0,2,Ibis Casablanca Nearshore,Casablanca,expedia.com,,negative,neutral
close to the train station easy to get to the airport,4.0,2,Ibis Casa Voyageurs,Casablanca,booking.com,Solo,neutral,positive
The swimming pool was very clean kids loved it,5.0,1,Ibis Marrakech Centre Gare,Marrakech,expedia.com,Famille,positive,positive
Location staff .... AMAZING personal throughout our stay Room was crowded small. This Hotel was my go-to hotel since 2024 small room and heavy charged design.,2.5,3,Ibis Casa Voyageurs,Casablanca,booking.com,Famille,positive,negative
My stay at ibis was very comfortable. The room is clean and well-appointed and the room service is fast and efficient. Thank the crew for their attention to cleanliness and quality of service. Great experience highly recommended clean and well maintained hotel professional receptionist woman who looks after the rooms is very seviable a clean room and bathroom too.,5.0,9,Ibis Mohammedia,Mohammedia,tripadvisor.com,Groupe,positive,positive
The staff is professional and friendly. Mr. Othman the receptionist was very helpful. He has delivered excellent customer service!,5.0,3,Ibis Abdelmoumen Casa,Casablanca,expedia.com,Affaires,positive,positive
Train station 5 mins walk . Room very small comfortable .,3.0,3,Ibis Tanger City Center,Tanger,expedia.com,Famille,neutral,neutral
Hotel perfectly located in the heart of Mohammedia close to the beach and restaurants. Very welcoming staff and little care. I recommend this hotel clean the rooms are large enough. Just I would have liked a sound insulation at the window so as not to hear the night noises of the street,4.0,5,Ibis Mohammedia,Mohammedia,tripadvisor.com,Solo,positive,positive
directly across from the train station. 10 minute taxi ride to the medina. This was a great value for the price and service was very nice.,5.0,4,Ibis Fès,Fès,tripadvisor.com,Couple,neutral,positive
We asked for a non-smoking room was given a smoking room. Turning the air-con on and opening the window meant the smell of smoke didn't linger,4.0,3,Ibis Tanger City Center,Tanger,booking.com,Couple,neutral,positive
I went to book this hotel very poor customer service. Reception guy try to rip us off changed price when I showed him online price. I decided to check room room was not as advertised on booking website. No heating working either. Poor service and quality.,1.0,8,Ibis Marrakech Centre Gare,Marrakech,tripadvisor.com,,negative,negative
A good buffet breakfast. Very clean modern hotel. Hakim at reception was very professionally attentive and helpful beyond the call of duty.,4.0,3,Ibis Ouarzazate Centre,Ouarzazate,booking.com,Solo,positive,positive
"If you are coming to Rabat by rail this hotel is perfectly situated. , it seems to be a hotel for business travellers. And ask before you take the dinner buffet. The breakfast buffet was included and very good.",3.0,5,Ibis Rabat Agdal,Rabat,expedia.com,Couple,neutral,neutral
Other than that it's a good hotel,4.0,1,Ibis Oujda,Oujda,expedia.com,,positive,positive
It's also the first hotel I visited that doesn't include breakfast. Only visit this hotel if you want a really low budget hotel close to the train station.,2.0,2,Ibis Marrakech Centre Gare,Marrakech,expedia.com,Couple,neutral,negative
Hotel price is higher comparing to others in the city so does the food . The staff are wired and unfriendly Constructions noises around the hotel wake you up so early. Bathroom had two towels only (for two people). This is a business hotel The location of this property is nice and central to everything we wanted to do. Its a bigger chain type hotel so we expected a certain level of professionalism and hospitality which we didnt receive. The only two things about this hotel that are worth noting is the bed was comfortable and the shower was big and nice. Now to address the lack of professionalism. When you call reception from the room they dont answer. one was helping a guest the other three just stood there looking at us waiting. We ordered from a food delivery service the front desk refused to help the delivery driver to contact our room (which they did the previous time) and is usually what they do. no answer from the reception desk. The other complaints about only 2 towels and the hotel rooms being very minimal are true. Breakfast not worth it,3.0,16,Ibis Tanger City Center,Tanger,expedia.com,Couple,neutral,neutral
Breakfast was poor.,3.5,1,Ibis Casa Voyageurs,Casablanca,booking.com,Solo,negative,neutral
breakfast was not good,2.5,1,Ibis El Jadida,El Jadida,booking.com,Solo,negative,negative
The dirtiest hotel I have ever been No soap and shampoo in hotel toilet No kettle coffee making in room Location is besides the station The staff was really slow to check me in.,1.0,4,Ibis Marrakech Centre Gare,Marrakech,expedia.com,Solo,negative,negative
the place the food the staff nothing,5.0,1,Ibis Marrakech Palmeraie,Marrakech,booking.com,Solo,neutral,positive
The price is good and down stairs staff are well mannered. The hotel use to be really clean before. Now I think the rooms needs attention and cleaning properly. My table dirty all.week I stayed and my bed sheet was not changed the maid only made the duvet cover and that's it,3.5,4,Ibis Tanger City Center,Tanger,booking.com,Solo,neutral,neutral
The front desk staff were very helpful and sorted various things in a timely manor. We had to ask multiple times for bathroom amenities to be updated,3.5,2,Ibis Casablanca City Center,Casablanca,booking.com,Groupe,positive,neutral
Standard room very comfy beds clean and more than adequate. Wifi excellent in the bedrooms (essential for work). Breakfast ok usual continental style bread and ham. They have a large swimming pool as well which is perfect for lapslengths. very good quality,4.0,8,Ibis Ouarzazate Centre,Ouarzazate,tripadvisor.com,Affaires,positive,positive
Excellent breakfast Bathroom was crowded and towels were dirty. I doubt the room was cleaned before check in. in the restaurant.,2.5,3,Ibis Rabat Agdal,Rabat,booking.com,Couple,negative,negative
Quite great Breakfast is ok Price expensive .......::::::::::::::,2.0,1,Ibis Casablanca Nearshore,Casablanca,expedia.com,Solo,positive,negative
Brahim at the reception was great once I arrived he meet Me with a smile very helpful . Keep doing the good job,4.5,2,Ibis Marrakech Centre Gare,Marrakech,booking.com,Solo,positive,positive
Broken bed (box spring). I requested a change of room No hand towels only bath towels and you have to run behind the cleaning lady to get them. Poor room locking system the cleaning lady comes into the room directly at 9:30 a.m. to ask us if she can tidy the room without any permission we found ourselves naked for several days in front of the cleaning lady. Swimming pool under treatment 3 days in a row,1.0,7,Ibis El Jadida,El Jadida,tripadvisor.com,Couple,neutral,negative
All good,5.0,1,Ibis Abdelmoumen Casa,Casablanca,expedia.com,Affaires,positive,positive
Very Pleasant Professional welcome.,5.0,1,Ibis Oujda,Oujda,tripadvisor.com,Couple,positive,positive
Everything was clean and neat the rooms are comfortable and equipped with the essentials.,5.0,2,Ibis Rabat Agdal,Rabat,booking.com,Groupe,positive,positive
"Breakfast was good too. The train from voyageurs takes you directly to the airport. I dont like carpets in hotels. Breakfast Large room Location, was very close to the station Close to train station and a shopping mall with supermarket. Great for an overnight stay prior to heading to the airport. Clean rooms A couple of bottle of water and cups in the room are needed to at least meet basic requirements.",4.5,9,Ibis Casa Voyageurs,Casablanca,booking.com,Couple,neutral,positive
NExt to Fes rail station. Plenty of taxis to get around very cheaply Good swimming pool. Basic room,4.0,4,Ibis Fès,Fès,expedia.com,Groupe,neutral,positive
A face and body towel! Broken sdb support no brush wc room not clean buffet hardly load in the morning terrace pool never seen from my view looks like I was in a bronx district!!! Never of life and the reception pay you then we know you no longer change rooms to return it on the same disgusting smell traces on the walls! The maintenance technician comes and he even worse shoe trace in the Shower ouaaaaa never again and I dont want to put everything Ive ever seen her I took a room after half as cheap mansion and quality three better!,1.0,4,Ibis Tanger City Center,Tanger,tripadvisor.com,Groupe,negative,negative
As all IBIS this is a reliable hotel bo surprises and good value for money.LOcation is very convenient next to train station with cheap transport all over the city. The buffet at the train station is a nice place for breakfast and the area around has many small restaurants for locals and at local prces. NIce pool and garden.,4.0,4,Ibis Fès,Fès,tripadvisor.com,Solo,positive,positive
It was a pleasure to stay at ibis warm welcome hearty and delicious breakfast pleasant and very helpful staff! We provide 5-star Sofitel service in this little ibis.,5.0,5,Ibis Casa Sidi Maarouf,Casablanca,tripadvisor.com,Couple,positive,positive
The location serenity and the quietness of the Hotel. difficulty in getting the reception front desk. Proximity to the location of my training Front desk staff,3.5,4,Ibis Casablanca City Center,Casablanca,booking.com,Groupe,neutral,neutral
No internet absolutely ridiculous breakfast horrible rooms and beds,1.0,3,Ibis Casa Sidi Maarouf,Casablanca,tripadvisor.com,Affaires,negative,negative
Lovely staff food was good in the restaurant. Breakfast was good with a big variety. Rooms are small Pool was amazing and decor throughout was great. Wifi worked well. The only problem was no power points next to the bed and they have no extension leads. the Riad look from the outside fits the city vibe No trash bags in the bin. The bathroom can use some extra cleaning.,4.0,10,Ibis Ouarzazate Centre,Ouarzazate,booking.com,Couple,positive,positive
Close to station. Nice breakfast.Pleasant staff.,4.0,2,Ibis Tanger City Center,Tanger,booking.com,Solo,neutral,positive
I stayed in this hotel for 6 nights and was quite happy with it. The hotel room had a reasonable size with a very comfortable double bed (a really big PLUS) The bathroom was ok a few loose spots at the finery In the shower the tap is directly below the shower head In addition one has free wifi in the whole hotel with an average connection. The breakfast was also good you get a selection of different kind of pancakes small croissants In addition I preferred the typical sweet Moroccan tea very nice.,4.0,15,Ibis Oujda,Oujda,tripadvisor.com,Affaires,neutral,positive
Good customer service Great breakfast,4.5,1,Ibis El Jadida,El Jadida,booking.com,Couple,positive,positive
My bed was very comfortable our 2 adjoining rooms were clean and cozy I like the atmosphere of the restaurant in the evening as well as the varied menus the restaurant terrace is magnificent around the hotel you have a lot of commerce as well as the hotel is located in the city center Front desk and restaurantbar staff were excellent. The room was very clean and had street view. The value of the price paid was very reasonable. What about everything else about the hotel? This is a small hotel in a busy district of the city. To me as long as the employees are friendly and the room is clean,5.0,12,Ibis Abdelmoumen Casa,Casablanca,tripadvisor.com,Famille,positive,positive
"Only the location. When we got to the room We called the reception Secondly, the shower had no soap shampoo, and the hairdryer was not working at all.",1.5,5,Ibis Casa Voyageurs,Casablanca,booking.com,Groupe,neutral,negative
There are mixed reviews about the hotel in the Accor Website. This is a great hotel. Especially as it is literally next door to the coach station one side and the train station its other side and not far from the centre of Marrakech. Within walking distance. They have a lovely outdoor swimming pool area and a well looked after garden and grass area. The staff and very kind and welcoming and also very professional. Sweet rooms are really nice and simple and the beds very comfortable. In short I highly recommend this hotel And it is great value for money.,5.0,8,Ibis Marrakech Centre Gare,Marrakech,tripadvisor.com,Groupe,positive,positive
had issues with the room door,0.5,1,Ibis El Jadida,El Jadida,booking.com,Couple,negative,negative
"Room was dirty and in a very poor state with sink clogged tv and AC not working (turned off for winter apparently) and a shared hairdryer . Without the window open (to road noise) Sure, breakfast good and location convenient for train,",1.0,4,Ibis Marrakech Centre Gare,Marrakech,expedia.com,Couple,negative,negative
The were wonderful. Aldo thé stuff IS so kind and helpful.the room was very clean and the view was amazing on the swiming pool.moreover the food was delecious. After that in the check out the reception stuff was si professionel and kind.,5.0,3,Ibis Fès,Fès,tripadvisor.com,Affaires,positive,positive
Fantastic location helpful friendly staff. Lovely reception area and breakfast was good The rooms (both mine and my friends) smelt strongly of mould and damp. There was black mould growing on the bathroom tiles we didnt see black mould in the bedroom We had to keep our windows open as it smelt so unhealthy. Windows were so dirty it made the room dim. The shower soap dispenser fixed to wall was empty and barely any soap in the basin dispenser - I asked reception to ask housekeeping to fill it and the room having 3 housekeeping visits during my stay it was never refilled.,3.5,9,Ibis Casablanca City Center,Casablanca,booking.com,Groupe,positive,neutral
The helpful staff especially Badreddine in réception and Mounir in restaurant. WE did not like the broken showers and the old fashion checking in with papers to fill in. WE had problems with the air conditionning because the dials on the unit were worn and you did not know which way to turn the dial,2.5,3,Ibis Fès,Fès,booking.com,Couple,negative,negative
Friendly helpful staff. Hotel clean Food cheap and cheerful. Buffet breakfast ok. Would stay again :),4.0,4,Ibis Oujda,Oujda,expedia.com,Couple,positive,positive
friendly staff. Especially Mr.Abdellhak at the reception,3.5,2,Ibis Casa Sidi Maarouf,Casablanca,booking.com,Solo,positive,neutral
Clean room Calm at night nice staff air conditioning,3.5,4,Ibis Marrakech Palmeraie,Marrakech,booking.com,Famille,neutral,neutral
It was a wonderful day with my friends in ibis el jdida the room was very clean with the nice swimming pool and the view and the people there are just so nice,5.0,2,Ibis El Jadida,El Jadida,tripadvisor.com,Groupe,positive,positive
Casa Voyageurs gives good value for money. The location is strategic surrounded by restaurants and write next to the Casa Voyageurs TGV station. The breakfast is of excellent quality with a wide diversity of Arab and western foods. It is quite difficult to juggle reservations for a group between Casa Voyageur and booking.com.,3.5,5,Ibis Casa Voyageurs,Casablanca,booking.com,Groupe,positive,neutral
"Reception, room, cleaning, breakfast... Never think to use this hotel.",0.5,1,Ibis Fès,Fès,booking.com,Couple,negative,negative
Breakfast was very good as there was a great choice. Location was very good as the hotel is next to the main train station. The room was very small. Poor hygiene in the hotel corridors.,4.0,4,Ibis Marrakech Centre Gare,Marrakech,booking.com,Couple,positive,positive
we spent a comfortable night in Ibis Casa City Centre. I wished they had liquid soap dispenser (available in all Europe's Ibis hotels) instead they provided a dry tiny soap that hardly gave any lather. Breakfast was awesome the servers were not friendly and the lady at the Moroccan pancakes live station was rude.,3.0,5,Ibis Casablanca City Center,Casablanca,tripadvisor.com,Famille,positive,neutral
Very comfortable room excellent breakfast helpful staff very convenient to Agdal Railway Station,5.0,4,Ibis Rabat Agdal,Rabat,expedia.com,Solo,positive,positive
Very pleased with stay,4.0,1,Ibis Ouarzazate Centre,Ouarzazate,expedia.com,Solo,positive,positive
Breakfast was good and staffs were good Bathroom cleanliness and and towels It is a typical Ibis hotel We chose it mainly because of the price which was really good and the pool. We were pleasantly surprised about the pool as it was nice and it was open at all times so we could use it in the evening as well. The rooms look like the pictures and it is nice that they also have for example hair dryer in the room as you dont have to ask to get it There was no plug to charge phones close to the bed which was annoying,4.0,6,Ibis Ouarzazate Centre,Ouarzazate,booking.com,Couple,positive,positive
I had a great experience at ibis sidi maarouf Thank you Mr. amine caisse and youssef the controller good service and communication Thank you fadwa resto The rooms very clean thank you Mrs khadija Hotels ibis SM today exceptional,5.0,1,Ibis Casa Sidi Maarouf,Casablanca,tripadvisor.com,Groupe,positive,positive
Great location and easy to find if you are arriving late at night andor using the train station. The hotel itself is basic (as expected from an ibis) and could do with a little TLC. Room was clean quiet and warm. restaurant during our stay. Clean hotel with normal European confort. Next to the railway station Perfect for a tourist who wants to be near to the car instead of walking long way like to the hotels in the medina. Nice after having stayed several nights in rather simple appartments. Confortable bed. Our room 324 had a small balcony. Best price through netservices.,3.0,12,Ibis Fès,Fès,tripadvisor.com,Couple,positive,neutral
the taem is amazing mohamed salma and alia all is firendly and i like this place,5.0,1,Ibis Casablanca City Center,Casablanca,booking.com,Groupe,positive,positive
Spacious lobby .Manager yelling at an employee in reception in front of me was unprofessional. Please respect the people that work for you. The cleaning lady doesn't knock the door she open it without permission two times and this is Not respect to us as a guests,0.5,3,Ibis Casa Voyageurs,Casablanca,booking.com,Couple,negative,negative
"A good convenient stay. Casa Voyager train station which is directly connected with airport through train (60 MAD oneway) and tram station just across the parking. Good breakfast. Hosts welcoming and room small Ask taxi to drop you at Bab Ziat (50 dirhams from train station). 10 minute walk from Batha and 20 min walk from blue gate Close to train station voyagers and tram station, Overall pleasant and the size of room is good. Including breakfast would be nice.",4.0,10,Ibis Casa Voyageurs,Casablanca,expedia.com,Couple,positive,positive
Location to train station Dinner service was poor,3.5,1,Ibis Casa Voyageurs,Casablanca,booking.com,Couple,negative,neutral
Well the location was near to the train station wich was good for me even my room was in a good condition I booked a room with the breakfast included and I got a different one without plus they charged me extra. I arrived to the room the bed was messy and no cover there was only one pillow on one of the beds. And it had some stains on the bed,2.0,4,Ibis Casa Voyageurs,Casablanca,booking.com,Famille,negative,negative
Centrally located hotel with good facilities. Spotlessly clean rooms with modern furnishing large flat screen TV in rhe rooms and a great cafe area downstairs. The cleanness of the place and stuff was very helpful .,4.0,4,Ibis Casablanca Nearshore,Casablanca,tripadvisor.com,Famille,positive,positive
Location is handy for train travel Quality of catering could do with an upgrade.,4.0,1,Ibis Tanger City Center,Tanger,booking.com,Couple,positive,positive
Very Poor Service and room... for 2 persons two very small shower towels one pillow only one shampoo .... almost have to turn places to use all the bath things ...very very small room.,3.0,3,Ibis Casablanca City Center,Casablanca,expedia.com,Famille,negative,neutral
We arrived on 31st Oct in evening and the guy on reception was far too busy to even almost acknowledge us This hotel is right next to the railway station and at 5am in the morning when the first train is about to leave you can hear the platform announcements clear as a whistle in your room and again at 7am - no chance of a quiet lie in. This hotel is also on a really busy main road and if that wasn't bad enough when the generator kicks in to fire the air conditioning (we think that's what it is) it makes a really loud noise that almost shakes the hotel! this one is really tired and definitely not a 3 star hotel It needs a fresh lick of paint a really deep clean things around the place need attention The only thing to say about this hotel is that clearly it's cheap and we decided to stay for our first few nights so we could splurge a bit on a much nicer hotel for the last few days of our stay don't skimp on your accommodation in Marrakech. exciting place you will want somewhere that you can really relax and feel comfortable in when you get back to your hotel,1.0,14,Ibis Marrakech Centre Gare,Marrakech,tripadvisor.com,Couple,neutral,negative
"Clean , professional staff",5.0,1,Ibis Casa Voyageurs,Casablanca,expedia.com,Affaires,positive,positive
the staff were friendly and helpful some decent food in the bar area very reasonably priced too. The room was a fair size with a king-size bed and a memory foam topper the shower was good Would have liked to have teacoffee making facilities in the room,4.5,5,Ibis Marrakech Centre Gare,Marrakech,booking.com,Famille,positive,positive
"BATHROOM: BEST SHOWER IN MOROCCO. The bathroom is tiny, BEDROOM: The bed was wonderful. Perfect mattress and thick heavy blankets. The room is not huge, RESTAURANT: They serve dinner til late into the night and also have breakfast at a cost. The breakfast was plentiful including eggs. There are a few restaurants around. STAFF: The staff are helpful. When I didnt know how to work the shower Wi-FI: the wifi for my laptop was excellent.",5.0,13,Ibis El Jadida,El Jadida,tripadvisor.com,Solo,positive,positive
Great staff Very good hotel for the price Very clean,5.0,2,Ibis Casablanca Nearshore,Casablanca,expedia.com,Solo,positive,positive
You choose IBIS for the price the hotel should provide the basics. Room was as expected internet did not work. Changed room and all ok. Internet speed is good and probably the best part of the stay. Bathroom light flickered on and off and the plug in the basis was broken so was difficult to drain water. There seemed to be lots of staff the price of breakfast is cheap I would estimate cost of ingredients was about 1 Euro. at that price the basics should be right and was not,2.0,9,Ibis Marrakech Centre Gare,Marrakech,tripadvisor.com,Solo,neutral,negative
It was very close to the train station. Staff was ok Also beds were comfortable. Especially the shower walls.,3.0,4,Ibis Marrakech Centre Gare,Marrakech,booking.com,Couple,neutral,neutral
we came late - pricing walk-in was same than in Agoda inclusive tax - great concierge - very helpful - room super clean they gave us excellent corner room - thanks to them ! It was typical of an Ibis room -bed desk and shower Great to get a through breeze. Dinner was a buffet in usual Moroccan style - with a bit better chicken than we had been used to. One thing to improve the buffet would be to let people get a cup of tea coffee from the machines that they have there for breakfast,4.0,8,Ibis Ouarzazate Centre,Ouarzazate,tripadvisor.com,Couple,positive,positive
I highly recommend I is hotel Everything was just perfect Staff are very kind and helpful Rooms are clean and spacious I had an excellent stay! Staff are very kind and helpful We were very well received and the service was at the top. The staff is friendly and available I recommend the ibis hotel for the service. The team is very welcoming and professional Very nice experience really the service is just excellent I recommend the hotel I am very happy with my stay at Ibis hotel casa port in Casablanca a warm welcome with its staff Very professional staff and I think this hotel deserves to be 4 Thank you for the welcome and pleasant stay for 3 weeks here at home.,5.0,12,Ibis Casablanca City Center,Casablanca,tripadvisor.com,Groupe,positive,positive
"Me and my partner stayed at this hotel for 4 nights April 2017 and we thoroughly enjoyed our stay at this hotel. The staff were absolutely helpful and polite. The housekeeping staff were also lovely cleaning our rooms every morning. The rooms are fairly decent and a decent size. right next to the station 10 mins away from the main square. The staff also made was aware of things we should know of the are e.g taxi prices and guards 247 on the doors. Its also next to convenient food places such as Mc Donalds and kfc especially if your a fussy eater. Only let down was a shame when we stayed the pool was being renovated,",5.0,11,Ibis Marrakech Centre Gare,Marrakech,tripadvisor.com,Couple,neutral,positive
The rooms are rather small and in need of refurbishment. Having said that I would recommend this hotel. The hotel is clean and well run. The gardens and pool are excellent. The food is generally good and the breakfast excellent. The hotel is conveniently located with a bus to the medina every few minutes. It is next to the railway station and 10 minutes from the airport. The staff are friendly and helpful. The hotel is very good value for money. Plus: This is a very good value hotel has a nice pool and fair size garden for the price. The breakfast is buffet. Rooms at the back are fairly quiet. Minus: The rooms smell of smoke. The room itself isn't as clean as other Ibis in Europe The breakfast pastries aren't the freshest. It's right next to the station.,4.0,17,Ibis Marrakech Centre Gare,Marrakech,tripadvisor.com,,positive,positive
Housekeeping should clean more good the rooms,4.0,1,Ibis Marrakech Centre Gare,Marrakech,booking.com,Groupe,positive,positive
Excellent location. Great outdoor pool area to sit next to. Room fine. No breakfast included.,4.0,4,Ibis Ouarzazate Centre,Ouarzazate,booking.com,Famille,positive,positive
Location is very good. Within walking distance to many tourist destinations in the old town and also the mall. It is also very clean and neat. basic amenities like toothbrush,4.0,4,Ibis Casablanca City Center,Casablanca,booking.com,Solo,positive,positive
