text,note,n_sent,hotel,city,source,trip,auto,label
Location staff So bad maintenance,0.5,1,Ibis El Jadida,El Jadida,booking.com,Famille,negative,negative
worn carpets and tired decor seems to be the theme! The rooms were very hot and irrespective whether you selected aircon heat you got the same stifling heat! Im not at all convinced that the room thermostats do anything in an Ibis? The food was actually very pleasant and the staff helpful and friendly.,3.0,5,Ibis Fès,Fès,tripadvisor.com,Affaires,negative,neutral
It was fine rooms cleaned every day staff were friendly. We chose that hotel because the pool looked great on the advert. On a positive note there was a good atmosphere for watching Morocco progress in the world cup.,2.0,6,Ibis Marrakech Palmeraie,Marrakech,expedia.com,Groupe,positive,negative
"less than most other Ibis' - clean comfortable. Staff were good - Could not be closer to the train station if you tried - and tour buses leave from nearby. We were there in late spring and the pool was a welcome respite from the 40 degree temparatures - it seemed to be artificially cold which meant you couldn't stay in it for hours (probably a good thing This hotel was about 10 k's from the Jemaa el Fna the main square. A short cheap taxi ride away. It is a typical Ibis Hotel comfortable and value for money. A good quality breakfast can be eaten on the terrace over looking the garden. It has a swimming pool, We had a few evening meals which were adequate. Complimentary WIFI also.",4.0,13,Ibis Marrakech Centre Gare,Marrakech,tripadvisor.com,Groupe,positive,positive
Good stay modern hotel with great showers (after 10 days in Moroccan riads and in the Sahara the shower was a welcome change). Food was good in restaurant as well. Right beside Casa Voyageurs station wasnt loud in the rooms.,4.0,6,Ibis Casa Voyageurs,Casablanca,tripadvisor.com,Couple,positive,positive
shopping mall rooms were really noisy we asked to change the room as we couldn't sleep because of the BD noise Breakfast is good as well,4.0,4,Ibis Tanger City Center,Tanger,tripadvisor.com,Affaires,negative,positive
Convenient to thetrain station next door. with friendly and helpful staff. Free breakfast was delicious and very satisfying. Excellent location great facilities and friendly service The restaurant menu is a bit limited We were very impressed with the decor The hotel is right beside the train station Casa Voyageur. Breakfast was average,5.0,8,Ibis Casa Voyageurs,Casablanca,expedia.com,Couple,positive,positive
Wonderful location next to train station and easy access to taxi Gueliz shopping cafes. Very nice terrace pool area for kids . Regretably portions if the hotel in sad and dirty condition . The mold in bathroom ceiling and very dirty stained rugs in corridors suggest a sad lack of managerial care .,3.0,5,Ibis Marrakech Centre Gare,Marrakech,expedia.com,Groupe,negative,neutral
"breakfast, room, location. Hygiene could be worked on",4.5,2,Ibis Tanger City Center,Tanger,booking.com,Solo,neutral,positive
The staff were professional and friendly. The light in the bed room didnt work properly - it either had to be pitch black The room in general was nice and clean. There were only one receptionist to do the check in of over 10 people I had to wait over 20 minutes,3.0,4,Ibis Abdelmoumen Casa,Casablanca,expedia.com,Solo,positive,neutral
Positives pool is ok ac worked had hot water wifi ok Not good - food offering is hopeless - customer service non existent pool boy - Chinese propaganda is the default TV - people roaming pool grounds making noise at 3am - the three more roosters that roam the grounds make a lot of noise - security is lacking eg - people sleeping all night in the pool lounges - guides outside are hostile and threatening - taxi drivers are aggressive also Yes its cheapish,2.0,3,Ibis Fès,Fès,expedia.com,Solo,negative,negative
Amazing service Nothing,5.0,1,Ibis Marrakech Centre Gare,Marrakech,booking.com,Solo,positive,positive
Double charged for room Breakfast was'nt great just basic continental with omellette station.,2.0,3,Ibis Rabat Agdal,Rabat,expedia.com,Groupe,neutral,negative
Thè concept of cleaning is unknown in this hotel.,2.0,1,Ibis Casa Sidi Maarouf,Casablanca,booking.com,Groupe,neutral,negative
Location Reception understaffed Staff don't give you any info as visitor i had to ask alot of questions also wifi is slow,3.0,2,Ibis Casa Voyageurs,Casablanca,booking.com,Solo,neutral,neutral
Good breakfast and location. Staff are really good This is a standard Ibis hotel.,4.0,2,Ibis Rabat Agdal,Rabat,booking.com,Solo,positive,positive
Ideal location for British travellers arriving on late evening flights from the UK as it is a short train ride from the airport direct to the Casa Voyageur Train Station. You can literally see the hotel before the train stops at the station as it is directly outside on the left hand side of the concourse. I have stayed at this hotel on three occasions - over three years. The English speaking reception staff remembered me and greeted me like an old friend on the second and third visit. The hotel is beautiful. The food is fantastic - best scrambled eggs in the world! The location can be noisy as there is a busy taxi rank outside there are double glazed windows and blackout curtains to keep the noise and light out. As always with Ibis hotels it is spotlessly clean well maintained and the rooms offer great comfort.,5.0,11,Ibis Casa Voyageurs,Casablanca,tripadvisor.com,Solo,positive,positive
Excellent location. Good place to stay a night if you have an early morning train to airport . Staff were unsure of the facalities in their hotel. There was a nose from the outside that disturb my sleeping,4.0,4,Ibis Casa Voyageurs,Casablanca,booking.com,Solo,positive,positive
Good location just near Casa Port station. Do not upgrade the room to Landmark view - there are no landmarks visible from the hotel as confimed to us at check in. All rooms have views either to the port the view to Hassan II mosque is blocked by the building in front of the hotel. There were mosquitoes in our room making it hard to sleep.,2.5,7,Ibis Casablanca City Center,Casablanca,booking.com,Famille,neutral,negative
Very nice.,5.0,1,Ibis Rabat Agdal,Rabat,expedia.com,Affaires,positive,positive
"It was a pity that our room was still not cleaned after half our waiting . we got an other room not connectect with the second as orderd. Good things about this hotel: cheap it has a pool and garden for sunbathing (this is hard to find in Marrakech) staff were friendly ( for the cleaner who was miserable). Bad things: 30min walk to the centre cleaners were useless - constantly forget to leave you clean towels this is extremely annoying when you just want to get in the shower bed sheets were not changed in 7 nights 'air con' isn't really air con - the room never got very cool Hotel has decent wifi, This is quite an old hotel that is right next to train station. Hotel is in reasonable condition carpets in room were a it threadbare and stained. modern hotel across the road (Red Hotel) that has similar rates so might be a better bet.",3.0,16,Ibis Marrakech Centre Gare,Marrakech,expedia.com,Famille,negative,neutral
A lot off traffic .staff is bad . Not clean,1.0,2,Ibis Casablanca City Center,Casablanca,expedia.com,Solo,negative,negative
I've not been having the best luck with hotels in Morocco - my recent experience at Atlas Orient in Oujda brought to mind one of the great questions My experience at Ibis Abdelmoumen brings to mind another Like how is this one of the best rated hotels in Casablanca and what does this say for the competition? 20 plus minutes later after an exhausting journey me and my new closest friend in Morocco (judged by time spent together) the front desk clerk are still finishing off some kind of process (I was just standing there). Needless to say the toilet was broken and was continuously flushing - which we could hear from the hallway approaching the room. Also these rooms are noisy bruh (Niagara toilets aside) If 'urban chaos' sounds like your kind of audioscape get down to Ibis Abdelmoumen - just be sure to calculate in to your stay time to spend at the front desk.,1.0,9,Ibis Abdelmoumen Casa,Casablanca,tripadvisor.com,Famille,negative,negative
"It was clean and near, the air condition was not good the second day they fixed it .The food for brack fast buffet was poor.",3.0,3,Ibis Abdelmoumen Casa,Casablanca,booking.com,Famille,negative,neutral
large hotel placed on a major junction about 200 metres from the main railway station . Room looked over the main road and has an enourmous building project going up on the right hand side looking up the main road consisting of two Hilton hotels one 4 star and the other 5 star and a shopping mall and cinema complex which should have been completed by October 2014 Hotel itself is ok in that it is a typical Ibis built facility with clean bedding and whilst the towels were clean they were threadbare and thats your lot no hand towels just a bath towel . We dined in the hotel and found the food tasty they seemed to scrimp a bit on the servings . Whilst one one side of the road there is all the fancy new buildings on the other side there is a big gap site where a couple of Camels have set up residence - quite a contrast . Breakfast too was good with a variety of choices and you could eat outside on the terace beside the swimming pool if you wanted,3.0,7,Ibis Tanger City Center,Tanger,tripadvisor.com,Famille,neutral,neutral
Nothing just the location Everything the location,2.0,2,Ibis Casablanca City Center,Casablanca,booking.com,Couple,neutral,negative
I chose Ibis Casa Voyageurs because of its prime location to the train station. The hotel is great for a few nights and for business purposes. The Wifi is very good in the room and also at the work stations in the foyer. The shower setting takes some time to figure out. The room is new and it is very clean. It could use some more cupboard space. The service from the hotel staff is just amazing. Im pretty picky about friendly go out of their way The petit taxis just outside also helped a lot to get around - If you looking for holiday accommodation with all the amenities like a gown and gym etc. Rather book beachfront at the many hotels there.,5.0,12,Ibis Casa Voyageurs,Casablanca,tripadvisor.com,Affaires,positive,positive
Very comfortable room. Walking to the train station without crossing any road is a great PLUS.,5.0,2,Ibis Fès,Fès,booking.com,Couple,positive,positive
"The hotel is very well located and the people are eager to please. , I did not find the housemaids very efficient and they came into the room twice without knocking.",2.0,2,Ibis Casablanca City Center,Casablanca,tripadvisor.com,Affaires,positive,negative
Very Close and walking distance to Train Station and Tram Station. This is a main station where you can catch trains to all major cities around morocco. Its a big relief to walk back to the room after returning from somewhere.,3.5,3,Ibis Casa Voyageurs,Casablanca,booking.com,Solo,positive,neutral
Location The employees could have been more helpful. The hotel could use some renovation. Breakfast could have been more diverse and of better quality. The rooms could be improved a little more.,0.5,4,Ibis Fès,Fès,booking.com,Solo,neutral,negative
We drove from Casablanca to Fez arriving at the Ibis around 6pm and requested a room - we were charged 600 dirhams for the first night - and then 470 dirhams the second night we stayed - this is an extreme price difference from what I saw online which ranged from 548 dirhams a night to 371 dirhams a night. Next time I will book the room ONLINE to ensure the best price and that I get my Le Club Member Points. Our bed was much better than the one we had at the Ibis Casablanca - it was a regular box spring mattress with a lovely foam pad about 3-4 inches thick that made that bed feel like a cloud. The shower was an amazing with tons of hot water. I also love that the thermostat worked and that we could heat cool the room as we pleased. The last night we ate at the hotel restaurant and it was quiet basically empty with great service. We ate at the breakfast buffet both mornings and it was a pleasant quiet space with a great selection of food. floor for non smokers.,2.0,10,Ibis Fès,Fès,tripadvisor.com,Couple,positive,negative
"Great location for train station. Restaurant was slow serving supper breakfast was good. If you are traveling from to the train station this hotel is in an excellent position as it is only a five minute walk away. There is also an indoor mall close by The hotel restaurant is very good. When we checked out the reception staff would not take our credit card as they said the machine was not working so we had to pay by cash for the evening meal and breakfast. Someone from the hotel got in my room at midnight to get a bed they had forgotten inside Room was adequate for 1 night stopover before traveling to my next destination. I chose this hotel because it was close to the train station. The bed was clean and comfortable and that was the most important thing for me. The front desk staff was friendly one restaurant staff was a little offensive when he told me that the Wok restaurant comes from my country. there's a thermostat to control the air the AC was not turned out in April and when you think if you cooling the room it's actually blowing warm air. Jag hade problem med öppna min rum hela tiden o nästa varje gånge ville jag öppna min rom måste jag ner till reception och få hjälp med dem ...rom 403 ! Nothing special about this hotel. This place was perfect for our day layover to catch the midnight express to Marrakech. Very slow wifi. Rooms small, Rooms clean. The room price was low and the facilities offered reflect this price. Fine for a nights stay. I thought the hotel was decent , it is not near the city center. it is near the train station and if you have to travel The cleanliness was good The hotel is located just next to the train station. If you want to go to the city a taxi read is recommended )not very expensive). , they needed to handle an unusual situation with me (the booking was not recorded in their system) they were not professional enough. rooms are clean and tidy.",3.0,35,Ibis Tanger City Center,Tanger,expedia.com,,positive,neutral
The quality of the welcome Chef Chef maid and all the front office and back office catering team . A clean and quiet hotel.I had come to spend one night there The quality of the welcome Chef Chef maid and all the front office and back office catering team . A clean and quiet hotel.I had come to spend one night there,5.0,8,Ibis Casa Sidi Maarouf,Casablanca,tripadvisor.com,Affaires,positive,positive
It good located safe available transport Welcome by staff not so cheerfully not good welcomed,3.5,1,Ibis Casablanca City Center,Casablanca,booking.com,Solo,negative,neutral
Breakfast was an ibis breakfast sometimes the croissant was stale. The bathroom was comfortable. The rooms are usually small anyway.,3.5,4,Ibis Fès,Fès,booking.com,Couple,neutral,neutral
Ideally situated next to the train station if travelling to Marrakech. Very small rooms and the hotel generally not very clean. Windows that are situated on the road are not sealed well so the noise from the road is very loud. The breakfast is very good and the garden at the back of the hotel is lovely.,3.0,4,Ibis Casablanca City Center,Casablanca,tripadvisor.com,Couple,positive,neutral
I must say it was fantastic experience. The hotel provides a cozy and comfortable atmosphere. the staff makes us feel welcomed and cared.,5.0,3,Ibis Fès,Fès,booking.com,Solo,positive,positive
Convenient location for our needs. My room smelled of sewage and mold.,3.0,2,Ibis Casablanca Nearshore,Casablanca,booking.com,Famille,positive,neutral
House keeping day time staff very good.,3.0,2,Ibis El Jadida,El Jadida,expedia.com,Solo,neutral,neutral
Nothing Some rooms were unclean with leftovers AC was not working no dark curtains faulty floor mat dirty intercomes not working some rooms having broken showers etc,1.0,6,Ibis Marrakech Palmeraie,Marrakech,booking.com,Famille,negative,negative
"Excellent location with many restaurantscafes nearby. Efficient and friendly staff at check in. Good breakfast. elegant, modern rooms.",4.0,4,Ibis Mohammedia,Mohammedia,booking.com,Solo,positive,positive
The quality of the welcome Chef Chef maid and all the front office and back office catering team . A clean and quiet hotel.I had come to spend one night there,5.0,4,Ibis Casa Sidi Maarouf,Casablanca,tripadvisor.com,Affaires,positive,positive
I like location bathroom is very clean and people reception.,5.0,2,Ibis Rabat Agdal,Rabat,expedia.com,Solo,positive,positive
The hotel is very convenient to the main train station which is why I chose it. I was disappointed that the air conditioning in the room was ineffective and a bit nervous that the room door did not have a privacy lock. The outdoor area with swimming pool is lovely and quiet.,3.0,3,Ibis Marrakech Centre Gare,Marrakech,expedia.com,Solo,positive,neutral
The included buffet meal was very nice as I am a vegetarian and find it impossible to find vegetarian meals. The hotel called my tour director and told him I left my cash in the room and to give me the amount and they would reimburse him the money. The cleaning crew could have kept it and the food is what you can expect from an Ibis hotel. This hotel is very close to an old medina shopping centre. Down the road are small vending shops selling water and some small food items Enjoyed the lobby as it was so well done.,5.0,8,Ibis Ouarzazate Centre,Ouarzazate,tripadvisor.com,,neutral,positive
Good location to stay,5.0,1,Ibis Marrakech Centre Gare,Marrakech,booking.com,Solo,positive,positive
Disappointing check in staff as not helpful Plus point is the location.,3.0,2,Ibis Tanger City Center,Tanger,expedia.com,Couple,negative,neutral
Including staff interaction,2.0,1,Ibis Abdelmoumen Casa,Casablanca,booking.com,Solo,neutral,negative
Well located.......very clean room with a very nice view ........best quality price.......thank you very much,5.0,1,Ibis El Jadida,El Jadida,tripadvisor.com,Solo,positive,positive
The location. The hotel does not provide tissue paper(not toilet paper) even reusable towel to dry the hands after washing. What you have in the room is just almost finishing liquid soap bottle. no fridge in room.,3.0,5,Ibis Casablanca City Center,Casablanca,booking.com,Solo,neutral,neutral
Location The bathroom could use some airing out.,1.0,1,Ibis Casablanca City Center,Casablanca,booking.com,Couple,neutral,negative
The bathroom wasnt clean the towels not clean plus we had to showe towels it s going to be the last visite for this hotel Everything beside the receptionist,1.5,3,Ibis Casa Voyageurs,Casablanca,booking.com,Famille,negative,negative
Am staying here on a regular basis for business like it very much. Basic and clean great view over the ocean and nice pool. Staff is very helpful and friendly . restaurant is ok as well for breakfast as dinner. If you want to get good service for acceptable price,4.0,7,Ibis El Jadida,El Jadida,tripadvisor.com,Affaires,positive,positive
Professional and nice staff clean room good breakfast and the internet speed was good. I would like the air conditioner to be set at a lower degree,5.0,4,Ibis Marrakech Centre Gare,Marrakech,booking.com,Solo,positive,positive
new hotel good breakfast - dogs barking in the night,4.0,2,Ibis Rabat Agdal,Rabat,expedia.com,,neutral,positive
The hotel is very good value for money The room was a little small for two people furnished well and tastefully the shower was beautiful spacious and comfortable I had a room on the 12th floor with a view of the port. The breakfast was very good and assorted On the day of check out there was another receptionist and he told me no! So I advise you: since you are in a city even if you are passing through use the luggage storage service.,4.0,10,Ibis Abdelmoumen Casa,Casablanca,tripadvisor.com,Couple,positive,positive
Location - perfect for arrivals by train just around the corner from the Marrakech central railway station. About half an hour walk to the Koutoubia mosque via the central plaza - and it's good to take this walk to see the parts of the modern city. Rooms: some noise from the street from neighboring rooms. Mine was a miniature one: had just enough place for the bed (decent size) one chair and one suitcasebackpack. Cleanliness: mixed. the toilet was super-clean. Breakfast: it is a joke. Some marmalade some buns if you need a place to lay your head just after arriving before departure slept here,2.0,13,Ibis Marrakech Centre Gare,Marrakech,tripadvisor.com,Solo,neutral,negative
Great location and amenities like tissue box is missing Excellent location. Extensive hot breakfast buffet. Heated pool. Pool table. The room was clean and adequate we had very limited interaction with the staff they were cheerful and helpful. our room was closest to the elevator.,5.0,9,Ibis Casa Voyageurs,Casablanca,expedia.com,Couple,positive,positive
"After my dreadful experience in a Riad Room was just ok, the hotel is very well located between the bus depot and the train station. walking distance to shops restaurants and the Medina mall. Hotel has a nice swimming pool.",4.0,6,Ibis Marrakech Centre Gare,Marrakech,tripadvisor.com,Solo,positive,positive
If you have stayed at a Ibis Hotel The room are clean and tidy You can heard the rooms next door and what ever is going in the hall. If you are a light sleeper ask to be in the most quiet room possible. Breakfast is a buffet aka English breakfast with French pastries. The food is fresh and nice the service is great. Wifi is available using the code they give you my Blackberry did not recognised the login and had no access to the WIFI. Nice room nice staff hospitality was good and had a good night sleep here. affect me just seems the security needs to pay a bit more attention Good hotel rooms were clean and spot on.,4.0,14,Ibis Tanger City Center,Tanger,tripadvisor.com,Groupe,neutral,positive
the rooms are clear wide very neat with a good view and a great service so are the meals the staff were a bit lae on few orders,5.0,2,Ibis Casa Sidi Maarouf,Casablanca,tripadvisor.com,Affaires,positive,positive
Good location Swimming pool was freezing and breakfast limited,2.0,1,Ibis Ouarzazate Centre,Ouarzazate,booking.com,Famille,positive,negative
"The location of the hotel was nice. Also, I liked sitting by the pool at night. Hotel in general is good. Good breakfast and pool facilities. The room and bathroom was very small which gave the impression that they are not standard just basic. They have tried to renovate. it needed renovation especially in the bathroom.",2.5,7,Ibis Fès,Fès,booking.com,Couple,positive,negative
Staff were very friendly and helpful and polite. Could be cleaner as bedding ans and shower needed extra care it is a good place for a stopover. Staff were excellent especially as we arrived at 0100.,3.5,4,Ibis Marrakech Centre Gare,Marrakech,booking.com,Famille,positive,neutral
"The hotel is not in the centrum there are taxi's enough near the railway station. It is a clean hotel with a pool, The parking of the hotel is too small because there is also the parking of the busses and only a 10 places for the hotel. Ask for a room garden side. The menu is the same in all morroccan ibis hotels If you travel from one town to another in morrocco it is better to eat in another restaurant otherwise you have to eat the whole tour the same food.",4.0,10,Ibis Marrakech Centre Gare,Marrakech,tripadvisor.com,Couple,neutral,positive
It needs to improve a little bitte its rooms. I love ibis hotels this hotel is not updated My room was very damaged ect Even the elevator. This hotel is almost equal than 12 years ago,2.0,5,Ibis Marrakech Palmeraie,Marrakech,tripadvisor.com,Affaires,neutral,negative
"I booked 2 twins bed room of this awful hotel for 14 -16 Aug 2025 via Accor Hotel website with my ALL Plus Ibis status on 8 Jul 2025. When I arrive the hotel at 17:00 on 14 Aug they said my family (2 adults with two kids) and and my friends family (1 adult with three kids) could not get the rooms we paid JUST BECAUSE the hotel policy didnt accept room with 4 people The front desk staff with very rude attitude , the front desk staff said the third room can only be the one bed room due to room shortage. Accor hotel website and my bank statement. to cancel the booking and reserve another hotel. The property boasted an aged swimming pool that could do with renovation.",1.0,9,Ibis Tanger City Center,Tanger,tripadvisor.com,Famille,neutral,negative
The bed was comfortable sheets were super clean and perfect location.,4.5,2,Ibis Casa Voyageurs,Casablanca,booking.com,Famille,positive,positive
the location and the location very well the cleanliness it is the best the people of kind services a really beautiful hotel the gardens and the nice pool and I'm sure I'm going back I recommend,5.0,1,Ibis Fès,Fès,tripadvisor.com,Famille,positive,positive
For the price excellent value comfortable beds and good shower and air conditioning and was on for our arrival which was very pleasant as it was a hot evening nice pool. 2 minutes to main rail station no noise ask for room facing pool,5.0,5,Ibis Fès,Fès,expedia.com,Famille,positive,positive
The rooms were pretty clean and the staff was so friendly. Pricequality is worth it!,5.0,2,Ibis Casablanca Nearshore,Casablanca,booking.com,Couple,positive,positive
Welcoming staff. -Hot water stopped working in the morning.,3.0,2,Ibis Fès,Fès,booking.com,Solo,positive,neutral
good service sweet staff. I enjoyed my stay at Ibis Nearshore and Im looking forward to coming again. the food served at their restaurant was also delicious. the staff are so welcoming and helpful.,5.0,5,Ibis Casablanca Nearshore,Casablanca,tripadvisor.com,Solo,positive,positive
Trashy hotel outdated with nasty furniture they refused to clean the room if youre staying more than one night,1.0,3,Ibis El Jadida,El Jadida,expedia.com,Solo,negative,negative
i dont know why the bar man he doesnt say hi the funny thing i told him hi no answer i request ice its abd bar in the world no customer service un professional staff.,3.0,1,Ibis Rabat Agdal,Rabat,expedia.com,Solo,negative,neutral
The worse hotel and the worse night I had spend in a hotel for a long time!!!!,1.0,1,Ibis Casablanca City Center,Casablanca,tripadvisor.com,Affaires,negative,negative
Room was okay for a one night stay. The staff were great. Breakfast was okay. The ac in the room didn't work and the road was too noisy to have the window open. If I was to stay again I'd request a room with a view of the pool so it was on the opposite side of the building to the road. Loved the shower: hot the noise was deafening. The shower was a bit slow to drain.,4.0,8,Ibis Marrakech Centre Gare,Marrakech,expedia.com,Solo,positive,positive
Our stay at Ibis in El Jadida was fantastic! The welcoming staff clean and comfortable rooms and delicious breakfast made our visit truly enjoyable. The hotel's convenient location added to the overall positive experience. Highly recommended for a great stay in El Jadida!,5.0,6,Ibis El Jadida,El Jadida,tripadvisor.com,Solo,positive,positive
One of my favorite hotel experiences in Morocco! We came to host a four day conference and the staff took excellent care of our team and all the participants. I was especially pleased with the rooms very clean and showers were modern compared to many other hotels in Morocco. The food was great including during our coffee breaks (great variety.) The pool is a great amenity especially during the warm season I saw them clean if often.,5.0,7,Ibis Ouarzazate Centre,Ouarzazate,tripadvisor.com,Affaires,positive,positive
Great hotel with helpful sttaf at the reception thks guys for all i will come back Brakefast only limited to 3 warm dishes the cook must be at sleeping stage ! great hotel with firendly receptions staf the room was cleaned with god view nice hotel a wil comme back Great receptions staf thank you for all and wonderfull rooms great hotel with friendly reception sttaf for the breakfast it was correct and the romm was clenaed with goof wiew i love it thank you for this night i will come back,5.0,5,Ibis Casablanca City Center,Casablanca,booking.com,Couple,positive,positive
Dont stay here unless cheapness closeness to the train station is imperative. Elevator is a rickety old coffin made in the 80s with missing buttons and things to together with duct tape the lobby call button is held on with a zip tie my shower head was broken so non of the water came from the main nozzle ask them at reception to fix it was like 29C - 32C the whole time I was there my air condition unit was ancient only pumped out warm air the next day u went down stairs to ask about the air conditioning if I could be moved to another room with working aircon they said no aircon doesnt work in any room it was sweltering hot for someone from a cold country like me and she was really rude and aircon was in the promised amenities summer coz youll sweat to death I asked them if I could get an electrical fan since the air con didnt work,2.0,15,Ibis Fès,Fès,expedia.com,Solo,neutral,negative
Ibis just in front of Casa Port Railway Station on one side and Menara city center on the other side. Sofitel next doors. Else seem to be a busy place with plenty of guests occupying the rooms..,3.0,3,Ibis Casablanca City Center,Casablanca,tripadvisor.com,Affaires,neutral,neutral
Writing my review as a contributor to TripAdvisor who have a lot of experience a travel The hotel is nice enough rooms and bathrooms are OK and clean. The Good: staff in reception are helpful and always polite especially El Houcine. The Bad: Rooms of correct size cleaning need to be improved the UGLY: Biggest let down for this hotel is was the restaurant LA TABLE. On Oct 15th i had to wait for more than 20 minutes for a waiter to come take my order since they have a group dining in literally was told by that waiter i can't serve you unless finished with the group - Ruined my evening. I feel that my experience sits with an average plus,3.0,9,Ibis Marrakech Palmeraie,Marrakech,tripadvisor.com,Affaires,positive,neutral
The hotel is located in the City centre,4.5,1,Ibis Casablanca City Center,Casablanca,booking.com,Famille,neutral,positive
budget hotel that has not been updated. It is a great location for the train,2.5,2,Ibis Marrakech Centre Gare,Marrakech,booking.com,Solo,neutral,negative
Lovely staff and strategic location next to TGV train and in heart of Casa. Good and clean location Rooms are a bit small.,5.0,2,Ibis Casa Voyageurs,Casablanca,booking.com,Solo,positive,positive
Accor should improve this hotel to the Ibis standard. the bedroom had one part of the shower screen brokenremoved! The mattress is very good! We paid extra to have a breakfast food and drinks. There is not enough staff to top up the breakfast items.,1.0,6,Ibis Marrakech Centre Gare,Marrakech,tripadvisor.com,Couple,neutral,negative
I want to thank Mrs Naima for the warm Welcoming.Very Clean room with a very nice view pool.Thank you also to Kawtar and adil,5.0,1,Ibis El Jadida,El Jadida,tripadvisor.com,Groupe,positive,positive
Cool services climat sympathique et relaxante Very refreshing drinks and delicious food I highly recommend this place for short and long-standing periods Even the localisation is pretty good regarding the center of Casablanca Hope you enjoy it here As well,5.0,1,Ibis Casablanca Nearshore,Casablanca,tripadvisor.com,Groupe,positive,positive
AC was turned off on a day that was unusually hot. In order to cool room off window had to be left open which added to the difficulty to sleep because of the outside noise and neonlight shine into room.,2.0,3,Ibis Rabat Agdal,Rabat,expedia.com,Couple,neutral,negative
The best thing about this hotel was the locationAnd staff The first remove given the staff are very nice and changed me to a different room straight away,3.5,2,Ibis Marrakech Centre Gare,Marrakech,booking.com,Groupe,positive,neutral
Staff more interested in talking to each other rather than be polite at check in. Room had dirty carpet smell. no hand towel no hangers to hang up clothes,3.0,4,Ibis Casablanca City Center,Casablanca,expedia.com,Affaires,negative,neutral
Ouarzazate is easily reached by sharedindividual taxi by bus in an average journey time of 4 hours from Marrakech. up a hill and opposite the Kasbah Taourirt and immediately next to the Ibis (which looks lovely with a huge pool and big screen outside). The reception staff were very welcoming and we were very pleased with our room which contained a fridge and a safe. All rooms also have air con and satellite tv. They are advertised as having a balcony these are shared with your neighbour and also have no chairs All the public areas are very nice with a lovely pool area which never really seemed to get busy (towels provided at reception). The bar area is huge and has very reasonably priced drinks and snacks. Breakfast is served downstairs in the main restaurant and is very nice with a huge selection of food hot drinks and juices. We also ate dinner in the restaurant on our first night and had a very enjoyable meal. Many local people try and entice you in via any number of entrances. Note that there is an official entrance which is opposite the artisanal shopping complex which takes you into the Kasbah that has recently been restored (10dh). Ouarzazate town (which is much more modern than I was expecting) has quite a few shops a decent supermarket (bizarrely enough selling more alcohol and pork than anything else!) and a number of restaurants. I read somewhere that Chez Dimitri has changed its name to Café Mogador it hasnt! The 2 restaurants are miles apart! 2 fillet steaks 2 desserts water and coffee all for about 40 and it was the best steak wed eaten in a long time!!!! It was so good we ate there 2 nights is a row! The reception staff are very helpful and provided us with maps and organised an onward taxi to take us to Zagora. All in all the hotel made a lovely change to all the riads that wed been staying in and I would definitely recommend it - worthy of its 4 stars definitely!,4.0,25,Ibis Ouarzazate Centre,Ouarzazate,tripadvisor.com,Couple,positive,positive
Breakfast is OK AC not working in 3 rooms out of the 4 rooms we booked. Bathrooms should be cleaned with BETTER CLEANING PRODUCTS so we don't see the moldsmal on the corner and edges! The doors were very dirty with stains that can be easily removed by using a cleaning products and wipes!,2.0,4,Ibis Rabat Agdal,Rabat,booking.com,Groupe,negative,negative
they were doing building works and sometimes it's noisy The shower lead was leaking and could not put the air conditioner up,3.0,1,Ibis Marrakech Centre Gare,Marrakech,booking.com,Famille,negative,neutral
The worst hotel night of our life Ibis Casa Maarouf to escape absolutely! Experienced travelers with over 25 years of hotel stays to our credit Accor guests The result was a nightmarish night. we decided to brush our teeth in the shower. Totally defective bed: in the middle of the night which fall twice in the night. which half-heartedly acknowledges the responsibility of the floor crew refers us to Hotels.com for any compensation because you are not our direct guests. The hotel tells us that we should have come in the middle of the night to change rooms! Hotels.com tried to contact the hotel to no avail ( In summary: Room unworthy of a hotel Accor. Their solicitation. I am claiming the hotel night. And to think that we chose Accor for its quality standard. The worst hotel night of our life Ibis Casa Maarouf to escape absolutely! Experienced travelers with over 25 years of hotel stays to our credit Accor guests The result was a nightmarish night. we decided to brush our teeth in the shower. Totally defective bed: in the middle of the night which fall twice in the night. which half-heartedly acknowledges the responsibility of the floor crew refers us to Hotels.com for any compensation because you are not our direct guests. The hotel tells us that we should have come in the middle of the night to change rooms! Hotels.com tried to contact the hotel to no avail ( In summary: Room unworthy of a hotel Accor. Their solicitation. I am claiming the hotel night. And to think that we chose Accor for its quality standard.,1.0,32,Ibis Casa Sidi Maarouf,Casablanca,tripadvisor.com,,neutral,negative
Properly location was great and lobby was good with all amenities. the rooms were outdated and bathrooms were oldshabby moldy shower and musty smell throughout. We booked 2 night some other location.,3.0,5,Ibis Tanger City Center,Tanger,expedia.com,Famille,negative,neutral
Near the train station Faulty heating in the bedrooms for the second time in a row after my visit last October My on-site complaint was ignored by the technical department and reception.,0.5,1,Ibis Casa Voyageurs,Casablanca,booking.com,Famille,negative,negative
The staff were very helpful. Some of the doo handles in the room need replacement,5.0,2,Ibis Marrakech Palmeraie,Marrakech,booking.com,Couple,positive,positive
The staff were very friendly and helpful and the location was very convenient to the Rabat Agdal train station for our train trip on the Al Boraq to Tangier.,5.0,1,Ibis Rabat Agdal,Rabat,booking.com,Groupe,positive,positive
Great experience at Ibis Centre Gare! The staff was very welcoming and friendly from the moment I arrived. a perfect spot to relax. The bar has a cozy and inviting atmosphere ideal for enjoying a drink after a long day.,5.0,5,Ibis Marrakech Centre Gare,Marrakech,tripadvisor.com,Famille,positive,positive
The beds were comfortable luckily and clean bathroom. Good AC. The highlight of our stay was the amazing buffet breakfast which is not included in the price. Would come back for the breakfast outdated hotel that is overpriced given the facilities and condition of the building,2.0,5,Ibis Tanger City Center,Tanger,booking.com,Groupe,positive,negative
The hotel is located in a very secure business complex surrounded with many companies offices. It is clean and modern with very friendly staff. The hotel is not very far from the airport and it is very accessible to the auto road where you can reach the rest of morocco.,3.0,3,Ibis Casablanca Nearshore,Casablanca,tripadvisor.com,Solo,positive,neutral
bad service no room clean,5.0,1,Ibis Marrakech Palmeraie,Marrakech,expedia.com,Affaires,negative,positive
Room very small very expensive,2.0,2,Ibis Tanger City Center,Tanger,expedia.com,Affaires,neutral,negative
Good hotel with very comfortable room,5.0,1,Ibis Meknès,Meknès,expedia.com,Affaires,positive,positive
been to loads of hotels in tangier and this is the best beyond doubt by malabata and good restuarants and the rooms are clean as the sheets,3.0,2,Ibis Tanger City Center,Tanger,tripadvisor.com,Solo,positive,neutral
Location and cleanes,4.0,1,Ibis Tanger City Center,Tanger,booking.com,Couple,positive,positive
A nice family hotel. Close to the city and train station.,3.0,2,Ibis Marrakech Centre Gare,Marrakech,tripadvisor.com,Famille,positive,neutral
Great Staff. Polite and helpful. Keen to make our stay comfortable.,5.0,3,Ibis Casablanca City Center,Casablanca,expedia.com,,positive,positive
Next to the railway station little fun park little shopping center very helpful and professional staff that weren't able to speak with us (in English) and were always pointing at the other receptionists.,4.0,5,Ibis Tanger City Center,Tanger,tripadvisor.com,Groupe,neutral,positive
Very nice and clean hotel the staff were very friendly and helpful the breakfast is perfect I highly recommend the hotel Location A wonderful stay that lasted three days at this beautiful hotel. with high standards of cleanliness and relaxation fully met along with a calm atmosphere that makes the stay truly enjoyable. I would also like to highlight the excellent service and professionalism of some staff members as well as the entire team at the reception who all showed great respect and hospitality. A successful experience that I highly recommend to anyone visiting Casablanca and looking for a comfortable stay with outstanding service.,5.0,9,Ibis Casa Sidi Maarouf,Casablanca,booking.com,Solo,positive,positive
I stayed at this hotel for 3 nights at the end of August stress free check in as an Accor member. My room was well positioned overlooking the pool area clean and with a perfectly working AC. both in the room and bathroom. Garden and pool area was well maintained there seemed to be enough sun beds for everyone Service was good when I got someones attention the hotel seemed understaffed and took a finding staff when I needed. I enjoyed my stay and am happy to return.,4.0,11,Ibis Marrakech Centre Gare,Marrakech,tripadvisor.com,Solo,positive,positive
"otherwise, very pleasant stay",4.0,1,Ibis Rabat Agdal,Rabat,expedia.com,Famille,positive,positive
Location ambiance Breakfast was served late,4.0,1,Ibis Fès,Fès,booking.com,Solo,neutral,positive
"Stayed here for a few nights and had a very good stay. Ok, breakfast isnt great, the rooms are nice and very clean. Friendly staff close to the bus- and train station nice walk) of the touristic center.",4.0,6,Ibis Marrakech Centre Gare,Marrakech,tripadvisor.com,,positive,positive
"The room has no water,",2.0,1,Ibis Casa Voyageurs,Casablanca,expedia.com,,negative,negative
Its right across the street from the train station. Modern clean hotel right where the train station was. Friendly personal,5.0,3,Ibis Casablanca City Center,Casablanca,booking.com,Solo,positive,positive
Located right next to the Casablanca central train station. You don't even have to cross the road to get there You can find a few good cafés within 200-300 meters Traffic noise can be bothersome.,4.0,2,Ibis Casa Voyageurs,Casablanca,booking.com,Famille,neutral,positive
Friendly staff safe No gym,4.0,2,Ibis Tanger City Center,Tanger,booking.com,Solo,positive,positive
Clean room Kind staff Dont disturb Please clean the room Labels Water cups in the room,4.0,2,Ibis Casablanca Nearshore,Casablanca,booking.com,Solo,neutral,positive
"Excellent Experience ! I recently had the pleasure of staying at Ibis hotel Tanger City Centre it was a very enjoyable experience. The hotel is perfectly located in the city centre just a few minutes walk from the beach and the city mall. Its central location makes it extremely convenient for both leisure and shopping. Its also well connected by taxi and local transport and there are plenty of local shops and restaurants nearby One of the highlights of my stay was the exceptional customer service. The staff were polite and always ready to help with a smile. They truly go the extra mile to ensure guests feel comfortable and well taken care of. I also had the opportunity to enjoy iftar dinner at the hotel and it was a wonderful experience. The food selection was excellent with a variety of delicious options served in a pleasant and relaxing environment. It was a memorable dining experience. The only downside is that the hotel could benefit from some refurbishment In summary, my experience was very positive. Thanks to the great location outstanding service and enjoyable dining experience I would happily stay at this hotel again.",5.0,24,Ibis Tanger City Center,Tanger,expedia.com,Solo,positive,positive
most nights dogs barking throughout the nights,3.0,1,Ibis Mohammedia,Mohammedia,expedia.com,Affaires,negative,neutral
the welcome and staff of the hotel was really friendly especially with mohamed from the front desck i also loved the quiet and clean rooms the breakfast is little perfect ... ideal location for business stays Hotel staff are very approachable and nice with smile from front desk named Mohammed and the other hotel crew named Khalil and Rida. I would recommend this hotel in my friends colleagues and other people want to stay in a relaxing and a customer oriented place like this. This was my first time in Morocco for a business conference and i must commend that my stay at the Ibis Hotel Casa Nearshore has been nothing short of amazing. A big thank you to Mohammed at the front desk who was very helpful from the first day i arrived the hotel till i checked out and also all the wonderful staff at the Ibis kitchen who made a routine breakfast setting something you look forward to everyday. I would recommend this hotel to anyone that has business in Casablanca Very nice and clean hotel. Staffs are kind and reliable. Especially Mohamed at front desk and Sara at kitchen. Surrounding areas are very neat. Tajine beef and chicken tastes awesome. I travel constantly for work issues to casablanca and after trying several hotels for me the best option is the ibis hotel in nearshore. Very good communications with casablanca and you avoid all the agglomerations that form both to enter the capital and to leave. The rooms are very comfortable and clean. The staff is very friendly. Especially the girls that are in the restaurant of the hotel Sara y Bouchara. Very nice and a very nice treatment. In general people are very nice and willing to help.,5.0,22,Ibis Casablanca Nearshore,Casablanca,tripadvisor.com,Affaires,positive,positive
Ideal location all in walking distance,4.5,1,Ibis Ouarzazate Centre,Ouarzazate,booking.com,Solo,positive,positive
Cost effective basic amenities Reception guys could have been friendlier Room and breakfast no soap in the bathroom Close to the train station Room was clean No safety locker in the room.,3.5,6,Ibis Casablanca City Center,Casablanca,booking.com,Solo,neutral,neutral
"The hotel is closed to train station even you can see it from the station. It is very convenient if ypu plan traveling by train. It's not difficult to find taxi to bring everywhere I want. Breakfast is buffet and the food was OK. The staffs are friendly and informative. The room was clean and the bed was so comfortable. , the towels are looked old. It's perfect for one night stay.",4.0,9,Ibis Tanger City Center,Tanger,tripadvisor.com,Solo,positive,positive
Very nice experience Room 132 I stayed in room 132 at the Ibis Marrakech Centre Gare and everything was perfect. The room was very very clean tidy and perfectly maintained. The bedding is comfortable and the air conditioning works very well. The bathroom was spotless The staff is friendly and professional. An excellent stay that I recommend without hesitation.,5.0,8,Ibis Marrakech Centre Gare,Marrakech,tripadvisor.com,Couple,positive,positive
"Somehow surprised by negative revies: hey Location is superb - 2 min by car Relatively clean, minimal edible breakfast no noise from anywhere whilst sleeping. Overall good enough especially taking amount paid for stay there.",3.0,6,Ibis El Jadida,El Jadida,tripadvisor.com,Couple,positive,neutral
Breakfast is ok. Location is good Dont have kettle to cook and mske hot dtink water in the room,3.5,2,Ibis Tanger City Center,Tanger,booking.com,Solo,positive,neutral
Location and cleanliness Pool area was lacking chairs Breakfast was poor Some staff coukd have been friendlier,3.5,1,Ibis Meknès,Meknès,booking.com,Famille,negative,neutral
Very good it was a wonderful hotel. Thank you for your warm welcome.,5.0,3,Ibis Abdelmoumen Casa,Casablanca,booking.com,Couple,positive,positive
they all provide comfy bed and basic room. the one in Marrakesh is great because of its central location next to Gare de Marrakech and Supra Bus train station everything is convenient and walking distance. To go to the old city Enjoyed our stay here just because of the location service was pretty standard as we use the hotel just to sleep and recharge great to explore the city.,4.0,8,Ibis Marrakech Centre Gare,Marrakech,tripadvisor.com,Couple,positive,positive
including the rooms very competent and helpful staff do their best to put themselves at the service of the customer,3.0,4,Ibis Marrakech Centre Gare,Marrakech,tripadvisor.com,Groupe,positive,neutral
Great hotel staff were fantastic and helpful and friendly at all times. Good location too. Only downside was not having a fridge in the room.,4.0,4,Ibis Meknès,Meknès,booking.com,Famille,positive,positive
"The staff was friendly and helpful. It was clean. The room was small The restroom was small. The shower was a nice size and had plenty of hot water. I am a picky eater, The location was near several restaurants including Pizza Hut and McDonald's. It was close to the CTM bus station and the train station. Initially, We only got one towel. The hospitality of the staffs was excellent and very inviting. There are no electric kettle in the room for tea lovers",4.5,12,Ibis Casablanca City Center,Casablanca,booking.com,Couple,neutral,positive
When we arrived in Marrakech we decided to go to the IBIS hotel at the train station and see if they could help us make contact with the other hotel. The manager on duty at the time Since the cleaning staff had gone home for the night,5.0,3,Ibis Marrakech Centre Gare,Marrakech,tripadvisor.com,Famille,neutral,positive
The hotel is located just outside Casa Voyageurs train station with trains directly from airport. I took early train from Casablanca to Marrakech which the train run from this station. city centre by train (1 station) Hotel is clean room is large and with free wifi. Good for short stay,4.0,7,Ibis Casa Voyageurs,Casablanca,tripadvisor.com,Affaires,neutral,positive
The hotel was moderately priced and thus the service is what was paid for. small room minimal service. It was a place for sleeping nothing more. The hotel has a small pool,3.0,5,Ibis Marrakech Centre Gare,Marrakech,tripadvisor.com,Solo,positive,neutral
It was very convenient because the hotel is close to the train station. Also thanks for wonderful balcony and beautiful breakfast Only one charger was in the room and there were not hand towels,4.0,3,Ibis Marrakech Centre Gare,Marrakech,booking.com,Couple,positive,positive
"The staff at this hotel are very courteous and willing to please at all times. Fantastic breakfasts served to keep you going right through to dinner time. Accommodation is fairly basic, considering the cost it's great value for money. Laundry service is great we travelled home with no dirty clothes after a complete month",4.0,6,Ibis Marrakech Centre Gare,Marrakech,tripadvisor.com,,positive,positive
"It is a short distance from the city centre, there is no inconvenience as it is a 1 minute walk from the tram station Wafasalaf. As it is an Accor hotel The staff were also very good at their job. The room is not that big, air conditioning and a table no fridge The Wi-Fi was comfortable and the location of outlets was easy to use. The bathroom was easy to use and the shower had no water pressure hot water issues, there was no bathtub and amenities. There was soap provided. Overall it was reasonably priced comfortable and impeccable.",5.0,14,Ibis Abdelmoumen Casa,Casablanca,tripadvisor.com,Solo,neutral,positive
It was a solid if unspectacular choice with pretty good rooms (good size free Wifi hot water ok bathroom). The receptionist was either grumpy The restaurant is a little overpriced offers different options to the standard fare of tangines and we tried some very good Saharan wine.,3.0,7,Ibis Ouarzazate Centre,Ouarzazate,tripadvisor.com,Couple,positive,neutral
The location The room and all things in it .. towls not clean and there is no champoo in the shower,1.0,1,Ibis Abdelmoumen Casa,Casablanca,booking.com,Famille,negative,negative
location staff price,2.5,1,Ibis Casa Voyageurs,Casablanca,booking.com,Couple,neutral,negative
3.00 for one orange and 3.00 for one apple at Ibis La Gare Marrakech.,2.0,1,Ibis Marrakech Centre Gare,Marrakech,tripadvisor.com,Solo,neutral,negative
Nice area close to major cities nice atmosphere.,5.0,2,Ibis Mohammedia,Mohammedia,expedia.com,Solo,positive,positive
Amazing stay at the hotel Staff are so helpful and so friendly My idea about ibis did change after my experience in morroco amazing,5.0,1,Ibis Casa Voyageurs,Casablanca,expedia.com,Affaires,positive,positive
V.g location.Nice and helpful Staff. Iam.grateful to.the manager who managed to accommodate us for the second d night Clean swimming pool. Clean room. Thank.you.to all attentive staff Staff fantastic and very friendly breakfast excellent hotel location brilliant Room little tired looking,4.0,6,Ibis Marrakech Centre Gare,Marrakech,booking.com,Famille,positive,positive
Thats good for businesses and travelers in the cities.,5.0,1,Ibis Rabat Agdal,Rabat,expedia.com,Affaires,positive,positive
Nothing should be taken off booking until they finish renovating and do thorough cleans of room No lift not like advertised also nothing in the hotel is good very bad smell on entry waste of money could not even get a refund,0.5,1,Ibis Marrakech Centre Gare,Marrakech,booking.com,Couple,negative,negative
Great location The pool not so great,4.0,1,Ibis Tanger City Center,Tanger,booking.com,Couple,positive,positive
Breakfast is just ok. What I didn't like was to put a very old towel in the bathroom for us.,2.5,1,Ibis Tanger City Center,Tanger,booking.com,Couple,negative,negative
Hello everyone. Very clean rooms with balcony. Comfortable mattresses .thank you very much for the Welcoming Clean hotel well located. I want to thank the team at Ibis el Jadida very much. Very clean room. Warm Welcoming. Good location Best reception staff Grand piscine Views of the rooms Best Price quality ratio.. He crux thank Beauvoir lequipe ibis el jadida. Room very clean...........home warmth...... Thank you Beauvoir mme naima for your kindness I am madam Bouchra of room 202 . very clean room with beautiful sea view. Pool very clean.thank you very much For all the team I had a very good experience........very clean room sea view comfortable mattress.....thanks for all the team ibis el jadida I had a very nice experience with my son.......very clean room ......with a very nice sea view the 214 ..........I want to thank Mrs. Naima for the warm Welcoming varied breakfast.very clean and large pool Thank you for all the team ibis el jaduda.....room very clean room nor a clean bathroom..... C very clean comfortable room thank you very much for all the team.................. I had a very nice experience ......very Clean room with a very nice view . Warm Welcoming thank you For staf ibis el jadida I want to thank very much ibis El jadida staff. Very clean room the comfortable atlas thank you for all'''' ''' ''' ''' I had a great time at Hotel Ibis El Jadida me and my family. The staff is welcoming professional and always smiling. The room was clean well maintained and comfortable without forgetting the magnificent sea view Welcoming and attentive staff. clean rooms. The stay was pleasant. The bed was very cozy and the view beautiful The rooms are comfortable and clean the staff is perfect. I would like to thank warmly the staff of the establishment in particular Mrs. NAIMA in her capacity as general governess of the establishment I very much enjoyed the Welcoming For their professionalism and kindness and their availability I had a very pleasant and quiet stay at the ibis moussafir el jadida hotel .......................Warm Welcoming.................nice service................magnificent breakfast I had a great time in the hotel.......... Cleanliness of rooms ............. and breakfast well served .......... Thank youiiiii Very good time...... excellent breakfast...... Pleasant stay ...............comfortable mattress...........warm welcome,5.0,40,Ibis El Jadida,El Jadida,tripadvisor.com,Famille,positive,positive
Excellent location very close to train station. Very friendly staff.,5.0,2,Ibis Casa Voyageurs,Casablanca,expedia.com,Solo,positive,positive
"Service, staff, restaurant and atmosphere are all below expectations even for value for money hotels.",3.0,1,Ibis Casablanca City Center,Casablanca,tripadvisor.com,Affaires,negative,neutral
Run of the mill business hotel near the train station convenient for train travel nearby TV wasnt working in my room was given a new room. In new room I could not get inside the shower as the plastic seam was in the wrong way and blocked the entry that got sorted when I called reception. Had my dinner in the hotel restaurant and the beef served was so very chewy and almost impossible to eat The room was nice very clean As for the Wi Fi Regarding breakfast Irish breakfast and a variety of cheeses. considering the price as only a few people at reception could communicate well.,4.0,15,Ibis Rabat Agdal,Rabat,booking.com,Solo,neutral,positive
Next to Casa Port train station and CTM bus station so good location. no train to airport directly from Casa Port so keep that in mind if you have to catch a flight. Hotel itself was fine. Room was ok and clean. would be nice if there was a bath mat available in the bathroom. Breakfast was ok. Staff were nice. Great location lovely staff the best breakfast I have ever had in a hotel.,5.0,9,Ibis Casablanca City Center,Casablanca,expedia.com,Couple,positive,positive
"Sorry to disturb you. Ok. We asked to find an iron and leave at our room. Common, guys, you are a hotel from an Accor chain! The next thing is cleanliness. There were dirty spots on the sheets. This hotel doesnt deserve being IBIS.",1.5,6,Ibis Marrakech Palmeraie,Marrakech,booking.com,Couple,negative,negative
Location and staff Breakfast and sanitary,3.5,1,Ibis Ouarzazate Centre,Ouarzazate,booking.com,Couple,neutral,neutral
Staff in reception restaurant and housekeeping No tea and coffee maker- electric kettle -in all rooms,4.5,2,Ibis Rabat Agdal,Rabat,booking.com,Solo,neutral,positive
The room was not prepared in my arrival and I have to wait almost 1 hour more to get more ready,1.0,1,Ibis Ouarzazate Centre,Ouarzazate,booking.com,Solo,negative,negative
Good location Air conditioning is very hot,3.5,1,Ibis Abdelmoumen Casa,Casablanca,booking.com,Solo,positive,neutral
"The hotel is so convenient as it is steps away from Train Station. Breakfast is a bit above average for Ibis hotels. Some rooms are nicer than others we asked them to change our room for a better one which they did. Restaurant is good and their waiters are very nice. Convenient location and generally good all round, as this site jumps from average to very good it is hard to rate things as good.",3.0,7,Ibis Fès,Fès,tripadvisor.com,Couple,positive,neutral
Very nice hotel with very helpful staff.abit overpriced considering breakfast is not included.train staion 30 seconds away.would stay here again!there was no fridge in the room which was not helpful i think they just wanted you to use their bar downstairs,4.0,1,Ibis Fès,Fès,tripadvisor.com,Groupe,positive,positive
Clean and centrally located nice pool,5.0,2,Ibis Marrakech Centre Gare,Marrakech,expedia.com,,positive,positive
We stayed here due to the proximity to the train station. You can see it as you exit - so the location is perfect and only a 5 minute cheap taxi ride from the Medina. our room was clean the bedding changed daily and our best shower in Morocco. We found the staff really helpful - they gave us good information on getting around The bar served nice food at a reasonable price I didnt like the restaurant food - it was very basic and bland. The hotel is right next to the train station. There are a lot of taxis around the corner. The location of the hotel Ablr is to go to the attractions at reasonable time and money. The trip to airport by taxi took about 30 mins (120 Dirham) and to the old town around 8 mins (about 20 Dirham).The facilities in the room is basic enough for one night of stay. The receptionists were helpful enough to help us to print the boarding passes and proved us with information of the city.,4.0,13,Ibis Fès,Fès,tripadvisor.com,Groupe,positive,positive
Excellent location near train station and restaurants. Disty room stinky bathroom air conditioning doesnt work properly and the room was always warm.,2.0,6,Ibis Marrakech Centre Gare,Marrakech,tripadvisor.com,Groupe,neutral,negative
I really want to appreciate the staff members for their exceptional reception and their willingness to make guest feel comfortable in the facility. The staff is so nice and polite. The receptionists are good.,4.5,5,Ibis Casa Voyageurs,Casablanca,booking.com,Famille,positive,positive
"Excellent hotel. Welcome , very friendly reception. Large and very clean rooms. Excellent breakfast. Great location. Nothing negative about this hotel I recommend. The children and we liked staying at this hotel. The staff is great",5.0,9,Ibis Mohammedia,Mohammedia,tripadvisor.com,Famille,positive,positive
", a disappointing experience at Ibis Marrakech. I have arrived at the hotel in the evening and asked the lady receptionist if there was any rooms available? when I came back to the same receptionist about 10 minutes after I specifically told her I found availability at your hotel in Booking.com she replied No there are no rooms I did not update the system! Anyway, I spend the night the room was not up to the standards at all I will post all the pictures there was cockroch",1.0,6,Ibis Marrakech Centre Gare,Marrakech,booking.com,Famille,negative,negative
Location Cleanness was very poor Staff was not welcoming The cards are not working I had to go back and forth to the reception many times No car parking Overall the experience was bad and will never go back to this hotel,0.5,2,Ibis Tanger City Center,Tanger,booking.com,Solo,negative,negative
Brahim on reception along with the car park security guard provided excellent service and should be regarded as an example to some other staff at this hotel on how to properly represent the brand and provide a great customer experience The chap running the restaurant was very busy trying to service all the guests using the restaurant. The food was good Maybe a clean at the end of the night would have been appropriate and I have no words for the action of flushing the rubbish straight into the pool,3.5,4,Ibis Ouarzazate Centre,Ouarzazate,booking.com,Solo,positive,neutral
The hotel is located next to the train station which is a plus it is also beginning to look a little tired. The bed listed significantly not bad and reasonable value for money.,3.0,5,Ibis Marrakech Centre Gare,Marrakech,tripadvisor.com,,positive,neutral
Clean room Fettah was kind during check out during reception Reception told me there is another task in morocco and asked extra money After a small discussion There is a billard table next to very close to reception not good it is blocking the entrance and young people playing billard next to reception and disturbing client at the reception.,3.5,5,Ibis Casa Sidi Maarouf,Casablanca,booking.com,Solo,neutral,neutral
The hotel was near train station no dining option insjde hotel limited restaurant menu no ac in the room housekeeping came into room so early noisy and very unkept.,2.0,6,Ibis Marrakech Centre Gare,Marrakech,expedia.com,,neutral,negative
Beautiful building. Lovely huge pool. Pretty entrance and garden areas.,4.0,3,Ibis Ouarzazate Centre,Ouarzazate,expedia.com,,positive,positive
The staff was friendly and helpful Constant noise at the hotel works was being done early in the morning and wasnt not informed about any of these works being done. Nothing The were was no hygiene bugs all over the room no towels soap in the room and staff were not nice and helpful,0.5,3,Ibis Marrakech Centre Gare,Marrakech,booking.com,Groupe,negative,negative
Just the location. The working staffs they are not friendly Only good as a cheap If you need train station close Fast check in Breakfast and service was extremely bad.,2.5,3,Ibis Casa Voyageurs,Casablanca,booking.com,Solo,negative,negative
Thank you for making my stay in your hotel very nice i hope come back as soon as possible my family and I we had a very nice experience in marakech and its thanks to ibis palmeraie and your professional staff thank you again,5.0,1,Ibis Marrakech Centre Gare,Marrakech,tripadvisor.com,Famille,positive,positive
Very well located welcome to the top well appointed and carefully prepared room clean and well maintained staff very nice.,5.0,5,Ibis Mohammedia,Mohammedia,tripadvisor.com,Groupe,positive,positive
Very dirty hotel dust all over the floor and furniture disgusting bathroom arrogance of staff and managers. Very disappointed with the quality and hygiene of the hotel A shame for the Accor group.,1.0,5,Ibis Casablanca Nearshore,Casablanca,tripadvisor.com,Solo,negative,negative
My hotel room was on the small side and the bed was small. The room didn't need AC which it didn't have could have used a fan. The pool area outside was lovely and I took a short dip The dining area was nice as well overlooking the pool and garden.,3.0,6,Ibis Fès,Fès,tripadvisor.com,Solo,neutral,neutral
staff appeared disinterested rooms basic very poor air conditioning which made the night uncomfortable.,2.0,3,Ibis Ouarzazate Centre,Ouarzazate,tripadvisor.com,,negative,negative
Th breakfast was okay The serenity of the location The language barrier between myself and the hotel staff,4.0,2,Ibis Casablanca City Center,Casablanca,booking.com,Groupe,positive,positive
This is a good 'business man's' hotel like good WIFI and a very nice breakfast. You can get rooms with breakfast included It is very convenient to the Casa Port train station the Medina and some very good local restaurants - all within walking distance. The staff are friendly and helpful. Because of the nearby road construction the rooms facing the train station can be noise if you open the window. This will be the case for the next few months until the construction is finished...these would be the even numbered rooms on each floor right now.,4.0,9,Ibis Casablanca City Center,Casablanca,tripadvisor.com,Affaires,positive,positive
I like the restaurant staff the recipient services it was stunning The water inside the bathroom after making stool so we need to clean our bottom of the leg,5.0,1,Ibis Casa Sidi Maarouf,Casablanca,booking.com,Groupe,positive,positive
"Super clean hotel and nice cosy rooms Nice and clean. Secure and comfortable. , limited choice of dinner",4.0,4,Ibis Rabat Agdal,Rabat,expedia.com,Famille,positive,positive
The proximity to the Casa Voyageurs station is a huge plus. The ease of getting from airport to the station and wheeling the bags across is a huge plus.,4.5,2,Ibis Casa Voyageurs,Casablanca,booking.com,Groupe,positive,positive
The hotel is in a very convenient location in Casablanca. Rooms were clean and cosy for a short stay. We dd not eat at the hotel as there are many other options at the train station which is a short 2 minute walk away and will save you the overpriced hotel meals. If you are looking for a mid-range hotel with modern conveniences this is for you. The location is near the old town and a 10-min (small) taxi ride to the famous mosque. The staff were very friendly and helpful. The room was clean and comfortable. and also the road changes. So be prepared if you are driving your car there.,4.0,11,Ibis Casablanca City Center,Casablanca,tripadvisor.com,Groupe,positive,positive
The staff at reception were extremely accommodating to point they arranged a late check out in Marrakech and booked me in promptly and gave me great customer service and I must add the food I ordered grilled beef steak with fries vegetables and sautéed potatoes where a joy after a long day!! Most of all the room rates are reasonable!! I highly recommend for overnight stay,5.0,4,Ibis Tanger City Center,Tanger,tripadvisor.com,Solo,positive,positive
Great hotel,5.0,1,Ibis Casablanca City Center,Casablanca,expedia.com,,positive,positive
So am telling you run away dont ever think of this hotel Run away - if you read this comment it means your seek for advice .,0.5,1,Ibis Casablanca Nearshore,Casablanca,booking.com,Solo,neutral,negative
I stayed in Ibis Hotel from 17-21st May 2023 and I must confess I was not disappointed. decided to hold on to it because of its accessibility to the Airport (you can take buses L19 - return ticket cost 30 Drh Carrefour supermarket and the Marakesh Train Station. The room was basic very clean . The staff were very helpful and friendly. I didnt use the pool There are buses from outside the hotel to the Souk My only off point to this hotel is there was no Fridge I was provided Ice and hot water whenever I asked at the bar downstairs,4.0,10,Ibis Marrakech Centre Gare,Marrakech,expedia.com,Affaires,neutral,positive
The location is great if youre traveling by train. Its within walking distance of Tanger Ville station. The room was warm the air conditioning didnt work properly and the place was quite noisy. its an okay hotel.,3.0,6,Ibis Tanger City Center,Tanger,booking.com,Solo,positive,neutral
"This hotel is in a good location next to the train station. The room is very clean and WiFi is good. after check in I confirmed the room number with the receptionist. the security staff volunteered to help with our luggage to our room. When we finally arrived to the right room we found that the room was still occupied. I would give credit to the security as he immediately knows to find the maid figuring out which room is available then proceed to help us changing our room. During the process Ive witness 2 other people checking out and no such request was made. The staff was very unprofessional and most of them have hard time talking in English so if you need any help they couldnt help you that effectively. Lastly, when you check into the room apparently they have policy that they will issue you towels later rather than have it prepared already as you entered the room. Its very disappointing for the whole experience since this is one of the cleanest rooms with usable WiFi out of all the places I have stayed in Morocco.",1.0,10,Ibis Fès,Fès,tripadvisor.com,Couple,positive,negative
"When I entered my room after check in The other thing surprised and reluctant is that Hotels housekeeper cleaned my room and took towels in the bath room I was having breakfast in the hotel. When I came back to my room I and my friends realized it and asked them to give 2 towels for taking shower. housekeeper were complaining to us and said ""we will give you only 1 towel because all others are in washing."" So, we took a shower sharing one towel. And we were once again shocked when we passed their storage to check out the hotel.we found a lot of towels stacked on the shelf in the their storage. , It was my worst stay and I strongly request to you to manage quality of the service.",1.0,9,Ibis Casablanca City Center,Casablanca,tripadvisor.com,Groupe,neutral,negative
Good stay very nice hotel well equipped and maintained very clean clean room warm welcome Thank you very much for the magnificent service I thank especially Achraf who served us during the stay with great attention and professionalism I recommend you bcp this magnificent establishment.,5.0,7,Ibis Mohammedia,Mohammedia,tripadvisor.com,Affaires,positive,positive
It is hard enough to find a hotel that combines service and cleanliness ... Ibis city center takes up this challenge in Morocco. Staff helpful and available... It will be difficult to find the same level of service and cleanliness in Morocco at this price...,5.0,3,Ibis Tanger City Center,Tanger,tripadvisor.com,Solo,positive,positive
We spent in this hotel just one night And in the morning took us only 12 min by taxi to be at the airport. aircondition in our room worked very well and the most important thing for me was the bathroom was very clean. its located between main train station and busy Avenue Hassan II.,3.0,5,Ibis Marrakech Centre Gare,Marrakech,tripadvisor.com,Couple,neutral,neutral
This hotel was absolutely perfect. Location is excellent right next to train station you use the bus to get to the main town. Staff are incredible Upon arrival we paid extra for a suite room as the other rooms weren't very nice. The pool is lovely too.,5.0,6,Ibis Marrakech Centre Gare,Marrakech,tripadvisor.com,Couple,positive,positive
Reception team were so helpful,4.5,1,Ibis Tanger City Center,Tanger,booking.com,Famille,positive,positive
"Location and courteous staff Tea maker not in the room Good Good proximity to the train station great water pressure in the shower the room didn't have a refrigerator and i couldn't get the AC to work. It's right in front of the train station The lobby and restaurant areas are pleasant. The room is quite basic, it's fine for a one-night stay. Only the waiters and receptionists speak some English. The breakfast is decent, the staff seemed tired and not very eager to help. Usually, receptionists are friendlier, perhaps I'm used to staying in more luxurious family-run hotels,",4.0,15,Ibis Casa Voyageurs,Casablanca,booking.com,Solo,neutral,positive
"It all comes down to the service that you get and how it is delivered. The room typical ibis The only thing that stood out was how fresh the air in the room was. The hotel is centrally located. The port is 4 blocks away where you have 2 good restaurants - Ostrea and the Restaurant du Port . Casa Port train station is 2 blocks away. this hotel could gain much ground. We did nit eat at the hotel. If you plan on spending anytime at the hotel for sleeping, this hotel is not for you.the rooms are very tight and the lobby is unfriendly.",3.0,10,Ibis Casablanca City Center,Casablanca,tripadvisor.com,Famille,neutral,neutral
People were friendly hotel rooms outdated breakfast was ok,4.0,3,Ibis Marrakech Palmeraie,Marrakech,expedia.com,,positive,positive
Very pleasant staff very good value for money clean and well maintained hotel. Perfect location very well served by two main tram lines which allows efficient and fast travel for visits. A very good breakfast.,5.0,6,Ibis Abdelmoumen Casa,Casablanca,tripadvisor.com,Affaires,positive,positive
Good location. welcoming staff. car parking available. late check out some bad smells in toilet,3.5,4,Ibis Mohammedia,Mohammedia,booking.com,Solo,positive,neutral
Great location was very clean,5.0,2,Ibis Ouarzazate Centre,Ouarzazate,booking.com,Groupe,positive,positive
"The cockerels free in the garden The green The pool - Noise from the plastic chairs in the internal courtyard which ""scratch"" on the floor and are a nuisance at all hours of the day - Internet connection slow and not ideal for remote work activities - Scam breakfast: differs from the photos published on Booking cold and hard harcha made in the previous days cold ftair I suggest not buying breakfast with the room, having it at the bar near the hotel at a lower price also of better quality. - Most of the reception members are kind and helpful, the senior members should be better trained in a courtesy greeting - Nauseating smell of burnt plastic coming from a neighboring area outside the hotel",2.0,11,Ibis Fès,Fès,booking.com,Solo,neutral,negative
walking distance to Tanger train station The Check in staff were very friendly......The break fast offered is also good There was no Kettle for Boiling Water in the Room,4.5,2,Ibis Tanger City Center,Tanger,booking.com,Solo,neutral,positive
All the Staff from top to bottom were amazing and extremely helpful The staff are all absolutely amazing from top to bottom monsif and Ismael made a 3 hotel feel like a 5 hotel. The young ladies at the front desk are also so helpful and accommodating.,5.0,4,Ibis Meknès,Meknès,booking.com,Famille,positive,positive
Clean place Not worth the price. Bathroom door was broken and couldnt be closed.,2.5,2,Ibis Ouarzazate Centre,Ouarzazate,booking.com,Couple,negative,negative
I highly recommend this hotel Beautiful location panoramic view Cleanliness of the hotel at the top I add that the staff is very friendly The food is very good .. Well placed on the edge of the city Nice well-kept room facing the sea. Staff very kind and perfect welcome.,5.0,4,Ibis El Jadida,El Jadida,tripadvisor.com,Solo,positive,positive
People were nice. Well situation right in the new area between the city and the freeway to the airport. Rooms are large and confortable. Business area. Be careful in the future it could be noisy due to a bridge under building.,4.0,5,Ibis Casa Sidi Maarouf,Casablanca,expedia.com,,positive,positive
Location Tiny,3.5,1,Ibis Abdelmoumen Casa,Casablanca,booking.com,Groupe,neutral,neutral
Rooms were clean I wish the staff will help take your bags up. This is my second time staying and its been the same experience The location of the hotel is just perfect close to train station and to bus stop for the airport. The staff at the front desk and the bar was very nice!,4.0,5,Ibis Casablanca City Center,Casablanca,booking.com,Groupe,positive,positive
"The description of the breakfast in this hotel starts and ends with NO. No fruit salad- in Morocco No omelette no attitude of the staff Ibis is supppsed to be good for the price, Casablancan Ibis",1.0,6,Ibis Casablanca City Center,Casablanca,tripadvisor.com,,neutral,negative
Great customer service great location good breakfast very comfy nice lobby. mini-fridge in the room. There was a strong scent in the room and I could only open the window a little.,4.5,7,Ibis Casablanca Nearshore,Casablanca,booking.com,Solo,positive,positive
Room was too small bathroom was too small. Breakfast was decent,2.0,2,Ibis Rabat Agdal,Rabat,expedia.com,Famille,negative,negative
Air conditioning was not working properly first day.,3.0,1,Ibis Fès,Fès,expedia.com,,negative,neutral
The reception man is so rude The reception man,0.5,1,Ibis Abdelmoumen Casa,Casablanca,booking.com,Solo,negative,negative
Very nice breakfast. Easy access to taxis. Clean and quiet room.,5.0,3,Ibis Rabat Agdal,Rabat,expedia.com,Affaires,positive,positive
its a nice hotel for the money you pay so close to the train station if you are traveling the next day.ok the could have hairdryer it was clean and the staff nice and helpful.medina is far so better get a taxi . we had a room with pool view and it was quite and warm.,4.0,5,Ibis Fès,Fès,tripadvisor.com,Famille,positive,positive
The receptionists were helpful and friendly. The pool was set in nice surroundings as it's not heated it's too cold to go in for a swim,4.0,3,Ibis Fès,Fès,tripadvisor.com,Couple,positive,positive
A hotel situated in the business district 12 km from the city centre. It is an average hotel without anything special. The internet was not working properly.,3.5,3,Ibis Casablanca Nearshore,Casablanca,booking.com,Famille,negative,neutral
I very much enjoyed the stay here. The location is super convenient for me. The staff are very friendly. Thank you guys so much for the incredible hospitality. This is our second stay in the hotel with my wife. The room is clean and functional. The bedding is good. We chose this property for its access to the center and its proximity to the exit of Casablanca. The professionalism and responsiveness of the team are also noteworthy. I recommend. Thank you for the warm welcome thank you for the team at the reception as well as restaurant and bar welcome and continuous good service. Free parking Free WiFi Super DJ Dinner well Hyper reception Courage and good continuation equipe ibis,5.0,12,Ibis Casablanca Nearshore,Casablanca,tripadvisor.com,Couple,positive,positive
This hotel was booked for me It is clean and the staff is very friendly and helpful. Lunch and diner are good not much choice and the breakfast was a nice buffet. The room was small and not very modern ...,3.0,5,Ibis Tanger City Center,Tanger,tripadvisor.com,Affaires,positive,neutral
About average .. Not enough value for the price The property was close to the train station so we could walk there nice and easily. The staff really tried to help even if they didnt quite understand us. The breakfast is overpriced for what you can get. no thing to talk room not clean,2.5,5,Ibis Tanger City Center,Tanger,booking.com,Couple,negative,negative
Close to the city and from there you reach many places The room is very small There are no Refrigerator in the room,4.5,1,Ibis Casablanca City Center,Casablanca,booking.com,Groupe,neutral,positive
Location that is right next door to the train station.,5.0,1,Ibis Fès,Fès,booking.com,Couple,neutral,positive
The room was very clean the staff was very nice and helpful. The place of the hotel is perfect. In the centre of rabat and near to the station.,5.0,4,Ibis Rabat Agdal,Rabat,booking.com,Solo,positive,positive
Great location 1st room had issue staff was very friendly to fix.,4.0,2,Ibis Rabat Agdal,Rabat,expedia.com,Affaires,negative,positive
The room looks dirty. Looks like they havent done deep cleaning.,3.5,2,Ibis Marrakech Palmeraie,Marrakech,booking.com,Solo,positive,neutral
Hôtel was nicely situated. Offered nice breakfast. Underground parking Some of the staff wasnt very friendly,1.5,3,Ibis Tanger City Center,Tanger,booking.com,Famille,positive,negative
the staff are helpful and polite and the pool is well kept. I did have one issue with the maid service and Naima I recommend the Hotel Ibis.,4.0,4,Ibis El Jadida,El Jadida,tripadvisor.com,Affaires,positive,positive
great location u can walk to everything you need,5.0,1,Ibis Rabat Agdal,Rabat,expedia.com,Affaires,positive,positive
"This hotel is in a good location just across the street from Casa Port which you can take the train to the airport. , the front desk staff have no customer service skill Good for a clean inexpensive place to sleep and don't expect any help addition info from the front desk staff.",3.0,5,Ibis Casablanca City Center,Casablanca,tripadvisor.com,Couple,positive,neutral
Food Small room and was not very well aired,2.0,1,Ibis Abdelmoumen Casa,Casablanca,booking.com,Solo,negative,negative
Great Breakfast the cooks are very friendly as well as the floor staff.,5.0,2,Ibis Casablanca Nearshore,Casablanca,booking.com,Solo,positive,positive
The location is very good just 5 minutes from the train station. We arrived very late on September 3rd and had a pleasant chat with the nice gentleman at the reception. We mentioned that we would be leaving early the next morning and just needed a bed and shower. This was the first time in our 14-day journey that we experienced such professional and friendly customer service. The water pressure in the shower was good. considering the room size perfect location excellent customer service and a price of less than USD 75 Excellent location reasonable rate Room size is on the small side,5.0,12,Ibis Casa Voyageurs,Casablanca,expedia.com,Couple,positive,positive
Located literally across the street from Casa train station (NOT Casa Voyageurs the other station in Casa) as well as very close to Casablanca markets and cafes. The staff spoke English and were very accommodating. Cafebar also nice. Wifi didn't work in my room in the lobby (too slow) there are two computers in the lobby with internet access,4.0,9,Ibis Casablanca City Center,Casablanca,tripadvisor.com,Affaires,neutral,positive
The restaurant staff is very personal and friendly Good service clean room Delicious breakfast Restaurant propre Merci chef Chafik et al,5.0,3,Ibis Casablanca City Center,Casablanca,tripadvisor.com,Affaires,positive,positive
The pool and bar area are beautiful. our rooms were probably 2 stars and the amenities were lacking. We had one couple in our group change rooms due to awful smells the breakfast was ok the beds were hard the rooms were meh and well after staying in other 3star hotels on my trip it was dissapointing.,2.0,7,Ibis Ouarzazate Centre,Ouarzazate,tripadvisor.com,Groupe,negative,negative
"The hotel is conveniently situated next to the rail station, with the quiet rooms we'd asked for. Staff were particularly helpful who is being trained in management through her job with the Ibis.",5.0,4,Ibis Marrakech Centre Gare,Marrakech,tripadvisor.com,Couple,positive,positive
Clean room comfortable bed with working wifi. Great location 20 minutes from the airport. There aren't so many other facilities near by I had a twin bed. half of it was off the bed frame.,4.5,5,Ibis Casablanca Nearshore,Casablanca,booking.com,Couple,neutral,positive
No problems with room and location was great when we getting ready for bed (in our nightclothes) two yound men walked into our room. As you can imagine it was a unpleasant exprerience. The staff on the desk smiled as if it was amusing and did not offer any apology what so ever. the staff again,2.0,5,Ibis Casablanca City Center,Casablanca,tripadvisor.com,Groupe,positive,negative
"The location. The people (guests) Ive met there where definitely the highlight of my stay there. The staff No idea how the breakfast was. The rooms are ok for the price. Changed three rooms in the time span of 2 days. The first was very humid. The second room had a broken bed. Room 3 was good, the smell in the bathroom was bad it got fixed quick. Would not recommend this hotel for a long stay.",2.5,11,Ibis Rabat Agdal,Rabat,booking.com,Solo,neutral,negative
"the staff at the reception and the security are really friendly and i can say the beds were quite comfortable Lets start with the room size..me and my friend were supposed to have 2 single bed and after receiving a room with a double bed instead we got moved to a room with the beds requested...shame just for the fact that the room was that small that even if we had 2 single bed was look like we had a double bed instead. For what concern the bathroom well just a minor leak from a drainer next to the shower the pictures on the menu in the room looked quite nice...when we got in the restaurant in the morning the buffet wasn't that great.. just to give you the picture of it ehi it is a kinda budget hotel so at the end of the day not too much drama Once we managed to order a sandwich and 25minutes later and with a horrible yellowishorange color..at night time apparently in morocco all bars must close by 11pm unless they have a special license) saying in a quite rude way ""we are close"" and disappearing in the staff area.",2.0,13,Ibis Marrakech Centre Gare,Marrakech,tripadvisor.com,Groupe,neutral,negative
Speaking French is a status it was mandatory to call for room service. and you cannot sit where you want in the lobby,1.0,3,Ibis Casablanca City Center,Casablanca,tripadvisor.com,Couple,neutral,negative
The staff was pretty friendly and welcoming And the bed was pretty confortable the style of the building is good too The restroom was not as neat and clean as I expected And the room only had one tiny window that couldnt be opened,3.5,2,Ibis Casablanca Nearshore,Casablanca,booking.com,Solo,positive,neutral
Fast check in No towels,2.0,1,Ibis Casa Voyageurs,Casablanca,booking.com,Groupe,neutral,negative
outstanding stuff and food was excellent very clean room.,5.0,2,Ibis Marrakech Palmeraie,Marrakech,expedia.com,Famille,positive,positive
Excellent location(next to train station) great room with balcony. staff gave me changes less than normal. maid came into my room Is it possible in hotel?,3.0,5,Ibis Marrakech Centre Gare,Marrakech,tripadvisor.com,Solo,positive,neutral
When we finished the visit They were fabulous at check in and out. We both felt it is the best breakfast of all of the Ibis chain. Thank you for making this stay the best!,5.0,4,Ibis Tanger City Center,Tanger,tripadvisor.com,Couple,positive,positive
The location breakfast We asked for extra towels At the pool again there were no towels asked at the reception and I was told someone will bring us some Over all very poor communication customer service. Parking also is big issue here. To sum it up It seems that the place only cares about certain clientele that were given priority friendliness. I was asked upon check out if I could rate the place 5.,2.5,8,Ibis El Jadida,El Jadida,booking.com,Famille,neutral,negative
I like the location and the hospitality of the staff The Room was not cleaned properly And it was not even mentioned well I used to visit the same hotel for 5 years it was so good,3.0,1,Ibis Mohammedia,Mohammedia,booking.com,Couple,positive,neutral
When the hotel was new it was a nice one for sure (many years ago) The hotel is very dirty: - dirty bed linen - the room floor was so dirty that the socks turn black after 2 meters - a non smoker room was strongly smelling of smoke - The air conditioning doesn't cool and is moldy. - The bathroom is very moldy. When this hotel was build it was a nice one (at the time it was new) The hotel is very dirty: - dirty bed linen - A non smoker room was smelling a lot of smoke - the room floor was so dirty that the socks turn black after 2 meters. - The air conditioning doesn't cool and is moldy - The bathroom is very moldy - The food wasn't fresh and even the packaged butter was moldy.,2.0,7,Ibis Abdelmoumen Casa,Casablanca,booking.com,Couple,negative,negative
I really loved the modern updating and renovations to this hotel. Furthermore being located in the middle of town between two shopping centers and the new state of the art station for seven hundred Dirhams is unheard of especially in June.,5.0,2,Ibis Marrakech Centre Gare,Marrakech,tripadvisor.com,Affaires,positive,positive
"Nothing Too rude workers, and also reception",1.0,1,Ibis Casa Voyageurs,Casablanca,booking.com,Groupe,negative,negative
The staff were helpful and the facilities good. We didn't sample the breakfast as past experience has shown that it tends to be bland and relatively overpriced,4.0,2,Ibis Tanger City Center,Tanger,tripadvisor.com,Couple,positive,positive
The location (close proximity to the train station) is the only positive point for this hotel. The rooms are narrow The wifi connection is very poor.,1.5,3,Ibis Casa Voyageurs,Casablanca,booking.com,Solo,negative,negative
There was a good selection of breads at breakfast I also appreciate that your location is next to the train station. The staff was very friendly and helpful. It was disappointing that the oven didn't seem to be working as the bread never got warm. Ibis has recently been refurbished downstairs in the bar area absolutely love this hotel and theyre making great improvements. Perfect location for visiting and travelling around Marrakesh next to bus and rail links. Short taxi ride into the medina..great swimming pool which def a bonus in hot weather!! Rooms and hallways still a little worn and needs some updating clean and very comfortable beds!!,4.0,9,Ibis Marrakech Centre Gare,Marrakech,booking.com,Couple,positive,positive
The staff was friendly and helpful The air conditioning was not heating which was a bit uncomfortable considering the temperature dropped to 6 degrees at night. And the shower cabin was leaking water into the bathroom,3.5,4,Ibis Casablanca Nearshore,Casablanca,booking.com,Famille,negative,neutral
Fatih at the reception is very friendly No fridge boiler for hot drinks in the room,3.5,2,Ibis Casablanca City Center,Casablanca,booking.com,Famille,neutral,neutral
"The only thing that everybody can like is the hotel near to train station. this hotel is only suitable for someone looking to sleep for a night and leave the next morning. The room had a twin bed setup, there was only one shower towel available. and there were no basic amenities like shampoo shower gelonly a single bar of soap meant for everything. Overall, it was a disappointing experience.",1.5,7,Ibis Marrakech Centre Gare,Marrakech,booking.com,Solo,neutral,negative
Good value clean room with aircon if you need something minimal with no bell and whistles whilst still being clean and having good amenities,3.5,3,Ibis Rabat Agdal,Rabat,booking.com,Couple,positive,neutral
Great hotel great location great staff. There is also the picturesque Kasbah almost next door and in the same street two very good restaurants the Full Sun and Asian restaurant! You feel you are getting everything the surrounding 5 star hotels have to offer at a fraction of the price! The location staff,5.0,8,Ibis Ouarzazate Centre,Ouarzazate,booking.com,Solo,positive,positive
They receive customers with respect and order Hygiene regularly Organized rooms with different types of things,5.0,2,Ibis Oujda,Oujda,tripadvisor.com,Affaires,positive,positive
The rooms are super small and not very clean. Also weird smells. the hotel itself was not good,1.0,3,Ibis Rabat Agdal,Rabat,expedia.com,Couple,negative,negative
The restaurant staffs are amazing. The lady who is at the live counter is very friendly and hospitable.,3.0,2,Ibis Rabat Agdal,Rabat,booking.com,Solo,positive,neutral
and its thanks to hotel IBIS I find that the place is soothing the garden is beautiful and the pool too theres even inflatable balloons in the pool the service is everywhere and obey to our needs,5.0,4,Ibis Fès,Fès,tripadvisor.com,Famille,positive,positive
Fantastic and helpful staff and a nice clean room with no complaints to mention,5.0,1,Ibis Casa Sidi Maarouf,Casablanca,expedia.com,Solo,positive,positive
"Today, I visited IBIS Casablanca Nearshore for their ""Menu du Jour"" lunch. I ordered a simple meat sandwich with potatoes and a tarte amande to take with me. To sum it up and the overall experience left me both dissatisfied and hungry.",1.0,4,Ibis Casablanca Nearshore,Casablanca,tripadvisor.com,Solo,neutral,negative
certainly the receptionist (girl) bad attitude,0.5,1,Ibis Casa Voyageurs,Casablanca,booking.com,Couple,negative,negative
Room is too small. Lock to the bathroom door was broken. No door mat in the bathroom for 2 days Same breakfast daily Very dry bakery items in the buffet.,1.5,3,Ibis Marrakech Centre Gare,Marrakech,booking.com,Couple,negative,negative
"It is a budget hotel. Great place as a base. Rooms are small Not brilliantly clean if you are house proud. What I love is the location right next to train station for night train. nice pool and gardens to unwind after a hectic day . Had a few tense situations with some ""friendly"" locals whilst exploring. Found staff friendly and helpful. Breakfast poor and expensive for what is offered. Better options across the road.",4.0,11,Ibis Fès,Fès,tripadvisor.com,Groupe,positive,positive
"clean, staff friendly, convenient. good price. good location.",4.0,3,Ibis Rabat Agdal,Rabat,expedia.com,Couple,positive,positive
Room was not clean. Shower had a lot of mold.,2.5,2,Ibis Meknès,Meknès,booking.com,Solo,negative,negative
This Ibis was clean and nice lovely big shower nice and warm.. Rather too tight in the room with two TWIN BEDS Overall a very peaceful stay marred by the tight room which would have been alleviated by only squeezing a double in there and not two singles. Location perfect for the station.. Eat at Cafe Brahim up the road if you stay here. It's got great food cheap and has really friendly helpful gorgeous staff.,3.0,8,Ibis Marrakech Centre Gare,Marrakech,tripadvisor.com,Couple,positive,neutral
Cleaners bulging in the room staff taking over the breakfast area 1 person on 4 seater tables hot water temperature fluctuates during shower from freezing cold to boiling hot breakfast is limited value is ok,2.5,5,Ibis Casablanca City Center,Casablanca,booking.com,Solo,neutral,negative
I am visiting Casablanca very often due to business,1.0,1,Ibis Casablanca City Center,Casablanca,tripadvisor.com,Affaires,neutral,negative
I want to sincerely thank the hotel staff for their kindness and assistance during my stay especially Jawad at the reception who was exceptionally helpful and welcoming.,5.0,3,Ibis Marrakech Palmeraie,Marrakech,booking.com,Couple,positive,positive
Location Room size Parking,1.5,1,Ibis Tanger City Center,Tanger,booking.com,Couple,neutral,negative
It's nearby the trainstation where the bus shuttle from the airport stops. 30 dirham. Good AC. It's rather clean. Only the price of a beer (local) and a bottle of water for 80 Dirham (7 Breakfast ok. In the morning i asked the reception to change the room the reception agent was so kind and helpful and she told me that she will change my room in the afternoon. At the checkout the agent was also so kind (another one) on saturday morning and he offer me the breakfast.,3.0,11,Ibis Marrakech Centre Gare,Marrakech,tripadvisor.com,Solo,positive,neutral
Overall the hotel is a good value for money. One thing that could be improved is the restaurant. Most of what they have written in the menu is not available. Beautiful hotel great location quite and clean. The front desk arent pleasant if you dont greet them they will ignore you. Great hotel with a terrible service. Good Location to tourist attractions and value for money Some of the rooms outdated The facilities are good and very good location to tourist location Some rooms are dated Breakfast and the bed was comfortable Staff were unfriendly,4.0,10,Ibis Ouarzazate Centre,Ouarzazate,expedia.com,Famille,positive,positive
It's easy to get here on the airport bus 30 dirhams round trip and the hotel is right behind the train station. Free wifi in the lobby not the rooms. at least it was easy to get buses to Djemaa El Fna right outside the hotel. Don't bother with the breakfast Rooms are small There is a cheap place to eat called Restaurant Comedie about 3 blocks towards the medina. the staff are nice,3.0,9,Ibis Marrakech Centre Gare,Marrakech,tripadvisor.com,Couple,neutral,neutral
Our stay was fine. The msot important thing about it the friendly staff the location is convenient right close to Casa Port train station and to the tram station so you can move anywhere you want.,4.0,3,Ibis Casablanca City Center,Casablanca,tripadvisor.com,,positive,positive
Best customer service ever. This women helped me several times through my stay,5.0,2,Ibis Mohammedia,Mohammedia,expedia.com,Affaires,positive,positive
Considering one is on the fringe of civilization when one visits Ouarzazate then I guess the hotel is acceptable. For a reasonable price one gets a clean room and a comfy (huge) bed - nothing more nothing less. The room is decorated minimalistic The big drawback is that you one hears everything in the adjacent rooms (above Ouarzazate ist really a holiday destination more a transit necessity. This is unfortunate as I am sure it could have more to offer and that there could be a market for resorts with more class and luxury.,2.0,7,Ibis Ouarzazate Centre,Ouarzazate,tripadvisor.com,Solo,positive,negative
"Attending a meeting at our office which is on the business park where this hotel is situated. It is a basic hotel like a UK Travelodge. The bedrooms are clean sparse, and now quite tired. The shower was warm. It is a long way from the city and a solid 20 minute walk along dodgy streets to the tramline. If you are using Careem to get taxis...forget it Breakfast was fine typically simple North AfricanArabic fare. Secure parking and the actuial location is very safe and easy to navigate. They shouldnt lie about their WIFI coverage",3.0,14,Ibis Casablanca Nearshore,Casablanca,tripadvisor.com,Affaires,neutral,neutral
Good hotel next to Casa Port train station. It was clean and comfortable. The staff was friendly as well. I recommend this property.,5.0,5,Ibis Casablanca City Center,Casablanca,expedia.com,Famille,positive,positive
We had a very bad experience with the staff and some middle aged procedures our company's manager booked for us the hotel and when we arrived the staff asked us to give them the credit card used for the booking and our manager was in vacation so we had to wait 2 hours until our manager sent them a scan of the credit card (what about security ? and to to get revenge of our reclamations the staff give us the badest rooms in the hotel.,2.0,3,Ibis Casablanca City Center,Casablanca,tripadvisor.com,Solo,negative,negative
Evry time i came to casablanca I sit in this hotel. Rooms are clean. Bathrom.is good. Important thing..location is very good. Its near to airport. You cab go evry where. Price is good. Staff is very helpful.and kindly. THEY ALL GREAT STAFF.,4.0,9,Ibis Casa Sidi Maarouf,Casablanca,tripadvisor.com,Affaires,positive,positive
Perfect and reasonably priced hotel closer to most things in Casablanca. Rooms are nice and clean. Breakfast is ok The tap in the bathroom was strangely placed and didnt give much water Only two big towels in the room no towel for on the floor We got one extra big towel after we asked for one. Location There arent many things in the room such as tea,3.5,8,Ibis Casablanca City Center,Casablanca,booking.com,Couple,neutral,neutral
Good location just next to the train station. The room was rather small the bed was large and very comfortable and the shower good. The room was also quiet given the city centre location. Wifi was available in the room and worked well. service at the bar was rather slow,4.0,6,Ibis Marrakech Centre Gare,Marrakech,tripadvisor.com,Affaires,positive,positive
The staff service was very satisfactory The room was a bit cramped and there was no option of an open window,2.5,1,Ibis Abdelmoumen Casa,Casablanca,booking.com,Solo,negative,negative
So close to leave by train. Be more respectful to client when given the menu bar list to say what is not on the list for the beer,5.0,2,Ibis Casa Voyageurs,Casablanca,expedia.com,Couple,negative,positive
I would like to thank Mrs Nazik for the hospitality and for taking care of us our stay was wonderfyl. The room was clean with a good view . We had a variety of choices for breakfast . The front desk staff were very helpful . The holtel is close to the beach and restaurants.,5.0,6,Ibis Mohammedia,Mohammedia,tripadvisor.com,Affaires,positive,positive
Staff attitude is probably the best things about this property. Room sizes are small.,3.5,2,Ibis Rabat Agdal,Rabat,booking.com,Solo,positive,neutral
Ideally located if you plan to arrive depart Marrakech via train station and the welcome always great. Areas for improvement: very small and often full parking. A clumsification in the rooms that cannot be adjusted so either too hot too cold... to see again!,4.0,7,Ibis Marrakech Centre Gare,Marrakech,tripadvisor.com,Famille,negative,positive
Not many restaurants near the hotel. It was a buffet,1.0,2,Ibis Casa Sidi Maarouf,Casablanca,expedia.com,Groupe,neutral,negative
Good value for money Good location,3.5,1,Ibis Casablanca City Center,Casablanca,booking.com,Solo,positive,neutral
"A great place to stay. Im very satisfied and glad that we selected this hotel. Nice stay Great hotel good pool and comfortable room Comfortable, clean and the beautiful balcony with a beautiful view .",5.0,6,Ibis Ouarzazate Centre,Ouarzazate,expedia.com,Couple,positive,positive
Friendly staff room was clean Shower door not closing properly a lot of water was flowing in the bathroom Towels really low quality not drying fast enough Stains on the carpet in the room,3.5,3,Ibis Rabat Agdal,Rabat,booking.com,Solo,negative,neutral
if you're lucky being served at all at the barrestaurant). Food at the restaurant is of lower quality than a cheap chain gas station restaurant. Rooms are decent and what you would expect.,1.0,3,Ibis Casablanca Nearshore,Casablanca,tripadvisor.com,Affaires,positive,negative
"Very kind staff and helpful ,",5.0,1,Ibis Ouarzazate Centre,Ouarzazate,expedia.com,,positive,positive
"The hotel follows the ibis standard and it had clean room. The reception staff was helpful Location was good as it is in fron of the train station. Good for someone who needs to travel by train. It was not far from medina by taxi They also have a restaurante and the food was nice and decent. The service also was fast and the staff polite. I did no use the swimming pool, it looked nice during the hot day.",4.0,9,Ibis Fès,Fès,tripadvisor.com,Solo,positive,positive
Great location if catching a train need a place to sleep.,3.0,1,Ibis Fès,Fès,expedia.com,Famille,positive,neutral
This hotel in Fez seems to be of a similar standard style of the maroccan Ibis hotels. The room we stayed was newly renovated and was comfortable for a short two-night stay in Fez. We didn't have breakfast at the hotel as there are many shops and a market close to the hotel The room was very quiet (you can't hear the trains) and it was clean. free internet access and the hotel has a swimming pool.,5.0,7,Ibis Fès,Fès,tripadvisor.com,Couple,neutral,positive
Location Cant tell,3.0,1,Ibis Marrakech Centre Gare,Marrakech,booking.com,Solo,neutral,neutral
The hotel is well located next to the railway station. The staff was very friendly and cooperative. The room was neat and well kept. There are many good restaurants inside the railway station. It is easy to get taxis. A petit taxi tofrom airport should not cost more than 60 Dirhams.,4.0,6,Ibis Marrakech Centre Gare,Marrakech,tripadvisor.com,Famille,positive,positive
The younger man who processed my payment was equally hospitable and complimentary. The breakfast was varied The staff were attentive and poured my first tea in Morocco. I believe first impressions really count when it comes to service. I would recommend a stay at Marrakech Centre Gare. Very pleasant stay! The hotel is well located near the train station Good service Improved staff listening Room okkkk need renovation somewhere good service Thanks to the team ibis gare srtttttt restaurant team Very good service and good food,5.0,11,Ibis Marrakech Centre Gare,Marrakech,tripadvisor.com,Solo,positive,positive
The woman at the front desk who checked us in was very warm kind and welcoming.,5.0,2,Ibis Casa Voyageurs,Casablanca,booking.com,Famille,positive,positive
Staff were busy talking to each other when we were checked it and when we turned the key- lots of choice at breakfast- one of the elevators did not work so on one occasion we had to take the stairs from the 9th floor- overall an okay place to stay for a night,3.0,1,Ibis Casablanca City Center,Casablanca,expedia.com,,positive,neutral
Its practical and the location of the hotel is top. Location The staffs at reception check in should exude a more hospitality approach. Its the service industry.,3.0,3,Ibis Casablanca City Center,Casablanca,expedia.com,Solo,neutral,neutral
"Firstly, I'd really thanks for all the kindly served especially the hotel manager. It's right next to the bus and railway stations. The hotel isolates from the old city area which means you can have an peaceful night. No beggars in front of your hotel entrance surrounding area. In addition And I can certainly say that this hotel's standard is definitely much higher than any local hotels.",5.0,7,Ibis Tanger City Center,Tanger,tripadvisor.com,Groupe,positive,positive
This is a budget hotel so did not expect much. The hotel is clean. Room is the standard all look alike rooms. Towels are no longer white. Bed is very firm Breakfast is ok Bar is nice with some great olives The in-house restaurant is not good.,3.0,6,Ibis Casablanca City Center,Casablanca,tripadvisor.com,Affaires,positive,neutral
Staff good Breakfast good. Condition of the hotel poor messy and dirty in common areas. The hotel needs a deep clean,3.0,4,Ibis Marrakech Centre Gare,Marrakech,expedia.com,Affaires,negative,neutral
The peaceful setting comfortable accommodations The food was a highlightfresh If youre looking for a place to relax and savor amazing food Highly recommend and cant wait to return!,5.0,6,Ibis El Jadida,El Jadida,expedia.com,Affaires,positive,positive
very good hotel the staff is very welcoming and helpful especially the girls at the reception ghizlane and khawla and rhymes very nice smiling and helpful,5.0,3,Ibis Mohammedia,Mohammedia,tripadvisor.com,Famille,positive,positive
Very pleasant stay the hotel is very well located the rooms are spacious quiet with strong insulation. Very friendly helpful and welcoming staff.,5.0,6,Ibis Tanger City Center,Tanger,tripadvisor.com,Solo,positive,positive
it was a good experience in this hotel during my stay here I appreciated the meals quality and the hospitality of all the staff. i highly recommend Ibis hotel for the hospitality and the quality of the service Big thanks to all the team I had a good stay Ambience was very nice. The fresh bread for the break fast some thing I liked the most. Staff are friendly. Thanks for making us special in Morocco.alia and asmaa,5.0,7,Ibis Casablanca City Center,Casablanca,tripadvisor.com,Affaires,positive,positive
My trip to Morocco was truly enjoyable where the stay in Ibis makes it a plus point! Room is clean and Im welcomed with fresh linen Ghizlane is always ensuring we have a great stay here.,5.0,2,Ibis Mohammedia,Mohammedia,tripadvisor.com,Couple,positive,positive
Served its purpose for a one night stay over. A very small room comfortable and clean. Breakfast was great after Riad stays. Close to train station. Short walk to major mall..,4.0,6,Ibis Casa Voyageurs,Casablanca,expedia.com,,positive,positive
I have stayed in this hotels several times now as it has wonderful staff who make your visit worthwhile. I was amazed at how clean this hotel was I certainly appreciate the attentiveness of the staff I would highly recomend this hotel will be staying here again soon.,5.0,3,Ibis Marrakech Centre Gare,Marrakech,tripadvisor.com,Affaires,positive,positive
The welcome and friendliness of all the staff (reception bar) are overwhelming and really nice. The restaurant and dishes are of perfect quality congratulations to the cooks and the staff for their kindness. Warm welcome nice hotel.,5.0,6,Ibis Oujda,Oujda,tripadvisor.com,Affaires,positive,positive
I loved my stay in this hotel nothing good company and good vibes Most important the breakfast is realy good. The hotel was nice clean and the services was excellent.Bed and breakfast was excellent.Thank you Hassan for the services. The rooms are very clean and the bed is comfortable. Good view from the window.,5.0,7,Ibis Marrakech Palmeraie,Marrakech,tripadvisor.com,Groupe,positive,positive
the only good thing about this hotel is the location.,2.0,1,Ibis Tanger City Center,Tanger,expedia.com,Groupe,positive,negative
All the staff at the IBIS hotel were amazing and were all willing to go the extra mile to make sure our stay was a pleasure. We had a really amazing dish called couscous in the ibis restaurant. The breakfast ( buffet) was also very delicious. The staff in the restaurant were very nice and helpful. Our room was cleaned and tidied every day to a really good standard. I would recommend this hotel to others. The hospitality and service is very good. All the staff are very welcoming and friendly. They are also happy to help with any enquiries. The food is amazing and I particularly enjoyed the breakfast (Moroccan pancakes). I would definitely recommend this hotel to others. Memorable journey and special thanks to hotel staff for the kindness and professionalism. Hotel I highly recommend. Calm and smooth access to all hotel facilities. 5 mins to Marrakech city center. A great trip.,5.0,16,Ibis Marrakech Palmeraie,Marrakech,tripadvisor.com,Couple,positive,positive
"service was meh bartender couldn't understand ""Large water bottle"" which was no big deal for us as we speak French - not too clean with broken glass on the pool deck even after two staff members saw it restaurant is a miss loungers don't all have covers and you need to request towels... Wouldn't return.",3.0,5,Ibis Marrakech Palmeraie,Marrakech,expedia.com,Famille,negative,neutral
Staff were excellent and helpful. A room change was necessary as the phone in the original room did not work and the door lock key was not functioning correctly. This change was made without problems and was an upgrade to a larger room. The staff were very helpful in all respects.,4.0,4,Ibis Oujda,Oujda,tripadvisor.com,Solo,positive,positive
AC did not work.,1.0,1,Ibis Casa Sidi Maarouf,Casablanca,tripadvisor.com,Affaires,negative,negative
It was within walking distance to the corniche and Rick's Cafe. There were three other hotels next to one another which led to a great location for taxi pickup. The room was clean and comfortable. Upon arrival and throughout my stay locations and suggested restaurants close by I could not eat at the breakfast buffet and asked if I could order any items a la carte (such as an egg). They stated that I could only order a tea and told the wait staff. My stays throughout Morocco were very different and I do hope that the staff at Ibis Casablanca City Center consider first impressions make an impact. Staff was nice and polite. When we arrived we got a room that was dirty and we asked the receptionist to change it. He did and we got an another room. Anyway the next day we went to another hotel. like towels. Maybe a small change and better cleaning will make wonders. Location is perfect Room too small,2.0,16,Ibis Casablanca City Center,Casablanca,booking.com,Couple,positive,negative
Very clean nice location Liked every thing,5.0,1,Ibis Fès,Fès,booking.com,Couple,positive,positive
Not so bad The smell not good and the breakfast,3.5,1,Ibis Fès,Fès,booking.com,Couple,negative,neutral
Nice location parking in front of hotel. Clean rooms Good location All good,5.0,4,Ibis Casablanca Nearshore,Casablanca,expedia.com,Couple,positive,positive
None Staff attitude should be improved,3.5,1,Ibis Casablanca City Center,Casablanca,booking.com,Solo,neutral,neutral
The good: next to railway station and it's easy to get a taxi. The ugly: The en-suite shower pad gets blocked easily so it's like paddling in a pool of water.,1.0,2,Ibis Fès,Fès,expedia.com,Couple,positive,negative
"Just the location in front of the Casa Voyagers station. Dump smells all around the hotel dirty carpet on the floor the bed linen (that was extremely white) was smelling strong bleach OMG. The breakfast on Sunday doesnt open at 7am as they say. Also, if you go to breakfast after 9am the food is gone.",1.0,7,Ibis Casa Voyageurs,Casablanca,booking.com,Couple,neutral,negative
Very good hotel in the quality-price ratio and in the location... Very friendly and helpful staff! Cleanliness and good quality breakfast.,5.0,3,Ibis Mohammedia,Mohammedia,tripadvisor.com,Solo,positive,positive
"I selected it due to its proximity to the Casa Voyageurs train station which was super convenient. The rooms were basic and small, the bed was comfortable and everything was very clean. The outstanding part of the hotel was the lady at the front desk. I recommend this hotel without hesitation. This hotel has gone through a fantastic upgrade. The rooms are clean literally outside the train station. the rooms have great soundproofing and english 24 hr foodroom service available. great staff.",5.0,11,Ibis Casa Voyageurs,Casablanca,tripadvisor.com,Couple,positive,positive
"I had a great time at the Novotel Mohammedia. The hotel is very clean and well maintained The room was comfortable Amazing, very good stuff Maybe",5.0,4,Ibis Mohammedia,Mohammedia,tripadvisor.com,Solo,positive,positive
Long waits to check in. They work super slow. Had to call the restaurant number to ask reception to pick up.,1.0,3,Ibis Tanger City Center,Tanger,expedia.com,Affaires,neutral,negative
"Decor modern design Ac could have more power to give better cool air i couldn't feel it as much Modern, has a bar and close to train station No fridge",3.5,2,Ibis Casa Voyageurs,Casablanca,booking.com,Famille,positive,neutral
Amazing breakfast The newly refurbished restaurant offered exceptional choice quality and presentation. Great location and price. Rooms a little dated The staff was very nice and the location was exceptional. My room was on the main road so it was fairly loud. The breakfast was ok. Fresh fruit would be nice.,4.0,8,Ibis Marrakech Centre Gare,Marrakech,booking.com,Groupe,positive,positive
A bit noisy area of the city due to the proximity to a busy street... quiet inside very nice and willing staff. For dinner I went to the pub where I ate and drank a couple of beers... Breakfast not very salty... And for someone who goes away for work should be ready first at Morning A bit noisy area of the city due to the proximity to a busy street... quiet inside very nice and willing staff. For dinner I went to the pub where I ate and drank a couple of beers... Breakfast not very salty... And for someone who goes away for work should be ready first at Morning,3.0,10,Ibis Casa Sidi Maarouf,Casablanca,tripadvisor.com,Affaires,neutral,neutral
"The staff spend a lot of time talking to each other this includes when they are serving you. The physical hotel itself is fine for a select service hotel clean and reasonably maintained ( The room setup is so cheap only a soap and a shampoo And the towels and sheets have been used for so long they have gone a light grey colour and were thread bare. The housekeeping staff do work very hard and are happy to assist your requests. The location of the hotel is near the train station,",2.0,9,Ibis Tanger City Center,Tanger,tripadvisor.com,Couple,neutral,negative
"position, breakfast and personal cleaning is average",4.0,1,Ibis Casablanca City Center,Casablanca,booking.com,Groupe,neutral,positive
We booked this hotel just as a stop-over on the way back to Spain. the room clean and comfortable the basic facilities (shower wifi) worked well. the excellent petrol station caférestaurant next door where we'd eaten when we arrived should be giving this hotel a run for its money.,4.0,7,Ibis Marrakech Palmeraie,Marrakech,tripadvisor.com,Couple,positive,positive
Great breakfast! Comfy bed. Great location cute decor very functional and the staff was super helpful as well.,5.0,5,Ibis Casa Voyageurs,Casablanca,expedia.com,Solo,positive,positive
Short stay trip it is true that an update of some parts of the rooms is missed very good value for money. Good service in the morning buffet who has always attended us with a smile and very helpful.,3.0,5,Ibis Tanger City Center,Tanger,tripadvisor.com,Groupe,positive,neutral
The Hotel is located in the new area of Fez near the shopping center (10m walking) and 10m by taxi to the Medina. The pool is very nice and you can have meals by the pool for a good price. The breakfast is good not great,4.0,3,Ibis Fès,Fès,expedia.com,Groupe,neutral,positive
dirty and badly maintained. staff is not helpful. they sent the security guard to my room asking for the payment to be settled - never seen such thing and manners in any other hotels around the globe. Sad to see this hotel service declining.,1.0,4,Ibis Tanger City Center,Tanger,tripadvisor.com,Affaires,negative,negative
This place the cleaning staff and breakfast staff were attentive and friendly its very hard to feel the ibis name can be justified due to the generally very average condition of rooms . Towels and linen were very old and worn and in general I wouldnt return to this plac e,3.0,3,Ibis Tanger City Center,Tanger,tripadvisor.com,Groupe,negative,neutral
The service in this hotel is horrible! When we were leaving negative comments in Booking.com we were shocked to find out that the hotel is notorious for providing poor service and overcharging especially towards Asians (China,1.0,3,Ibis Casablanca City Center,Casablanca,tripadvisor.com,,negative,negative
The location and staff where amazing No tea and coffee tray at the room No free water Breakfast wasnt that good Clean No bottled water in the room,3.0,2,Ibis Rabat Agdal,Rabat,booking.com,Solo,negative,neutral
The location Poor service Very bad room conditions no shower gel no towels. the Room is cold because of the window conditions,0.5,4,Ibis Meknès,Meknès,booking.com,Famille,negative,negative
Cozy hotel. Staff deliver good service and very helpful. Breakfast buffet very good. Very nice swimming pool.,5.0,4,Ibis Oujda,Oujda,tripadvisor.com,Solo,positive,positive
Good Amazing,5.0,1,Ibis Marrakech Centre Gare,Marrakech,booking.com,Couple,positive,positive
Hello my name is amina i came to hotel ibis casablanca. And i feeel so happy bacause he's the best hotel i see and the peaple there so beautiful They receive you so goood .the best one is imane banise i love her,5.0,2,Ibis Casablanca Nearshore,Casablanca,tripadvisor.com,Solo,neutral,positive
"Basic hotel. a simple hotel where a tired Traveller can check in late and leave the next day This is that hotel. There is a restaurant, Room was nice simple and clean. One of the curtains that covered the patio window was pulled off Heard noises through the ceiling The hotel is basic like most Ibis hotels. We were there in the winter so we don't know if the air conditioning worked and it was warm enough not to test the heat. Parking available. it was hot also they kept central heating on. Nice hotel situated in the city centre not far from medina 20 mins walk 6 mins taxi . Nice staff Clean room and communal areas. Breakfast available at a price buffet style. Pool was nice and no trouble getting a deck chair. Hotel about a 15 minute walk from medina. Othewise expect to take a city taxi to reach the interesting places. Good parking service nice lobby and restaurant. I use the ibis hotel in most of the cities in the Morocco the casa voyageurs ibis hotel is in the bad location specially if your room on the road so it's hard to sleep the rest is good the staff is lovely and it's not far from marina and close to the train station.",3.0,26,Ibis Meknès,Meknès,expedia.com,,neutral,neutral
"Room Staff ,reception",3.5,1,Ibis Abdelmoumen Casa,Casablanca,booking.com,Famille,neutral,neutral
"I have stayed many times at this hotel. The majority of the staff is friendly and helpful, Rooms are small Chair and bed are hard Put out the ""do not disturb"" sign if you do not want the maid entering the room every thirty minutes all morning you are trying to sleep in. Too hot one minute and then too cold the next",3.0,7,Ibis El Jadida,El Jadida,tripadvisor.com,Affaires,negative,neutral
very pleasant layout very friendly and helpful staff. which is cheaper and got more style nice lively bar with locals at night. The room is small breakfast was good coffee not great From Ouarzazate plenty great trips to be taken,5.0,8,Ibis Ouarzazate Centre,Ouarzazate,tripadvisor.com,Solo,positive,positive
some rooms have a beachfront view friendly staff. The price is right.,4.0,3,Ibis El Jadida,El Jadida,expedia.com,,positive,positive
very noisy room next the main road.,0.5,1,Ibis Marrakech Palmeraie,Marrakech,booking.com,Couple,negative,negative
The hotel is strategically placed for anyone who needs to move quickly to the next destination after arriving at Marrakech either by train I arrived after a long journey by train from Fez and the staff was prompt in taking my luggage and store it safely in their customer luggage room before I went to the Supratours coach station next to the hotel to head for Essaouira. The night after I needed to print an on-line ticket and even if it was very late the receptionist kindly helped with it. They also gave me the neessary information about the exact location of the bus to the airport (not that obvious if you do not know about it). The room was clean and the bed comfortable. good value for money.,4.0,6,Ibis Marrakech Centre Gare,Marrakech,tripadvisor.com,Solo,positive,positive
Unresponsive staff,0.5,1,Ibis Abdelmoumen Casa,Casablanca,booking.com,Couple,negative,negative
I had an incredible stay at the hotel! The rooms were very comfy and the staff is friendly and hospitable . A special thanks and recognition to Qamar from sales for her professionalism and for being responsive at all times,5.0,3,Ibis Abdelmoumen Casa,Casablanca,tripadvisor.com,Affaires,positive,positive
All are great,5.0,1,Ibis Casa Sidi Maarouf,Casablanca,booking.com,Solo,positive,positive
they had a room for me the hotel is outdated.,1.5,1,Ibis Casablanca City Center,Casablanca,booking.com,Groupe,negative,negative
The staff are welcoming and friendly There is always a nice person at the front desk.Excellent value for the money. The staff are warm attentive and The dining room was excellent my favourite being the breakfast buffet. Excellent value for the money. The dining room staff remembered me from a previous visit and brought me my favourite tea without asking. That is customer appreciation and service. our experience in the hotel was amazing and we got to meet the Duty Manager who was in the dining room at meal times introducing himself to the guests and asking if all was ok. We really look forward to our next visit later this year.,5.0,8,Ibis Casa Voyageurs,Casablanca,tripadvisor.com,Affaires,positive,positive
Cleanliness Lack of equipment No hair dryer,3.0,1,Ibis Marrakech Centre Gare,Marrakech,booking.com,Solo,negative,neutral
Clean rooms. Clean beds. Good showers. Breakfast a bit boring for the price. Pool was clean that's not the hotel's fault' I would stay here again because of the price and location',4.0,6,Ibis Marrakech Centre Gare,Marrakech,tripadvisor.com,Groupe,positive,positive
The hotel is located just close to the train station and the tram station Rooms are really clean and comfortable service was really good and the staff in the bar and the restaurant were really kind ...special thanks to the receptionist Mrs iman for her kind treatment also Mr abdulaziz for his kind help ...I 'll choose ibis Casa voyageurs always :),5.0,4,Ibis Casa Voyageurs,Casablanca,tripadvisor.com,Solo,positive,positive
Staff are great always helpful and always with a smile. In general I think the Hotel is good value for money and meets your expectations as a quick and simple in and out business hotel The bed was quite stiff and not the most comfortable Would also be great if the lounge had access to the coffee machine during the day as opposed to having to order it over the bar counter. A minor complaint and also understandable considering it is more of a budget business hotel.,4.0,7,Ibis Rabat Agdal,Rabat,booking.com,Solo,positive,positive
I chose it because it is right across the street from the Casa Port train station which makes getting to and from the airport a breeze. The hotel is big and really nice and clean. My room was comfortable. The wifi was strong. The price was good,4.0,7,Ibis Casablanca City Center,Casablanca,tripadvisor.com,,positive,positive
I want to express my gratitude to Hamza for the exceptional service he provided in the restaurant. His professionalism and attention to detail made my dining experience truly enjoyable. The food was delicious and Hamza's hospitality added to the overall excellence of my visit. and the entire restaurant team! Magnificent hotel very clean I will not hesitate to come back in the days to come I am satisfied with the quality of service as well as the professionalism of some of your staff like HAMZA who served me well Very clean hotel the service is excellent thanks to Hamza he is the service man well done Hamza continues. Very resonable best place breakfast in volente really I had a great day Excellent customer services . Great location,5.0,12,Ibis Casablanca Nearshore,Casablanca,tripadvisor.com,Solo,positive,positive
It could be cleaner.,4.0,1,Ibis Tanger City Center,Tanger,expedia.com,Solo,neutral,positive
Excellent location and clean rooms. Special mention to the awesome service. The staff was really attentive and went out of the way to make our stay memorable. Breakfast couldve been better,4.5,4,Ibis Ouarzazate Centre,Ouarzazate,booking.com,Couple,positive,positive
Best hotel forever The breakfast delicious,4.5,1,Ibis Marrakech Palmeraie,Marrakech,booking.com,Famille,positive,positive
Typical Ibis hotel. Internet connection isn't the best. The rooms are large and clean. The staff is kind. There's enough space to park cars and motorcycles. for a large one at the petrol station next door.,4.0,6,Ibis Marrakech Palmeraie,Marrakech,tripadvisor.com,Couple,positive,positive
We've stayed for 2 nights in this hotel and I would stay more and more! We went to the room We had the buffet and the food was good. A true customer service agent. When we finally went to the room we start realizing how beautiful the hotel is. It really looks like a kasbah and the rooms are really nice. The air conditioning helped a LOT! The bathroom was really nice. The views you get from the hotel are stunning. Instead we stayed in the hotel watching the World Cup and enjoying the pool.,5.0,10,Ibis Ouarzazate Centre,Ouarzazate,tripadvisor.com,Groupe,positive,positive
I chose this structure for a night of rest after 17 hours at the airport and departure for Miami. All in all not bad quite welcoming and quiet. Kind and helpful staff. Excellent location from the center and various attractions good breakfast and rich in products. My room was clean and well arranged. the smell went away after opening the window. Fettah(عبدالفتاح) is very professional and a nice person The room is clean spacious and the hotel is literally close to everything. I do not need to say much this has been one of the most beautiful stays during my travel history will be coming again for sure.,5.0,13,Ibis Casablanca City Center,Casablanca,booking.com,Famille,positive,positive
We liked how close it was to Casa Voyageurs Train Station and the tramway. We took the train from the airport with our luggage all the way to Casa Voyageurs There were some nice little restaurants around it. The shower was amazing and absolutely perfect! The room was very,4.0,5,Ibis Casa Voyageurs,Casablanca,booking.com,Couple,positive,positive
I recommend you have water available in the rooms,5.0,1,Ibis El Jadida,El Jadida,expedia.com,Affaires,neutral,positive
"Small room, Clean, and great Wifi",3.0,1,Ibis Casa Voyageurs,Casablanca,expedia.com,Affaires,positive,neutral
Located in the suburb of Casablanca far from city centre. Close to the highway. Windows do nor close properly and the traffic noise comes in. It is more a motel than a hotel.,1.0,5,Ibis Casa Sidi Maarouf,Casablanca,tripadvisor.com,Affaires,neutral,negative
Not clean Just want the hotel to improve. Staff was not welcoming and friendly.,2.0,3,Ibis Tanger City Center,Tanger,expedia.com,Affaires,negative,negative
"It's probably an ok place to spend the night, Hotel situated in some kind of compound Basically, its all the same building with three different entrances. Rooms ok, not very clean. First room they gave me smelled terribly of a cigarette smoke (it was on not smoking flour as it lacked towels soap and even toilet paper. On my way out I've complained to the reception and they fixed it. Still, not very welcoming experience.",3.0,10,Ibis Casablanca City Center,Casablanca,tripadvisor.com,Groupe,negative,neutral
Everything was great Nothing to say Hotel is located in quiet area room was clean staff very helpful and kind Small room small bathroom,5.0,5,Ibis Rabat Agdal,Rabat,booking.com,Solo,positive,positive
The hotel rooms are modern and compact equipped with all basic amenities. The staff was courteous and co-operative. The hotel is clean and close to the railway station (our purpose of picking the hotel). All the sight seeing places are close to the hotel!,4.0,5,Ibis Casablanca City Center,Casablanca,tripadvisor.com,,positive,positive
a big thank you to the catering staff Smile at the world and it will smile back at you. You are at the reception. The room with closed windows was not suitable for me.,4.0,4,Ibis Abdelmoumen Casa,Casablanca,booking.com,Solo,positive,positive
"Location My recent experience at the Ibis Casablanca City Center was extremely unsatisfactory The front desk staff's attitude was unwelcoming and seemed indifferent to guest service. The room cleanliness was subpar Furthermore, basic amenities were severely lacking: we were provided with only one towel per guest and inadequate toiletries. This forces guests to repeatedly contact the front desk for necessities involving the hotel's restaurant.",0.5,6,Ibis Casablanca City Center,Casablanca,booking.com,Couple,negative,negative
"Location next to railway station. noisy and a bit away from point of interests. Unorganized and uninformed staff who doesn't even know about accor membership perks The paid breakfast is mediocre. eggs, tea, etc.) which get over at 09:30 (breakfast is until 10:30). The rooms are in bad shape bathroom's soap dispenser doesn't work.",2.5,8,Ibis Fès,Fès,booking.com,Solo,negative,negative
Hotel close to Marrakech railway station easy find eating place. Staff are helpful and friendly hotel with garden swimming pool restaurant and bar. 3-storey hotel with a small old lift enough for 2 persons. Twin bedroom small with old facilities shower room with glass curtain no shower essential bedroom some decoration broken without repair. no hairdryer inside and hard to borrow from reception Bedding size good clean and tidy with high speed wifi.,3.0,14,Ibis Marrakech Centre Gare,Marrakech,tripadvisor.com,Groupe,neutral,neutral
"This is certainly the best Ibis I have ever been to! With Ibis you always get a good bed TV and breakfast 5 star hotel, it has an ideal location next to the train station",4.0,5,Ibis Fès,Fès,tripadvisor.com,Couple,positive,positive
"We have stayed in Ibis hotels on three continents and you dont expect them to be anything other than corporate and soulless. It is the staff which makes them stand out. Sadly the staff member who dealt with our arrival must have been having a very bad day. He was dealing with a Moroccan guest who was paying by cheque when we arrived impersonal welcome I have experienced in many years. The hotel itself is what you would expect comfortable not overfurnished It is 5 minutes walk from Casa Port Railway Station a similar distance from the edge of the Medina and 10 minutes from the city centre. It is handy if you are leaving via the airport,",3.0,9,Ibis Casablanca City Center,Casablanca,tripadvisor.com,Couple,negative,neutral
The staff are very profesionnal and welcoming The location was perfect I was trying to communicate with the Hotel to inform them that my flight will be delayed.,2.5,1,Ibis Tanger City Center,Tanger,booking.com,Couple,positive,negative
"This hotel is just in front of Casa Port train station so directly connected to the airport. my room was a bit noisy due to the heavy traffic road, for the rest the room was good. breakfast ok,",3.0,5,Ibis Casablanca City Center,Casablanca,tripadvisor.com,Affaires,neutral,neutral
for one night is more than enougj. About 20 min and in the way you can stop in la scala for breakfastlunch. The restaurant has nice facilities and restaurant!,3.0,3,Ibis Casablanca City Center,Casablanca,expedia.com,,negative,neutral
I had an unforgettable experience..hotel clean great service ..........best value for money I had a great Sunday with my family at ibis El Jadida hotel .....the room very clean ....various breakfast ..............,5.0,2,Ibis El Jadida,El Jadida,tripadvisor.com,Famille,positive,positive
I arrived at the hotel very early in the morning and fortunately I was able to find my room thank you to the whole team for the kindness and quality of service varied breakfast clean room service at the height of an ibis... thank you all for their product A big thank you to the team at the Ibis El Jadida for the exceptional welcome and excellent service throughout my stay. Each staff member was smiling helpful and always ready to respond to my requests with great efficiency. You made my stay pleasant and comfortable Thanks to your kindness and professionalism I highly recommend this Pension and cant wait to return on my next visit to El jadida,5.0,10,Ibis El Jadida,El Jadida,tripadvisor.com,Solo,positive,positive
was cleaned and beds made with clean towels every morning. Our stay at this hotel was truly exceptional! Impeccable service a room of absolute comfort and a staff that exuded warmth. Highly recommend this experience!,5.0,6,Ibis Fès,Fès,booking.com,Couple,positive,positive
The hotel is in a good location they try hard to help you. The bad thing is that our room smelled cigarete smoke.,4.0,3,Ibis Casablanca City Center,Casablanca,expedia.com,,positive,positive
I stay at ibis hotel for 3 days i was in a vacation so i passed a beautiful moments with all stafs who workes in the hotel .. When i come i recommended to have a nice room quiet with a nice vue and that's what i found and that's was good ... Thank you ibis hotel. The hotel is very excellent in terms of location and cleanliness. The staff were all great The staff was at the top of taste respectful and well-kept especially the wonderful beloved and the most amazing reception Imane it's a beautiful person,5.0,9,Ibis Fès,Fès,tripadvisor.com,Famille,positive,positive
"The staff I encountered were great Ibis is not the best nor worst hotel.. Ibis Palmeraie is the worst ever...inflated prices cos of Afcon, understandable not acceptable..our room was not swept it was dusty too and too noisy. it is just this location. I stayed in a suite with just 1 towel and extra pillows were provided without covers. Room service cleaned our room and I think it wasn't cleaned properly and there were ants in the room",0.5,8,Ibis Marrakech Palmeraie,Marrakech,booking.com,Couple,negative,negative
Breakfast eggs crepes and sausage were terribly cold. Really all what was to be served hot was cold. I would have liked a bottle of water in the room.,3.0,4,Ibis Rabat Agdal,Rabat,expedia.com,Affaires,negative,neutral
I had a wonderful stay at the IBIS hotel in Marrakech. The hotel is well located on the edge of the Gueliz neighborhood just next to the railway station which was perfect for my arrival by train from Casablanca. My room was nicely sized with a large comfortable bed decent wifi connection and the bathroom had a good shower with constant hot water. The garden and pool were pleasant and the hotel staff were friendly and professional.,5.0,7,Ibis Marrakech Centre Gare,Marrakech,tripadvisor.com,,positive,positive
In addition to having a nice room the breakfast was fantastic (not included I for sure recommend this hotel. Close to train station Close to train station,5.0,5,Ibis Marrakech Centre Gare,Marrakech,tripadvisor.com,Couple,positive,positive
"and spent a couple of days just lounging around the hotel. It has great areas around the pool and gardens as well as indoors near the bar. Comfortable pool chairs comfortable indoor chairs. Surprisingly quiet considering it's right beside the railway station and our room overlooked the tracks! The pool area is great The railway station has some great restaurants as well as McDonalds and KFC The restaurant at the hotel doesn't open till 7.30 at night and the menu is pretty ordinary. Breakfast is okay. Nice bread. taxis are waiting at the door and quite cheap. Helpfulness of reception staff varied (for us)with their ability to speak English,",3.0,15,Ibis Marrakech Centre Gare,Marrakech,tripadvisor.com,Couple,positive,neutral
Very bad behavior from the receptionist Youssef who was so rude and disrespectful when i asked him to extend my stay in the hotel then he started laughing with some restaurant waiters using some very bad words in arrabic that I could understand any respect through the customers I will never come back again,1.0,3,Ibis Tanger City Center,Tanger,tripadvisor.com,Solo,negative,negative
Loud Avenue Hassan 2 by night! Next night we asked for the other side a room- slightly better... (Trains! Floors not clean. Hotel needs French management! Breakfast great. Internet: barely...Still somewhat recommendable over-all... Hotel needs improvements refunishment ... ;) Iskander Pays-Bas,2.0,7,Ibis Marrakech Centre Gare,Marrakech,tripadvisor.com,Famille,positive,negative
The lobby area is refurbished the rooms are basic. if what you want is a place to lay your head that is right next to the train station. helpful front desk staff clean hotel,3.0,5,Ibis Fès,Fès,expedia.com,Solo,positive,neutral
immediately having booked 2 rooms and having had them communicating seemed a good start ..,1.0,1,Ibis Tanger City Center,Tanger,tripadvisor.com,Famille,positive,negative
"The room was small very clean and the bed was comfortable I waited for over 30 minutes for them to find my reservation, other customers were served ahead of me. and the staff tried to help them before me without any explanation",2.5,4,Ibis Abdelmoumen Casa,Casablanca,booking.com,Solo,neutral,negative
location room and bathroom,0.5,1,Ibis Tanger City Center,Tanger,booking.com,Couple,neutral,negative
Great hotel excellent breakfast with variety and ingredients reception staff really helpful reda Allah great guy helped out as much as he could with queries for the money its excellent hotel with restaurant and facilities WiFi was great and I was on the 5 th floor,4.0,3,Ibis Rabat Agdal,Rabat,expedia.com,,positive,positive
"Its clean and comfortable has a very nice pool and lounge area restaurant and small bar. The staff speak English French and Arabic and are very helpful. Don,t make the mistake of booking any tour from Marrakech before talking to front desk staff",5.0,6,Ibis Marrakech Centre Gare,Marrakech,tripadvisor.com,Couple,positive,positive
The lobby is nice and seems like they have a nice bar and restaurant to offer. Breakfast is 6 a person The rooms are very basic almost too basic. There could be more towels and amenities in the rooms. We had to pick them up in the morning which was kind of a hassle because there was a lot of guests waiting to checkin,3.0,5,Ibis Casablanca City Center,Casablanca,expedia.com,Couple,neutral,neutral
The ONLY good thing about it is its location. I had an unpleasant stay at IBIS HOTEL FES. It becomes full of drug addicts whose noise is very disturbing! Let's not talk about the hotel's lack of cleanliness and hygiene!!!,0.5,4,Ibis Fès,Fès,booking.com,Groupe,negative,negative
Location breakfast and fantastic pool None,4.5,1,Ibis Ouarzazate Centre,Ouarzazate,booking.com,Couple,positive,positive
Its very well located in the heart of the city . super cool to stay in this place again,5.0,2,Ibis Tanger City Center,Tanger,expedia.com,Affaires,positive,positive
I liked breakfast and the bar staff they were nice people No water No towels in the room No electricity The receptionists don't answer the phone and respond to complaints as if it's none of their business I will never book a room in that hotel and I will warn my friends not to go there ever!,0.5,2,Ibis Abdelmoumen Casa,Casablanca,booking.com,Solo,positive,negative
Yacine at the reception was great. I would thank him for the nice check out better to use new towels. Tha bar service is very slow.,3.0,3,Ibis Tanger City Center,Tanger,booking.com,Groupe,positive,neutral
free parking the stuff is very friendly and helpful Its a good place for short time visit,3.0,2,Ibis Tanger City Center,Tanger,expedia.com,Affaires,neutral,neutral
It was very good location of the city not so far from the downtown and to too close so it was quiet The parking lot was closed durring night so for me when I traveled by motorcycle keeps me safe nothing The hotel was really clean and nice located in the city center. As a group of friends we really enjoyed our stay in there and love the breakfast buffet,5.0,6,Ibis Ouarzazate Centre,Ouarzazate,booking.com,Groupe,positive,positive
Good level of quality and value for money. Improving location with shopping centre and restaurants close by. Recommend for business travellers to the city. Staff are friendly and welcoming,5.0,5,Ibis Tanger City Center,Tanger,tripadvisor.com,Affaires,positive,positive
This hotel is typical of most Ibis hotels. The rooms are comfortable and clean The pool is a decent size with loungers and towels provided. The garden is lovely and a nice place to enjoy drinks. we did have lunch in the restaurant on one occasion. The food was nice very overpriced by Moroccan standards. The location is convenient for travellers as it is right next to the train station. There is also a local bus from the airport which stops at the train station for just 3 dirhams. so I would suggest getting a petit taxi - there are plenty outside the hotel. We organised a trip of the ramparts through the hotel Furthermore the 'official guide' appeared to be just a taxi driver with limited information on the locations we visited. I would suggest organising your own trip through one of the guides who wait outside the hotel. We were able to negotiate a price and an itinerary that suited us.,4.0,14,Ibis Fès,Fès,tripadvisor.com,Couple,neutral,positive
I hope you (the future guests) have the same luck as us,5.0,1,Ibis Ouarzazate Centre,Ouarzazate,booking.com,Couple,positive,positive
"just across the road from the Kasbah in an area made up of 3 4 hotels. as it had a good pool area. 41 incl breakfast for 2. Plenty of parking. Room - fairly small typical lodge type. Clean and efficient the way lodges always are. Bathroom was small, with a good shower cubicle. Food - had dinner on first night. being French usually have good food. Being French Plenty of choice within 5 min walk to the left by the Kasbah Breakfast was OK and usual continental type. Pool - great. a loaf by the pool is spot on. Plenty of sunloungers and the attendant was very helpful in getting more sun shades. Towels provided. Location is good hotel is efficient and the value is excellent.",5.0,22,Ibis Ouarzazate Centre,Ouarzazate,tripadvisor.com,Couple,positive,positive
Next to the train station. It has a pool,3.0,2,Ibis Marrakech Centre Gare,Marrakech,tripadvisor.com,Solo,neutral,neutral
Nothing to be honest even the food was not really tasteful the welcome was chaotic no description of the facilities I was received by a man who completely lacks professionalism and does not deserve to work in the hotel industry rather at a car garage. there are sewers coming up in the toilets of the rooms and for a hotel in the accord group I find the service the reception and the quality of the rooms disastrous,1.0,7,Ibis Casablanca City Center,Casablanca,booking.com,Solo,negative,negative
The room was a bit dirty.,2.0,1,Ibis Marrakech Centre Gare,Marrakech,expedia.com,,negative,negative
"The Ibis Fes is conveniently located outside of the Gare Fes in the New City the hotel is a small three story building that combines standard Ibis look with a traditional Moroccan style. There is a pool bar and a restaurant in the premises which is very convenient. The staff is helpful and attentive. My room overlooked the pool and gardens and like other Ibis hotels The hotel is not particularly closed to the Medina which in my view is great as one can avoid the noise traffic and general hectic atmosphere the Medina offers. through a residential area and very safe. , the historic sites are a few minutes away by taxi, The hotel facilities like the pool which is a real pool I would recommend this hotel and stay there again next time I am in Fez.",4.0,16,Ibis Fès,Fès,tripadvisor.com,Solo,neutral,positive
the receptionist was talking on his personal mobile Not nice and professional ! the management has to teach him how to behave to clients.to welcome them to smile and to do his job . I have to say that the other people were really nice and helpful to us.the room was clean and when I asked for towels because we had no towels,3.0,4,Ibis Casablanca City Center,Casablanca,tripadvisor.com,Famille,positive,neutral
Restaurant top Clean chember Thank you all Hotel a good location Delicious breakfast Clean rooms The perfect welcome thank you mourad Asmaa and alias and touria and chafik Perfect breakfast Thank you all for your service Cinner. Perfect breakfast Perfect chembre Thank you asmaa and alias for the service Perfect breakfast Thank you asmaa Touria also thank you very much Every moment spent here true pleasure. Clean restaurant The rooms also clean. Delicious and varied breakfast buffet The staff is welcoming professional and always listening especially Asmara and alia An address I highly recommend Restaurant service is fast and well organized mercie asmaa alia chimaa chafit tout,5.0,11,Ibis Casablanca City Center,Casablanca,tripadvisor.com,Affaires,positive,positive
Very noisy at night time had a room facing road very noisy didn't see very well at all,1.0,1,Ibis Oujda,Oujda,expedia.com,Groupe,negative,negative
Location is perfect Breakfast was appalling,2.5,1,Ibis Casablanca City Center,Casablanca,booking.com,Groupe,negative,negative
We really would like to thank you for rhis 3 days with your staff. People in the reception the staff on the restaurant and bar allways happy and helpfull. our room service was amazing helpfull and attentive so lovely.,5.0,7,Ibis Tanger City Center,Tanger,tripadvisor.com,Famille,positive,positive
Relatively new building of some 15 floors This is a better Ibis Hotel than the average as far as the rooms go. Quiet because of double glazed windows. The doors and walls are soundproofed unlike many Ibis hotels. Delivers excellent location and value.,4.0,5,Ibis Casablanca City Center,Casablanca,tripadvisor.com,,positive,positive
Nice clean and well equipped hotel spacious room and attentive staff close to the california mall and crossroads 10 minutes to the city center and 15 minutes to the airport Hotel to recommend without hesitation,5.0,4,Ibis Casa Sidi Maarouf,Casablanca,tripadvisor.com,Couple,positive,positive
The location is great near the train station and the royal theater the reception staff are very polite and helpful The room wasn't clear at all AC and elevator weren't working,2.0,3,Ibis Marrakech Centre Gare,Marrakech,booking.com,Solo,positive,negative
The staff does not seem to know what to do and is not much help. not working well... Buffet breakfast is just OK this is if the staff was keen enough to bring things over. Menus aren't much chop either. The only good point is the convenient location of the hotel on the way to the airport and close-by from the tram.,2.0,6,Ibis Casa Sidi Maarouf,Casablanca,tripadvisor.com,Affaires,negative,negative
Can enjoy at the pool area at night .,3.0,1,Ibis Marrakech Centre Gare,Marrakech,booking.com,Couple,positive,neutral
Great Hotel great staff Great Breakfast that's where the good value restaurants are right by the Old Dock Station that was Also a 5 minute walk takes you to the Station which is closed at the moment to get it ready for the High Speed Train at the roundabout catch No.20 bus for the 2nd. Tangier station cost 3.50 DH and not 50 DH that the taxi's charge.Over the other side off the roundabout the No.20 goes to the New Port,4.0,9,Ibis Tanger City Center,Tanger,tripadvisor.com,Solo,neutral,positive
Please dont do my mistake and check the rooms before you pay I got ripped off and paid 70 for one night for a tip Mould and dust everywhere And when I asked for a refund after Ive seen the room they refused,0.5,1,Ibis Marrakech Centre Gare,Marrakech,booking.com,Couple,negative,negative
I would like to thank you sincerely for the warm Welcoming and special attention we have received. Your professionalism and sense of hospitality made our stay very pleasant and memorable.,5.0,2,Ibis Abdelmoumen Casa,Casablanca,tripadvisor.com,,positive,positive
Hotel well located prices tellable very good service at the bar and restaurant breakfast very varied Staff too kind. Excellent Wifi I enjoyed my stay thank you to the manager rachid for his professionalism and to the whole team. The plus of the hotel is a top staff. The baggage handlers the day receptionist and Mr. Rachid the hotel manager who does everything to satisfy his guests. The room is clean and comfortable. Great buffet for breakfast with good coffee!,5.0,7,Ibis Tanger City Center,Tanger,tripadvisor.com,Solo,positive,positive
"This one is clean After two weeks of riad showers that didn't drain properly it was nice to take a shower in a stall that drained. Beware that it's about 400 MAD by taxi to the airport if you are a gringo like me. Also, it's a bit hard to find the entrance if you have a driver. Since the campus is gated",4.0,6,Ibis Casablanca Nearshore,Casablanca,tripadvisor.com,Famille,positive,positive
I spent two nights at this hotel. My stay was confortable and the service was ok. Breakfast room just next to the hotel reception was a bit noisy bur still ok. All kind of food were there. Nice and clean room as well.,3.0,5,Ibis Casablanca City Center,Casablanca,tripadvisor.com,Affaires,positive,neutral
Staff very polite and helpful There was no proper wardrobes in the room.,4.5,1,Ibis Rabat Agdal,Rabat,booking.com,Solo,negative,positive
The hotel is located a short drive to the centre. The hotel seemed OK until you stepped out of the lift to dirty warn carpets. Rooms are small and very basic and dull. Beds are very low and have seen better days. The bar including soft drinks closes at 10.30pm Music around the pool in the evening is loud.,2.0,7,Ibis Ouarzazate Centre,Ouarzazate,booking.com,Couple,neutral,negative
It was great to have a place to stay so close to the train station. it's a very noisy location and since the air conditioning didn't work I had to keep my window open in order for the room to be cool enough to sleep in. the towels in my room were quite tattered I have been a hotel maid,3.0,6,Ibis Casa Voyageurs,Casablanca,expedia.com,,negative,neutral
The hotel is well placed everything is close to the hotel Diversified breakfast Hotel staff welcoming smiling everything was goooooooôoooooooôoôôooooooooood i am so satisfied the staaaff guys was so kind theeee emplacement veryyy veryyy good thanks gus fooooooor everything Thank you all team Thank you my friends thank you bcp I am very happy with your welcome,5.0,3,Ibis Marrakech Centre Gare,Marrakech,tripadvisor.com,Groupe,positive,positive
Welcoming and friendly staff. Clean and average hotel. Breakfast was simple eggs yoghurt nuts fruits juices etc was good. the one dinner I had here was tagine lamb with vegetables and it was excellent.,3.0,5,Ibis Tanger City Center,Tanger,tripadvisor.com,Groupe,positive,neutral
Good hotel at Good location,4.0,1,Ibis Mohammedia,Mohammedia,expedia.com,Solo,positive,positive
"The hotel is conveniently situated near the train station and not far from the airport. It is characterless and the rooms were not great then it is a chain hotel and represented good value (54 Euros per night). The room was small and the airconditioning didnt work the shower was suprisingly good. I didnt find the staff particularly helpful. Our room looked out onto the pool which was large with lots of sun loungers round it. A small breakfast is set out from 4am so we managed to get something to eat before leaving. Overall, I would recommend it as a convenient budget option",3.0,10,Ibis Marrakech Centre Gare,Marrakech,tripadvisor.com,,positive,neutral
Traveling with Gate1 and stayed here last night (Feb 24) in room 320. Requested non-smoking room there was loud music and woke us up. Avoid this hotel if you can,1.0,4,Ibis Ouarzazate Centre,Ouarzazate,tripadvisor.com,Couple,neutral,negative
"The location is pretty close to the airport. So it's convenience if you have an early flight also easier to find food nearby. The AC wasn't working so we have to open the window to get a fresh air, it was so loud outside so it was not comfortable to stay longer than a night",2.5,6,Ibis Marrakech Centre Gare,Marrakech,booking.com,Famille,positive,negative
Well-presented room The location is good for the train station (Casa Port). Reception could be more friendly The shower needs safety handles as you could easily slip on the tiles between the shower tray and the shower door.,4.5,4,Ibis Casablanca City Center,Casablanca,booking.com,Famille,positive,positive
The staff members The wifi TV wasnt working and the mirror in the bathroom was broken,3.0,1,Ibis Fès,Fès,booking.com,Solo,negative,neutral
"Imad in the reception was so nice and very helpful. Overall, the stuff in this facility are very nice and amazing. Thank you so much for your wonderful hospitality",5.0,3,Ibis Casablanca City Center,Casablanca,expedia.com,Affaires,positive,positive
rein My stay at this hotel was very bad especially regarding cleanliness room size and room maintenance. I tried to overlook the deteriorated ceiling especially around the air conditioning vent I didn't thoroughly inspect the room upon arrival. When it was time to sleep as well as some insects on the bed. I preferred to use my own bed sheets that I brought with me as is my habit when traveling and not engage in any argument with the hotel management. In the morning I was also bothered by the sight of the table overlooking the pool its location is convenient in terms of its proximity to the train station which is also a negative point due to the noise coming from outside.,0.5,16,Ibis Fès,Fès,booking.com,Solo,neutral,negative
"A little far from centre of town. Nice hotel, comfortable. Good value for money.",4.0,3,Ibis Tanger City Center,Tanger,booking.com,Couple,positive,positive
The stay in this hotel was also no exception. What I particularly like about this stay is the staff of the hotel which was very friendly. in the hotel. The elevator often gives problem. There have also been problem about some bathroom fixtures. overall the stay was quite good.,4.0,7,Ibis Casa Sidi Maarouf,Casablanca,tripadvisor.com,Affaires,positive,positive
the staff I thought it was an international hotel with open-mindness The attitude of the staff was really irritating. Rooms were clean really poor for the price,1.5,5,Ibis Ouarzazate Centre,Ouarzazate,booking.com,Couple,positive,negative
It is not clean four star hotel. I think someone slept on the bed and did not clean it well.,1.0,3,Ibis Tanger City Center,Tanger,tripadvisor.com,Solo,negative,negative
"it's not a big hotel without much amenities and not much space on the rooms it seemed a very nice place to stay for a couple of days. It has a nice garden and swimming pool. It's located near an important train station (they building a newer one nearby) not far from the center Interestingly, by the swimming pool you get the sensation that it is a beach hotel. they also have no extra beds - they have to sleep on a mattress on the floor.",4.0,8,Ibis Marrakech Centre Gare,Marrakech,tripadvisor.com,Famille,neutral,positive
Convenient place well located to reach the airport the trains to stroll along in the new town,5.0,3,Ibis Fès,Fès,tripadvisor.com,Affaires,neutral,positive
Bathroom has a smell very very old towels The staff was friendly and kind Foods was nice. the room was not comfortable and door was damage also hard flooring and the hall carpet was filthy not enough towels,2.0,5,Ibis Marrakech Centre Gare,Marrakech,booking.com,Couple,negative,negative
Ibis Place de La Gare is just besides the great new Marrakech train station with shops fast foods (Mc). Agadir by car. Plenty of restaurantsbars nearby. Breakfast a the hotel is good with nice views of the garden. Rooms are ok,4.0,7,Ibis Marrakech Centre Gare,Marrakech,tripadvisor.com,Couple,positive,positive
Manal was really nice and friendly I can't say that for the rest of the staff Very moody and not welcoming. It is value for money. You get what u pay for Staff were not welcoming apart from Manal. Beds were poor and mattress was moving and nearly fell off the bed,3.0,6,Ibis Abdelmoumen Casa,Casablanca,booking.com,Famille,negative,neutral
My likes about the hotel were definitely the welcome from the Reception Staff and their willingness to assist. The very unhelpful staff at breakfast I've stayed at this hotel on numerous occasions the staff are unhelpful Politly requested a fried eggs (showed a picture from my phone) rather than the scrabbled which is served in a bowl to have the scrambled egg,5.0,6,Ibis Marrakech Centre Gare,Marrakech,booking.com,Solo,positive,positive
Hotel with very bad service especially the receptionist. Then pay the tax to the first receptionist. Pay it to the second receptionist.,0.5,3,Ibis Casablanca City Center,Casablanca,booking.com,Famille,neutral,negative
We saw roaches and bugs in the room . Poor service,1.0,2,Ibis Casa Voyageurs,Casablanca,expedia.com,Famille,neutral,negative
Good service.. excellent management.. I would like to thank the manager as well as the staff the reception without forgetting the staff at the restaurant,5.0,2,Ibis Marrakech Palmeraie,Marrakech,tripadvisor.com,Affaires,positive,positive
"It' s a typical IBIS hotel: Budget, okay and clean. They just renovated at least some rooms. Room and bathroom size not big, Everything clean. It' s about fifteen minutes by Car from the airport - just motorway. It's far from the city center and driving towards the center is the Morocco experience already. Breakfast is basic thing, okay for the money. Make sure to get a non smoking room last night thing. The budgetfriendly IBIS a good Choice.",4.0,12,Ibis Casa Sidi Maarouf,Casablanca,tripadvisor.com,Couple,neutral,positive
location only the hotel was very bad nothing in the room no fridge no water no tissue paper room very small,0.5,1,Ibis Casablanca City Center,Casablanca,booking.com,Couple,negative,negative
Very strategic area no rush because near to train station dan many bus stop to go and also tram. tea and coffee in the room. Also only one trash bin in the room and non in the bathroom. Need an hour to wait the new towel changing,5.0,5,Ibis Casablanca City Center,Casablanca,booking.com,Couple,positive,positive
Excellent location attached to the Casa Port train station and close to the Casa Voyageurs station. Means of transport nearby. Exceptional staff: always available. Convenient hotel services. Excellent restaurant and bar service. manager of the bar and restaurant,5.0,6,Ibis Casablanca City Center,Casablanca,booking.com,Couple,positive,positive
the breakfast at the hotel is not that bad,5.0,1,Ibis Marrakech Centre Gare,Marrakech,booking.com,Couple,positive,positive
Clean comfortable rooms with a really good breakfast. Conveniently located near the train station.,4.5,2,Ibis Casa Voyageurs,Casablanca,booking.com,Famille,positive,positive
The employees of the reception are so friendly I didnt have water,5.0,1,Ibis Casa Voyageurs,Casablanca,booking.com,Solo,positive,positive
Beautiful location the rooms are very clean thanks to all good courage Very clean rooms clean breakfast varies welcoming staff thank you to any team The warm welcome very clean rooms breakfast varied restaurant service top thank you to all Beautiful area clean rooms friendly staff thank you all Hotel beautiful location rooms are very clean varied breakfast Hotels beautiful location rooms are equipped and clean Hotel very beautiful location rooms are very clean,5.0,12,Ibis Casablanca Nearshore,Casablanca,tripadvisor.com,Affaires,positive,positive
room fine I would only stay there again because of the convenient location to our offices,2.0,2,Ibis Casablanca Nearshore,Casablanca,tripadvisor.com,Affaires,positive,negative
Very nice hotel across from the main train station. The hotel was clean modern with a fair price. The staff was professional and friendly. Our room was tastefully decorated with comfy beds and a modern shower with good pressure. The breakfast is included with hot and cold choices. The location is safe with several cafes. Location by train station.,5.0,8,Ibis Casa Voyageurs,Casablanca,tripadvisor.com,Couple,positive,positive
Friendly employees,3.5,1,Ibis Casablanca Nearshore,Casablanca,booking.com,Couple,positive,neutral
The location and the breakfest I Felt uncomfortable and Felt Some staff laugh me out and the bed was not pleasant for me personal,2.0,1,Ibis Rabat Agdal,Rabat,booking.com,Solo,negative,negative
The hotel is good It has pleasant and big reception area clean rooms. The breakfast was good the personnel were nice and helpful. The hotel is situated close to the railway station (you can walk there) as we arrived in Tangier from Rabat by train. The hotel is also not far from the bus station (we took a taxi there as we were going to Chefchaouen by bus). if you're going to the old city We had a very nice impression of the city and the hotel.,4.0,11,Ibis Tanger City Center,Tanger,tripadvisor.com,Couple,positive,positive
Near Bus and train terminals,4.0,1,Ibis Casablanca City Center,Casablanca,expedia.com,Solo,neutral,positive
The hotel was clean and comfortable. Basically the hotel met my expectations and was value for the price I would like to see a breakfast included for the price.,4.0,2,Ibis Tanger City Center,Tanger,booking.com,Solo,positive,positive
The staff were fantastic really friendly. It's a good location and breakfast is excellent,4.0,3,Ibis Casablanca City Center,Casablanca,expedia.com,Affaires,positive,positive
Location Clean comfortable rooms Price Breakfast Receptionist Wifi,3.0,1,Ibis Abdelmoumen Casa,Casablanca,booking.com,Solo,neutral,neutral
Loved this hotel and would rate maximum Restaurant over the road Alcohol is expensive is Morocco BTW.,4.0,3,Ibis Marrakech Centre Gare,Marrakech,tripadvisor.com,Couple,positive,positive
The room was quite dirty,3.0,1,Ibis Abdelmoumen Casa,Casablanca,expedia.com,,positive,neutral
Staff were nice Room was dirty,3.0,1,Ibis Fès,Fès,booking.com,Famille,negative,neutral
Everything welcoming staff and accommodating the manager Zainab and all of the staff are very friendly Nothing,5.0,2,Ibis Mohammedia,Mohammedia,booking.com,Groupe,positive,positive
Breakfast is not good Its near the trainstation Theres no slippers how that can be possible and no minibar in the room and also no toothpaste even shampoo,2.5,3,Ibis Tanger City Center,Tanger,booking.com,Groupe,negative,negative
"Clean, in an ideal location. Friendly staff.",5.0,2,Ibis Marrakech Centre Gare,Marrakech,expedia.com,Couple,positive,positive
Second time I have stay here and a much much better experience. The women on the front desk was great very helpful and polite. My room had its own balcony which was great to relax on. Its such a shame it just needs a huge huge update the lift button is falling apart there paint stains everywhere wood coming away from the floorboards it could be a good hotel in a perfect location.,3.5,4,Ibis Marrakech Centre Gare,Marrakech,booking.com,Solo,positive,neutral
Clean calm and the staffs are welcome and professionals,4.5,1,Ibis Casablanca Nearshore,Casablanca,booking.com,Famille,positive,positive
Amazingly it was the ground staff who was more concernex about my comfort and stay. In particular the security person. The rooms are small. It was not clean properly. There were old dirty toweling on the bathroom floor and the room was wreaking of cigarette smoke. The second room was also not clean. On checking out earlier then I had anticipated due to poor service I paid for the stay only to discover thst the payment which was used as a guarantee only had been processed for payment the night of my arrival. The breakfast was fair. The uniforms used by housekeeping needs to be replaced. I do not belive that the hotel staff are being looked after so u get what u give. Compared to the Meliber which is fractionally more and includes breakfast it is a dump.,1.5,11,Ibis Casablanca Nearshore,Casablanca,booking.com,Famille,negative,negative
This hotel is ideally located to manage travels in out of Marrakesh. Next to the train station the main bus station and within walking distance of La Nouvelle Ville it was the pefect destination for a series of stop-over stays The front desk staff are exceptionally kind and helpful and the free wifi in the lobby was an added plus. Not to mention the ability to leave luggage in-between trips. I returned 3 times over a 2 week period and looked forward to saying hello the the lovely front desk staff. Due to the location it also had the added benefit of not needing to constantly negotiate taxi fares when only in town for an overnight.,3.0,10,Ibis Marrakech Centre Gare,Marrakech,tripadvisor.com,Solo,positive,neutral
95 Euro might be still considered as a reasonable price for two persons night during high season ( What we received for this price was: close to the beach - an unfinished room that kept stinking like sweat of previous guests even after preparation (turned out it were the blankets and pillows) - breakfast buffet without cutlery to grab the food - as we kept the window open due to the smell in our room and an insufficient air conditioner: barely enough sleep as there was certainly nightlife in the streets - actually not that important since we got so far: No WiFi at all,1.0,6,Ibis El Jadida,El Jadida,tripadvisor.com,Famille,neutral,negative
"clean comfy beds well designed bathroom space. Ordered some cups of tea,",4.5,2,Ibis Casa Voyageurs,Casablanca,booking.com,Groupe,positive,positive
The location is good as it's in the city center and there are fast food restaurants around The hotel has no phone number on which we can reach out to confirm our arrival time One of the staff was very rude just because we asked for a hair dryer that was supposed to be already in the room The rooms are not that very clean They decided to finally bring the hair dryer that wasn't working properly and gets hot and stop working every two minutes lucky we only booked two nights,0.5,3,Ibis Meknès,Meknès,booking.com,Famille,negative,negative
Perfect location and good staff. Clean bed nice restaurant good staff,5.0,4,Ibis Fès,Fès,booking.com,Couple,positive,positive
Hotel located in a well-known location in Casablanca. Excellent value for money. A smiling and professional welcome that makes you want a long stay. Quiet and clean rooms gourmet restaurant. Hotel to recommend.,5.0,6,Ibis Casa Sidi Maarouf,Casablanca,tripadvisor.com,Couple,positive,positive
"The location is convenientand in Marrakesch staying right by the train and bus stations leaves you in a pretty nice hood. Good breakfast, too. do know that the room was tiny and basic...and out of three rooms my pals and I booked two rooms had impossible to control (at least by us and we were an international group of engineer types) the climate-control systems...which led to kind of stuffy nights.",4.0,6,Ibis Marrakech Centre Gare,Marrakech,expedia.com,Groupe,positive,positive
Good and cheap option for one night stay. Very humid air in the room clothes literally get wet after few minutes in the room.,4.5,3,Ibis Abdelmoumen Casa,Casablanca,booking.com,Couple,negative,positive
"The location, Breakfast.",4.0,1,Ibis Casa Voyageurs,Casablanca,booking.com,Solo,neutral,positive
Clean and very good location No iron in the room,4.0,1,Ibis Marrakech Centre Gare,Marrakech,booking.com,Solo,positive,positive
"Location, house keeping The staff. No complimentary water teacoffee facility at room an omlette in breakfast is additionally chargeable!!!",2.0,4,Ibis Casablanca City Center,Casablanca,booking.com,Solo,neutral,negative
Location Very Small rooms no facilities,0.5,1,Ibis Casablanca City Center,Casablanca,booking.com,Groupe,negative,negative
the shower was submerging the room of water once taking a shower and the air conditioning was so so noisy,1.0,1,Ibis Mohammedia,Mohammedia,booking.com,Couple,negative,negative
there were two twin beds Dirty as hell Bathroom leaks and broken Bad odour across the hotel Non-existent breakfast. Rooms musty No kettle No bottled water Zero service,0.5,2,Ibis Marrakech Centre Gare,Marrakech,booking.com,Couple,negative,negative
Very central location. Clean property and rooms. Breakfast a bit overpriced convenient for early morning departures. Taxis and train station ( Casa Port) are literally across the hotel. Walking distance to many shopping and dining areas including the corniche.,4.0,6,Ibis Casablanca City Center,Casablanca,expedia.com,,positive,positive
The hotel was adequate for one night before flying out of Casablanca. The food was fine in a fairly noisy plastic and linoleum dining area The room is very small and dusty. The toiletries are not provided. Staffs are not professional serving the customer.,3.0,7,Ibis Casablanca City Center,Casablanca,tripadvisor.com,,negative,neutral
Heating was not working. Room had a minimum of amneties,2.0,2,Ibis Abdelmoumen Casa,Casablanca,expedia.com,Couple,negative,negative
"The room were small for 2 people and the beds sat close to the floor. We ate in the restaurant and had the buffet. The salads were fine The man at the front desk during check in was very pleasant and friendly. This hotel could be far superior than it presently is This hotel is underwhelming. I would use this quality of a hotel for a late night arrival and early morning departure when I just need someplace to sleep. The rooms are small the beds are firm and the shower has no water pressure. Now, I did have my best nights sleep in the bed so I guess the firm bed worked out for me. There is a nice pool on the property with a hammock and some tables and chairs to relax in. The WiFi is quite strong The buffet restaurant was just ok. Not a lot of selection,",2.0,14,Ibis Ouarzazate Centre,Ouarzazate,tripadvisor.com,Famille,positive,negative
Very small rooms. Clean rooms. Poor quality food. staff was friendly.,3.0,4,Ibis Ouarzazate Centre,Ouarzazate,tripadvisor.com,Groupe,negative,neutral
Nothing they did not give breakfast,0.5,1,Ibis Casablanca City Center,Casablanca,booking.com,Famille,negative,negative
The hotel is in a good location Toilet without water connection,3.5,1,Ibis Casa Voyageurs,Casablanca,booking.com,Solo,positive,neutral
The noise is unacceptable,2.5,1,Ibis Abdelmoumen Casa,Casablanca,booking.com,Solo,negative,negative
Room was not clean the air did not work well there was a minor foul odour throughout the hotel and worse in the room,1.0,3,Ibis Marrakech Centre Gare,Marrakech,tripadvisor.com,,negative,negative
Excellent location near Casa port,4.5,1,Ibis Casablanca City Center,Casablanca,booking.com,Famille,positive,positive
This is a really nice hotel. The staff are so friendly and helpful and its a good location right next Rabat Agdal train station. Nice clean room and comfortable bed with clean showers. No kettle in the room This is a really nice hotel. The staff are so friendly and helpful and its a good location right next Rabat Agdal train station. Nice clean room and comfortable bed with clean showers. coffee facilities in the room.,5.0,10,Ibis Rabat Agdal,Rabat,booking.com,Solo,positive,positive
"This sadly proved to be a shocking hotel experience offering very poor service and a small inadequate and overbooked restaurant. There was an extremely limited choice and supply of food following on from a first sitting by another large group of guests. no cutlery of glasses available and hot food"" was barely warm and inedible. In terms of our room our repeated requests for hand towels and two additional pillows to be sent to our room were simply ignored by hotel staff and this combined with the fact that no hairdryer was available for our use made our stay both unnecessarily stressful and very uncomfortable. This Hotel evidently only has half of its room stock equipped with dryers and the remaining five spares held at reception were all booked out to guests whom had arrive before our group. We were finally offered the use of a dryer 14 hours (the following day) later as we were checking out of the hotel enroute to our departing coach. The issues identified above took over two hours to resolve in one instance and a totally unresolved and shambolic failure in respect of the absent hairdryer...""Caveat Emptor"".....and avoid if you wish to have a stress free Hotel experience!",1.0,9,Ibis Ouarzazate Centre,Ouarzazate,tripadvisor.com,Couple,negative,negative
I visit this hôtel in eljadida with my family The room was very clean also the bathroom... The bed was confortable... We enjoyed the time which we spend it and we doesn't regret it.,5.0,4,Ibis El Jadida,El Jadida,tripadvisor.com,Famille,positive,positive
The bed The staff not friendly absolutely dirty carpets old bathrooms The location from the bus station was excellent. especially the bathroom.,2.5,5,Ibis Marrakech Centre Gare,Marrakech,booking.com,Solo,neutral,negative
The staff were very friendly and the room comfortable. The only problem was the restaurant which did not have the same menu each night. My friends had recommended dish they had which I would have liked to try. On the last night there the dish was on the menu,3.0,4,Ibis Casa Voyageurs,Casablanca,expedia.com,Groupe,positive,neutral
Near the airport,4.0,1,Ibis Casablanca Nearshore,Casablanca,expedia.com,Groupe,neutral,positive
Clean staff were really helpful Breakfast could be a little bit better,4.0,1,Ibis Marrakech Palmeraie,Marrakech,booking.com,Solo,positive,positive
It's near to metro train.,2.5,1,Ibis Casa Voyageurs,Casablanca,booking.com,Solo,positive,negative
the hotel was very nice and clean and very cheap for that many nights. Cleaning everyday and the reception helped if you had any questions regarding the rooms the city calling a taxi. The rooms were very quiet and the beds were nice.,5.0,5,Ibis Abdelmoumen Casa,Casablanca,expedia.com,Famille,neutral,positive
Room was clean small no napken paper towels shower head leaks No heat Breakfast really poor,2.0,2,Ibis Casablanca Nearshore,Casablanca,expedia.com,Solo,positive,negative
Good for a night,3.5,1,Ibis Tanger City Center,Tanger,booking.com,Solo,positive,neutral
staff dedication,5.0,1,Ibis Meknès,Meknès,booking.com,Groupe,positive,positive
Nice location hospitable stuff,5.0,2,Ibis Meknès,Meknès,expedia.com,,positive,positive
our rooms were very clean impeccable Service Professional Welcoming Hotel location Bar and restaurant services Hotel crew hospitality special thanks to ريم at the front desk And نعيمة from house keeping and room services,5.0,4,Ibis Mohammedia,Mohammedia,tripadvisor.com,Famille,positive,positive
I particularly liked the service from the staff from the front desk to the housekeepers.,5.0,2,Ibis Ouarzazate Centre,Ouarzazate,booking.com,Solo,positive,positive
Our stay included breakfast. Property has 3 elevators. Our room on the 12th floor was decent size with a wardrobe small table Corridor noise and outside noise can be heard in the room. Decent size bathroom we were supplied with one small sachet of bath gel on two days of our stay. Double bed was comfortable with average bed linen sleep quality was not great as the room got muggy at night and we could not cool the room down without having to open the only window in the room. Breakfast options were decent and breakfast is from 4am to noon hot options are only available between 6am to 10:30am. A lot of commercial development around and Casablanca was disappointment after touring Europe and stopping here on the last leg of our holiday. Plenty of taxis outside the property and the drivers will hassle and haggle with you then again you will encounter a few people who will hassle tourists when you are walking around the city. We used the Casa Tramway for a couple of trips and the return journey costs MAD 14. This hotel is directly across the Casa Port train station which is a 47 minute train ride from Mohammed V international airport.,3.0,16,Ibis Casablanca City Center,Casablanca,tripadvisor.com,,neutral,neutral
The staff and waiters were so humble and hospitable. The internet signal and speed was bad breakfast was not good.,2.5,3,Ibis Casablanca Nearshore,Casablanca,booking.com,Solo,negative,negative
"The night receptionist was very helpful and the staff were very polite. Toilet was dirty and smelling. The second night I changed the room and the toilet smells pee when I open I saw the pee on the closet, The location The humidity and mold smell in the room",2.5,4,Ibis Casablanca City Center,Casablanca,booking.com,Famille,negative,negative
Need resurface bathroom n aircon is not working property when we were given a room i complain to the front desk regarding the aircon and just lies that the temperature are all the same setting it was hot all around the hotel i called the following day n talk to different front desk person n he had someone chks it and he change our room n it a good air-conditioning i use Ibis in UK,4.0,3,Ibis Fès,Fès,expedia.com,,negative,positive
Good value for money Going for dinner in your restaurant and finding local noisy men drinking at the bar with loud tv on trying to have a quiet dinner So convenient next to train station To have a nice quiet dinner after long travel and than have to deal with loud tv and rowdy locals in the bar not good!,4.0,4,Ibis Fès,Fès,booking.com,Solo,positive,positive
The hotel is well located the service was giving by the smily face Aziz in the front desk was outstanding. The staff was carrying about my stay. I recommend this hotel for families,5.0,4,Ibis Casa Sidi Maarouf,Casablanca,tripadvisor.com,,positive,positive
Right next to the train station very convenient if you are just passing by Casablanca. AC was working well. There seems to be some construction work going on in the building. Better to get breakfast in one of the coffee shops inside the train station for the same price surely better quality.,2.5,6,Ibis Casa Voyageurs,Casablanca,booking.com,Solo,neutral,negative
Beds were comfy staff was so nice. Room was extremely quiet with good noise isolation from the hallway. Shower had plenty of hot water and hairdryer worked. Small rooms the breakfast was a bit lacking compared to other hotels I've stayed at that were free.,4.0,6,Ibis Casa Voyageurs,Casablanca,booking.com,Couple,positive,positive
The room was quite large There was an anoying background noise that took all night. Probable a climatization system quite anoying.,4.0,3,Ibis Casa Sidi Maarouf,Casablanca,booking.com,Solo,negative,positive
Nice staff Good food. The room was more of a hostel than a hotel. The room needs refurbishment.,3.0,4,Ibis Tanger City Center,Tanger,booking.com,Couple,positive,neutral
Environment the fact that there wasn't any fridge in the room,3.5,1,Ibis Abdelmoumen Casa,Casablanca,booking.com,Solo,neutral,neutral
Really good hotel. We wanted a room with a view and they let us change without any charge. The breakfast here is great with a good verity for everyone. The staff is super friendly and accommodating. A superb place for couples and families for a weekend getaway.,5.0,6,Ibis Casablanca City Center,Casablanca,tripadvisor.com,Couple,positive,positive
Great location for a transit just outside the train station Perfect and diverse breakfast Helpful stuff The maid entered the room,3.5,1,Ibis Casa Voyageurs,Casablanca,booking.com,Couple,positive,neutral
Location is perfect for travellers through casavoyageurs Staff at the reception are very rude,1.5,1,Ibis Casa Voyageurs,Casablanca,booking.com,Couple,negative,negative
The location was right next to the train station which was good. The breakfast spread was top notch and great value for money.,4.5,2,Ibis Fès,Fès,booking.com,Couple,positive,positive
It was an amazing stay! The staff were very kind,5.0,2,Ibis Casa Sidi Maarouf,Casablanca,expedia.com,Affaires,positive,positive
It is a bit away from downtown. Hotel staff called for a taxi They had a decent breakfast.,4.0,3,Ibis Casablanca Nearshore,Casablanca,expedia.com,Famille,neutral,positive
The hotel is fine. It has a beautiful garden and all the staff is very friendly. The rooms are good it is next to the train station.,5.0,4,Ibis Marrakech Centre Gare,Marrakech,tripadvisor.com,Famille,positive,positive
just had the special menu 89dh (open salad bar speacial dish of the day) for anyone who miss this This has become by far my best place to have my everyday lunch and you dont need to take a hotel room to benefit from that. Whenever I come there is a wide variety of vegetatable I never post about food because its restaurant job to serve good food without a doubt the food is fresh and tasty. And Just onne word about the staff: excellent. About the dish of the day: The sauce and meet was perfection little spicy and well cooked (check pictures) You can also enjoy a good served coffee in sunny terrasse :),5.0,8,Ibis Casa Sidi Maarouf,Casablanca,tripadvisor.com,Affaires,positive,positive
"Location, comfortable No soap in the bathroom",4.0,1,Ibis Casablanca City Center,Casablanca,booking.com,Famille,neutral,positive
room cleanliness hotel location: all great. It was quite late the first night so I decided to eat at the hotel. Hard bits of chicken in club sandwich and greasiest fries you can think about. Swapped with a croque-monsieur that arrived cold. Next night went out in small Casa cafés around the station which were much better and cheaper. Ruins a good hotel.,3.0,7,Ibis Casa Voyageurs,Casablanca,tripadvisor.com,Affaires,positive,neutral
It's clean quite and high prestige hotel and staff very friendly and kind all of them.,5.0,1,Ibis Oujda,Oujda,booking.com,Solo,positive,positive
Only the staff working in the restaurant Staff on reception not very friendly. Rooms shabby and in need of renovation. Towels dirty grey colour because too old. Corridors need to be vacuumed.,1.5,4,Ibis Tanger City Center,Tanger,booking.com,Couple,negative,negative
"The hotel and rooms were fine. Maybe not the best food ambiance for dinner, it was one of the fastest meals we had (only 70 minutes instead of the usual 90 minutes Buffet breakfast was ok too. We had a bunch of laundry done here and it was done well and back the same day. The front desk exchanged travelers' checks for us too. The desk clerk was very nice. The beds were okay - not great,",4.0,9,Ibis Ouarzazate Centre,Ouarzazate,tripadvisor.com,Famille,positive,positive
It was a very good location and accessible to everywhere. The rooms didnt have a good smell.,5.0,2,Ibis Marrakech Centre Gare,Marrakech,booking.com,Couple,positive,positive
The hotel is very clean nice staff and very nice area Nice view from outside stores and restaurants buses and taxis Nice experience .,5.0,7,Ibis Abdelmoumen Casa,Casablanca,booking.com,Couple,positive,positive
The room they give me was smelling like cigarettes I had to ask for towels because they were no towels in the room and it wasnt well cleaned.,1.5,3,Ibis Tanger City Center,Tanger,booking.com,Solo,negative,negative
"I really liked the location of the hotel near to the train station, restaurants, etc... Thanks to the warmth and hospitality of the staff at your hotel especially Ms.Insaf.",5.0,2,Ibis Rabat Agdal,Rabat,booking.com,Famille,positive,positive
Great location for whom who plan to travel by train due to its next to train station clean area and room (basic as Ibis concept) bathroom floor nice swimming pool wonderful decoration which combine old and new Moroccan style breakfast was various and ready to serve as from 6.30 am with attended staffs friendly staffs at front desk (some was not really intended to help especially if you could not speak French) ONLY negative issue about noise in a room cause of wall construction which could not block any sounds as well so do not expect for well sleeping ... 1 night stay is more than enough,3.0,8,Ibis Fès,Fès,tripadvisor.com,Solo,positive,neutral
Excellent service from Sara at Ibis best ever I recommend the hotel to anyone people are friendly and always willing to help us. Karrim is also very helpful and hotel atmosphere is quiet for business,5.0,4,Ibis Casablanca Nearshore,Casablanca,tripadvisor.com,Affaires,positive,positive
Very well situated hotel. Excellent staff. First day after returning late to hotel the shower hose was broken. The staff were excellent and very helpful which made up for all the maintenance faults.,3.0,4,Ibis Casablanca City Center,Casablanca,expedia.com,Couple,positive,neutral
Location Rooms like all ibis very small Hotel and staff were great and the location was great. Convenient access to local amenities.,4.0,3,Ibis Rabat Agdal,Rabat,booking.com,Solo,positive,positive
They were hesitant about providing us with an extra towel (there was only 2 in the room). It is located right by the train station and is about 15 min drive into town. The cost of a taxi into town is about 5 euro. The hallway smells like feet...and my friends blanket smelled sour. This place is okay for a short stop and if you plan on spending minimal amount of time there during the day.,3.0,5,Ibis Tanger City Center,Tanger,tripadvisor.com,,neutral,neutral
The bathroom was infested with ants. So cleanliness was a major issue. WiFi did not work most of the time.,3.0,3,Ibis Tanger City Center,Tanger,expedia.com,Groupe,negative,neutral
Room was both spotless and superb. Staff all excellent and very knowledgeable. Clean and lovely,5.0,3,Ibis Casablanca City Center,Casablanca,expedia.com,Couple,positive,positive
Stayed here for two nights one at the beginning and one at the end of our trip to Morocco. Great location right next to the Supratours bus station and main train station - which in itself is very nice with shops cafes a bank and post office. The airport bus leaves you right outside the train station and local buses take you to the djemaa el fna square and souks in around 10 mins. Rooms were typical of an Ibis hotel - 2 single beds pushed together a place to put a suitcase Hotel also had a pool which was great to cool down after the heat of the souks. Staff were friendly and helpful.,4.0,10,Ibis Marrakech Centre Gare,Marrakech,tripadvisor.com,Famille,neutral,positive
They had an amazing variety of food for breakfast The elevator was very small and we had trouble getting stuck in it,3.5,1,Ibis Marrakech Centre Gare,Marrakech,booking.com,Couple,positive,neutral
Thank you for your professionalism and quality of service Asmaa Thank you alia and Chafik Thank you touria responsible for women room and especially Asia floor 9 th Thank you your professional welcome mourad varied and delicious breakfast Breakfast was excellent and varied The best breakfast I had in hotel,5.0,3,Ibis Casablanca City Center,Casablanca,tripadvisor.com,Solo,positive,positive
Good choice,5.0,1,Ibis Marrakech Palmeraie,Marrakech,expedia.com,,positive,positive
Clean standard hotel with a good central location for the price The property was well located next to the train station. Perfect for those who are in transit and need an overnight stay. Room was clean and expected for IBIS standards and breakfast was uncomplicated (started early and simple buffet). Smoking is permitted in the restaurant.,4.0,5,Ibis Casablanca City Center,Casablanca,expedia.com,Couple,positive,positive
they put me in a room with broken shower bowl,0.5,1,Ibis Casablanca City Center,Casablanca,booking.com,Couple,negative,negative
Swimming pool,4.5,1,Ibis Fès,Fès,booking.com,Couple,neutral,positive
Not clean Price to high,0.5,1,Ibis Meknès,Meknès,booking.com,Couple,negative,negative
The hotel staff as usual very friendly and helpful. I have nothing to complain about other than the bar area does not have a no smoking area,4.5,2,Ibis Tanger City Center,Tanger,booking.com,Couple,positive,positive
