rid,note,hotel,n_sent,label
3152,1.0,Ibis Fès,1,negative
555,1.0,Ibis Casa Sidi Maarouf,1,negative
4821,5.0,Ibis Mohammedia,3,positive
3037,4.0,Ibis Fès,6,positive
2614,5.0,Ibis El Jadida,4,positive
4848,4.0,Ibis Mohammedia,1,positive
5944,4.0,Ibis Tanger City Center,1,positive
597,5.0,Ibis Casa Sidi Maarouf,3,positive
5719,4.5,Ibis Rabat Agdal,3,positive
5693,2.5,Ibis Rabat Agdal,6,negative
1711,2.0,Ibis Casablanca City Center,2,negative
2863,1.0,Ibis Fès,5,negative
1139,2.5,Ibis Casa Voyageurs,10,negative
2659,5.0,Ibis El Jadida,10,positive
6390,4.0,Ibis Tanger City Center,4,positive
3375,3.0,Ibis Marrakech Centre Gare,18,neutral
6227,5.0,Ibis Tanger City Center,2,positive
3979,4.5,Ibis Marrakech Centre Gare,4,positive
2169,3.0,Ibis Casablanca Nearshore,6,neutral
4858,1.5,Ibis Mohammedia,1,negative
6023,2.0,Ibis Tanger City Center,1,negative
1127,3.5,Ibis Casa Voyageurs,1,neutral
2780,2.0,Ibis Fès,6,negative
2913,3.0,Ibis Fès,5,neutral
6375,2.0,Ibis Tanger City Center,16,negative
5962,3.0,Ibis Tanger City Center,3,neutral
513,4.5,Ibis Casa Sidi Maarouf,1,positive
1970,4.0,Ibis Casablanca City Center,3,positive
199,4.0,Ibis Abdelmoumen Casa,2,positive
6393,1.0,Ibis Tanger City Center,1,negative
5445,2.0,Ibis Oujda,2,negative
2311,1.0,Ibis Casablanca Nearshore,7,negative
4093,5.0,Ibis Marrakech Centre Gare,5,positive
4002,4.5,Ibis Marrakech Centre Gare,1,positive
1482,5.0,Ibis Casablanca City Center,5,positive
3318,4.0,Ibis Marrakech Centre Gare,5,positive
5323,2.0,Ibis Ouarzazate Centre,7,negative
5466,5.0,Ibis Oujda,8,positive
4596,1.0,Ibis Marrakech Palmeraie,1,negative
5519,4.0,Ibis Rabat Agdal,3,positive
3762,5.0,Ibis Marrakech Centre Gare,5,positive
6359,3.5,Ibis Tanger City Center,14,neutral
3691,4.0,Ibis Marrakech Centre Gare,12,positive
215,1.0,Ibis Abdelmoumen Casa,8,negative
1796,4.0,Ibis Casablanca City Center,2,positive
1218,2.5,Ibis Casa Voyageurs,1,negative
5270,3.5,Ibis Ouarzazate Centre,1,neutral
4251,5.0,Ibis Marrakech Centre Gare,3,positive
721,5.0,Ibis Casa Voyageurs,4,positive
968,2.5,Ibis Casa Voyageurs,1,negative
1337,4.0,Ibis Casablanca City Center,3,positive
4736,5.0,Ibis Meknès,3,positive
5541,4.0,Ibis Rabat Agdal,3,positive
1695,4.0,Ibis Casablanca City Center,2,positive
6015,5.0,Ibis Tanger City Center,1,positive
4982,2.0,Ibis Ouarzazate Centre,20,negative
4904,5.0,Ibis Mohammedia,4,positive
693,5.0,Ibis Casa Voyageurs,8,positive
1983,5.0,Ibis Casablanca City Center,1,positive
4234,2.0,Ibis Marrakech Centre Gare,3,negative
3174,3.0,Ibis Fès,1,neutral
6161,5.0,Ibis Tanger City Center,5,positive
5025,4.0,Ibis Ouarzazate Centre,4,positive
3332,3.0,Ibis Marrakech Centre Gare,3,neutral
1965,3.0,Ibis Casablanca City Center,1,neutral
2101,4.0,Ibis Casablanca Nearshore,9,positive
1936,3.0,Ibis Casablanca City Center,1,neutral
4839,5.0,Ibis Mohammedia,8,positive
4851,5.0,Ibis Mohammedia,17,positive
1715,4.0,Ibis Casablanca City Center,10,positive
1837,2.5,Ibis Casablanca City Center,5,negative
880,4.0,Ibis Casa Voyageurs,13,positive
3131,4.0,Ibis Fès,3,positive
1415,4.0,Ibis Casablanca City Center,6,positive
3835,1.0,Ibis Marrakech Centre Gare,6,negative
4783,3.0,Ibis Mohammedia,2,neutral
2066,5.0,Ibis Casablanca City Center,1,positive
4451,0.5,Ibis Marrakech Palmeraie,3,negative
3630,1.0,Ibis Marrakech Centre Gare,4,negative
6384,3.0,Ibis Tanger City Center,1,neutral
4510,4.0,Ibis Marrakech Palmeraie,2,positive
1477,5.0,Ibis Casablanca City Center,4,positive
4358,4.0,Ibis Marrakech Centre Gare,105,positive
2562,5.0,Ibis El Jadida,11,positive
304,5.0,Ibis Casa Sidi Maarouf,2,positive
475,5.0,Ibis Casa Sidi Maarouf,8,positive
733,4.0,Ibis Casa Voyageurs,6,positive
3309,3.0,Ibis Marrakech Centre Gare,2,neutral
776,3.5,Ibis Casa Voyageurs,2,neutral
3855,4.0,Ibis Marrakech Centre Gare,4,positive
5995,3.0,Ibis Tanger City Center,1,neutral
5142,3.0,Ibis Ouarzazate Centre,3,neutral
1324,4.0,Ibis Casablanca City Center,15,positive
191,3.5,Ibis Abdelmoumen Casa,4,neutral
2865,1.0,Ibis Fès,1,negative
829,3.5,Ibis Casa Voyageurs,12,neutral
3139,4.0,Ibis Fès,4,positive
396,3.0,Ibis Casa Sidi Maarouf,4,neutral
455,5.0,Ibis Casa Sidi Maarouf,4,positive
5334,3.5,Ibis Ouarzazate Centre,6,neutral
2577,2.5,Ibis El Jadida,1,negative
2330,5.0,Ibis Casablanca Nearshore,12,positive
5083,1.0,Ibis Ouarzazate Centre,10,negative
843,2.5,Ibis Casa Voyageurs,4,negative
4543,0.5,Ibis Marrakech Palmeraie,3,negative
2041,5.0,Ibis Casablanca City Center,3,positive
1205,4.5,Ibis Casa Voyageurs,1,positive
883,5.0,Ibis Casa Voyageurs,7,positive
1232,2.0,Ibis Casa Voyageurs,33,negative
1520,4.0,Ibis Casablanca City Center,1,positive
1457,3.0,Ibis Casablanca City Center,3,neutral
4887,5.0,Ibis Mohammedia,2,positive
2801,5.0,Ibis Fès,3,positive
2712,4.0,Ibis Fès,11,positive
436,5.0,Ibis Casa Sidi Maarouf,4,positive
985,4.0,Ibis Casa Voyageurs,10,positive
2447,4.0,Ibis El Jadida,1,positive
4459,5.0,Ibis Marrakech Palmeraie,1,positive
135,2.5,Ibis Abdelmoumen Casa,10,negative
1546,3.0,Ibis Casablanca City Center,3,neutral
2387,4.0,Ibis El Jadida,3,positive
761,2.0,Ibis Casa Voyageurs,7,negative
4607,1.0,Ibis Marrakech Palmeraie,7,negative
1336,4.0,Ibis Casablanca City Center,6,positive
2283,2.0,Ibis Casablanca Nearshore,3,negative
5349,5.0,Ibis Ouarzazate Centre,4,positive
1658,3.5,Ibis Casablanca City Center,4,neutral
3579,5.0,Ibis Marrakech Centre Gare,6,positive
5233,2.5,Ibis Ouarzazate Centre,6,negative
4631,4.0,Ibis Meknès,2,positive
7,1.0,Ibis Abdelmoumen Casa,9,negative
6185,4.5,Ibis Tanger City Center,1,positive
4263,1.0,Ibis Marrakech Centre Gare,2,negative
394,3.0,Ibis Casa Sidi Maarouf,14,neutral
4266,0.5,Ibis Marrakech Centre Gare,1,negative
5763,3.0,Ibis Rabat Agdal,4,neutral
476,5.0,Ibis Casa Sidi Maarouf,1,positive
426,4.0,Ibis Casa Sidi Maarouf,1,positive
1656,2.0,Ibis Casablanca City Center,5,negative
1740,2.5,Ibis Casablanca City Center,1,negative
514,5.0,Ibis Casa Sidi Maarouf,7,positive
2948,5.0,Ibis Fès,3,positive
5712,4.0,Ibis Rabat Agdal,4,positive
2525,1.0,Ibis El Jadida,4,negative
629,3.0,Ibis Casa Voyageurs,14,neutral
6097,5.0,Ibis Tanger City Center,1,positive
4707,3.5,Ibis Meknès,2,neutral
2333,3.5,Ibis Casablanca Nearshore,10,neutral
910,5.0,Ibis Casa Voyageurs,2,positive
5410,5.0,Ibis Oujda,1,positive
3613,1.0,Ibis Marrakech Centre Gare,4,negative
4929,5.0,Ibis Mohammedia,4,positive
5040,3.0,Ibis Ouarzazate Centre,7,neutral
4579,2.5,Ibis Marrakech Palmeraie,6,negative
3011,5.0,Ibis Fès,11,positive
1999,5.0,Ibis Casablanca City Center,12,positive
2302,1.5,Ibis Casablanca Nearshore,2,negative
3149,1.0,Ibis Fès,2,negative
1780,4.0,Ibis Casablanca City Center,4,positive
6164,2.5,Ibis Tanger City Center,2,negative
623,4.0,Ibis Casa Voyageurs,6,positive
4861,5.0,Ibis Mohammedia,17,positive
440,2.0,Ibis Casa Sidi Maarouf,16,negative
2456,4.0,Ibis El Jadida,5,positive
3685,5.0,Ibis Marrakech Centre Gare,4,positive
5126,1.0,Ibis Ouarzazate Centre,9,negative
3993,3.0,Ibis Marrakech Centre Gare,7,neutral
150,5.0,Ibis Abdelmoumen Casa,7,positive
3597,3.0,Ibis Marrakech Centre Gare,5,neutral
1103,3.5,Ibis Casa Voyageurs,2,neutral
864,4.5,Ibis Casa Voyageurs,11,positive
760,5.0,Ibis Casa Voyageurs,3,positive
4659,4.0,Ibis Meknès,1,positive
391,5.0,Ibis Casa Sidi Maarouf,2,positive
837,0.5,Ibis Casa Voyageurs,1,negative
1906,3.0,Ibis Casablanca City Center,16,neutral
2112,1.0,Ibis Casablanca Nearshore,3,negative
4376,3.0,Ibis Marrakech Palmeraie,1,neutral
4572,5.0,Ibis Marrakech Palmeraie,1,positive
5697,5.0,Ibis Rabat Agdal,1,positive
173,2.5,Ibis Abdelmoumen Casa,1,negative
4499,0.5,Ibis Marrakech Palmeraie,1,negative
3665,1.0,Ibis Marrakech Centre Gare,3,negative
5937,4.0,Ibis Tanger City Center,4,positive
5852,4.0,Ibis Tanger City Center,10,positive
1952,0.5,Ibis Casablanca City Center,5,negative
6030,1.0,Ibis Tanger City Center,14,negative
3603,2.0,Ibis Marrakech Centre Gare,9,negative
1940,3.5,Ibis Casablanca City Center,1,neutral
2621,3.0,Ibis El Jadida,2,neutral
4280,3.0,Ibis Marrakech Centre Gare,9,neutral
817,3.5,Ibis Casa Voyageurs,2,neutral
2228,4.0,Ibis Casablanca Nearshore,1,positive
5831,3.0,Ibis Tanger City Center,5,neutral
3276,3.0,Ibis Marrakech Centre Gare,6,neutral
4301,1.0,Ibis Marrakech Centre Gare,8,negative
4419,4.0,Ibis Marrakech Palmeraie,3,positive
5184,5.0,Ibis Ouarzazate Centre,3,positive
4258,3.5,Ibis Marrakech Centre Gare,7,neutral
3611,1.0,Ibis Marrakech Centre Gare,4,negative
2762,5.0,Ibis Fès,4,positive
4883,5.0,Ibis Mohammedia,6,positive
2133,3.0,Ibis Casablanca Nearshore,3,neutral
2406,4.0,Ibis El Jadida,3,positive
4885,5.0,Ibis Mohammedia,4,positive
1060,3.5,Ibis Casa Voyageurs,3,neutral
1313,3.0,Ibis Casablanca City Center,6,neutral
1508,4.0,Ibis Casablanca City Center,9,positive
5168,5.0,Ibis Ouarzazate Centre,1,positive
5348,4.5,Ibis Ouarzazate Centre,1,positive
731,3.0,Ibis Casa Voyageurs,4,neutral
2942,5.0,Ibis Fès,1,positive
19,3.5,Ibis Abdelmoumen Casa,3,neutral
5583,4.0,Ibis Rabat Agdal,4,positive
5771,3.5,Ibis Rabat Agdal,3,neutral
145,5.0,Ibis Abdelmoumen Casa,15,positive
5173,4.5,Ibis Ouarzazate Centre,2,positive
2218,5.0,Ibis Casablanca Nearshore,16,positive
3473,3.0,Ibis Marrakech Centre Gare,6,neutral
480,5.0,Ibis Casa Sidi Maarouf,11,positive
2693,4.0,Ibis El Jadida,4,positive
1963,3.0,Ibis Casablanca City Center,2,neutral
1487,4.0,Ibis Casablanca City Center,9,positive
4190,0.5,Ibis Marrakech Centre Gare,5,negative
1613,4.0,Ibis Casablanca City Center,2,positive
451,5.0,Ibis Casa Sidi Maarouf,8,positive
4581,4.0,Ibis Marrakech Palmeraie,2,positive
2373,1.0,Ibis El Jadida,4,negative
2090,4.0,Ibis Casablanca Nearshore,3,positive
2358,4.0,Ibis El Jadida,7,positive
5046,3.0,Ibis Ouarzazate Centre,5,neutral
2566,5.0,Ibis El Jadida,15,positive
5367,2.0,Ibis Ouarzazate Centre,2,negative
416,2.0,Ibis Casa Sidi Maarouf,5,negative
5656,4.5,Ibis Rabat Agdal,1,positive
4408,4.0,Ibis Marrakech Palmeraie,9,positive
4504,2.5,Ibis Marrakech Palmeraie,1,negative
1243,5.0,Ibis Casa Voyageurs,43,positive
1041,4.5,Ibis Casa Voyageurs,1,positive
4948,5.0,Ibis Mohammedia,4,positive
3584,3.0,Ibis Marrakech Centre Gare,2,neutral
984,3.5,Ibis Casa Voyageurs,2,neutral
1358,1.0,Ibis Casablanca City Center,1,negative
544,1.0,Ibis Casa Sidi Maarouf,2,negative
2631,2.5,Ibis El Jadida,8,negative
4447,1.5,Ibis Marrakech Palmeraie,1,negative
3074,5.0,Ibis Fès,1,positive
6156,4.0,Ibis Tanger City Center,1,positive
5362,5.0,Ibis Ouarzazate Centre,8,positive
5177,3.5,Ibis Ouarzazate Centre,2,neutral
4768,5.0,Ibis Mohammedia,2,positive
5382,4.0,Ibis Ouarzazate Centre,13,positive
479,3.0,Ibis Casa Sidi Maarouf,3,neutral
5510,5.0,Ibis Rabat Agdal,1,positive
2242,4.0,Ibis Casablanca Nearshore,2,positive
3700,4.0,Ibis Marrakech Centre Gare,22,positive
3619,5.0,Ibis Marrakech Centre Gare,7,positive
4574,0.5,Ibis Marrakech Palmeraie,8,negative
2422,3.0,Ibis El Jadida,10,neutral
1299,3.0,Ibis Casablanca City Center,24,neutral
4102,4.0,Ibis Marrakech Centre Gare,1,positive
526,3.0,Ibis Casa Sidi Maarouf,4,neutral
5315,5.0,Ibis Ouarzazate Centre,4,positive
3527,4.0,Ibis Marrakech Centre Gare,2,positive
1968,3.5,Ibis Casablanca City Center,8,neutral
260,2.0,Ibis Casa Sidi Maarouf,7,negative
4294,2.0,Ibis Marrakech Centre Gare,1,negative
6378,4.0,Ibis Tanger City Center,2,positive
5098,3.0,Ibis Ouarzazate Centre,7,neutral
549,5.0,Ibis Casa Sidi Maarouf,8,positive
5328,4.0,Ibis Ouarzazate Centre,15,positive
2809,5.0,Ibis Fès,4,positive
3,5.0,Ibis Abdelmoumen Casa,3,positive
675,5.0,Ibis Casa Voyageurs,5,positive
4644,4.0,Ibis Meknès,1,positive
836,5.0,Ibis Casa Voyageurs,7,positive
5007,4.0,Ibis Ouarzazate Centre,4,positive
3671,5.0,Ibis Marrakech Centre Gare,5,positive
4141,4.0,Ibis Marrakech Centre Gare,2,positive
9,5.0,Ibis Abdelmoumen Casa,3,positive
3654,3.0,Ibis Marrakech Centre Gare,10,neutral
4422,4.0,Ibis Marrakech Palmeraie,25,positive
6223,3.0,Ibis Tanger City Center,2,neutral
520,5.0,Ibis Casa Sidi Maarouf,1,positive
1459,2.0,Ibis Casablanca City Center,10,negative
6279,5.0,Ibis Tanger City Center,3,positive
779,3.0,Ibis Casa Voyageurs,10,neutral
2255,5.0,Ibis Casablanca Nearshore,3,positive
2148,5.0,Ibis Casablanca Nearshore,1,positive
447,5.0,Ibis Casa Sidi Maarouf,4,positive
2989,5.0,Ibis Fès,4,positive
1500,4.0,Ibis Casablanca City Center,2,positive
5792,4.0,Ibis Rabat Agdal,3,positive
3708,4.0,Ibis Marrakech Centre Gare,6,positive
3404,4.0,Ibis Marrakech Centre Gare,3,positive
2839,3.0,Ibis Fès,5,neutral
317,3.0,Ibis Casa Sidi Maarouf,5,neutral
354,5.0,Ibis Casa Sidi Maarouf,4,positive
1904,2.0,Ibis Casablanca City Center,2,negative
294,3.0,Ibis Casa Sidi Maarouf,19,neutral
1359,1.0,Ibis Casablanca City Center,19,negative
457,4.0,Ibis Casa Sidi Maarouf,3,positive
2107,4.0,Ibis Casablanca Nearshore,4,positive
558,4.5,Ibis Casa Sidi Maarouf,1,positive
301,3.0,Ibis Casa Sidi Maarouf,6,neutral
1616,5.0,Ibis Casablanca City Center,1,positive
1768,5.0,Ibis Casablanca City Center,13,positive
6379,4.5,Ibis Tanger City Center,2,positive
3641,2.0,Ibis Marrakech Centre Gare,11,negative
2081,4.0,Ibis Casablanca City Center,4,positive
1356,2.0,Ibis Casablanca City Center,24,negative
833,4.5,Ibis Casa Voyageurs,8,positive
912,0.5,Ibis Casa Voyageurs,2,negative
5813,4.0,Ibis Tanger City Center,12,positive
4103,4.0,Ibis Marrakech Centre Gare,10,positive
357,3.0,Ibis Casa Sidi Maarouf,5,neutral
770,2.0,Ibis Casa Voyageurs,7,negative
994,2.0,Ibis Casa Voyageurs,7,negative
1591,2.0,Ibis Casablanca City Center,2,negative
120,5.0,Ibis Abdelmoumen Casa,1,positive
5845,4.0,Ibis Tanger City Center,16,positive
5002,4.0,Ibis Ouarzazate Centre,13,positive
1199,3.5,Ibis Casa Voyageurs,1,neutral
5391,4.0,Ibis Oujda,4,positive
179,5.0,Ibis Abdelmoumen Casa,2,positive
6175,5.0,Ibis Tanger City Center,5,positive
3550,2.0,Ibis Marrakech Centre Gare,6,negative
4040,4.0,Ibis Marrakech Centre Gare,1,positive
1784,4.0,Ibis Casablanca City Center,6,positive
5871,5.0,Ibis Tanger City Center,4,positive
3337,3.0,Ibis Marrakech Centre Gare,8,neutral
4365,5.0,Ibis Marrakech Palmeraie,5,positive
5240,5.0,Ibis Ouarzazate Centre,1,positive
5311,3.5,Ibis Ouarzazate Centre,4,neutral
2396,3.0,Ibis El Jadida,6,neutral
5284,3.5,Ibis Ouarzazate Centre,1,neutral
2117,4.0,Ibis Casablanca Nearshore,4,positive
651,4.0,Ibis Casa Voyageurs,9,positive
6405,3.5,Ibis Tanger City Center,10,neutral
205,3.0,Ibis Abdelmoumen Casa,3,neutral
2493,5.0,Ibis El Jadida,5,positive
2819,3.0,Ibis Fès,6,neutral
3718,2.0,Ibis Marrakech Centre Gare,5,negative
2999,3.5,Ibis Fès,3,neutral
6396,3.0,Ibis Tanger City Center,5,neutral
1879,3.5,Ibis Casablanca City Center,1,neutral
1133,4.5,Ibis Casa Voyageurs,8,positive
6074,1.0,Ibis Tanger City Center,3,negative
5885,4.0,Ibis Tanger City Center,3,positive
2221,2.5,Ibis Casablanca Nearshore,2,negative
4818,4.5,Ibis Mohammedia,2,positive
3446,3.0,Ibis Marrakech Centre Gare,14,neutral
754,5.0,Ibis Casa Voyageurs,2,positive
5104,3.0,Ibis Ouarzazate Centre,10,neutral
324,3.0,Ibis Casa Sidi Maarouf,10,neutral
72,4.0,Ibis Abdelmoumen Casa,1,positive
5836,3.0,Ibis Tanger City Center,10,neutral
52,4.0,Ibis Abdelmoumen Casa,4,positive
3306,3.0,Ibis Marrakech Centre Gare,4,neutral
1374,4.0,Ibis Casablanca City Center,1,positive
3201,4.0,Ibis Marrakech Centre Gare,11,positive
607,1.0,Ibis Casa Sidi Maarouf,1,negative
5900,4.0,Ibis Tanger City Center,5,positive
6063,2.5,Ibis Tanger City Center,5,negative
6192,2.0,Ibis Tanger City Center,3,negative
454,3.0,Ibis Casa Sidi Maarouf,9,neutral
3792,5.0,Ibis Marrakech Centre Gare,6,positive
1366,4.0,Ibis Casablanca City Center,3,positive
5725,1.0,Ibis Rabat Agdal,1,negative
4223,2.5,Ibis Marrakech Centre Gare,1,negative
47,2.5,Ibis Abdelmoumen Casa,1,negative
4078,1.0,Ibis Marrakech Centre Gare,6,negative
5941,5.0,Ibis Tanger City Center,6,positive
1486,3.0,Ibis Casablanca City Center,9,neutral
5172,4.5,Ibis Ouarzazate Centre,2,positive
676,3.0,Ibis Casa Voyageurs,10,neutral
964,5.0,Ibis Casa Voyageurs,5,positive
1116,4.0,Ibis Casa Voyageurs,3,positive
2600,5.0,Ibis El Jadida,3,positive
5278,4.0,Ibis Ouarzazate Centre,1,positive
5381,3.0,Ibis Ouarzazate Centre,11,neutral
820,4.5,Ibis Casa Voyageurs,4,positive
4509,3.5,Ibis Marrakech Palmeraie,3,neutral
1596,4.5,Ibis Casablanca City Center,2,positive
1818,5.0,Ibis Casablanca City Center,2,positive
3008,0.5,Ibis Fès,4,negative
1381,4.0,Ibis Casablanca City Center,5,positive
3349,4.0,Ibis Marrakech Centre Gare,10,positive
5221,4.5,Ibis Ouarzazate Centre,1,positive
2629,5.0,Ibis El Jadida,3,positive
2234,5.0,Ibis Casablanca Nearshore,14,positive
500,2.5,Ibis Casa Sidi Maarouf,5,negative
5469,5.0,Ibis Oujda,9,positive
666,3.0,Ibis Casa Voyageurs,7,neutral
3012,0.5,Ibis Fès,3,negative
168,2.5,Ibis Abdelmoumen Casa,1,negative
3677,4.0,Ibis Marrakech Centre Gare,16,positive
2211,5.0,Ibis Casablanca Nearshore,7,positive
5488,5.0,Ibis Oujda,9,positive
2353,5.0,Ibis Casablanca Nearshore,4,positive
4016,3.5,Ibis Marrakech Centre Gare,3,neutral
403,1.0,Ibis Casa Sidi Maarouf,4,negative
5677,3.5,Ibis Rabat Agdal,1,neutral
1268,4.0,Ibis Casablanca City Center,8,positive
4257,3.0,Ibis Marrakech Centre Gare,2,neutral
2895,2.0,Ibis Fès,2,negative
56,0.5,Ibis Abdelmoumen Casa,8,negative
5356,5.0,Ibis Ouarzazate Centre,1,positive
5625,5.0,Ibis Rabat Agdal,1,positive
815,3.0,Ibis Casa Voyageurs,1,neutral
1427,4.0,Ibis Casablanca City Center,3,positive
3363,3.0,Ibis Marrakech Centre Gare,4,neutral
3246,5.0,Ibis Marrakech Centre Gare,8,positive
6101,1.0,Ibis Tanger City Center,2,negative
2227,4.0,Ibis Casablanca Nearshore,5,positive
3709,4.0,Ibis Marrakech Centre Gare,6,positive
2014,4.0,Ibis Casablanca City Center,25,positive
2329,2.5,Ibis Casablanca Nearshore,3,negative
1644,2.5,Ibis Casablanca City Center,2,negative
2545,3.0,Ibis El Jadida,1,neutral
6306,3.5,Ibis Tanger City Center,2,neutral
3964,1.5,Ibis Marrakech Centre Gare,1,negative
3543,5.0,Ibis Marrakech Centre Gare,1,positive
4284,4.0,Ibis Marrakech Centre Gare,6,positive
2445,4.0,Ibis El Jadida,4,positive
5812,3.0,Ibis Tanger City Center,2,neutral
3344,4.0,Ibis Marrakech Centre Gare,5,positive
914,1.0,Ibis Casa Voyageurs,3,negative
3814,3.0,Ibis Marrakech Centre Gare,14,neutral
309,3.0,Ibis Casa Sidi Maarouf,3,neutral
285,2.0,Ibis Casa Sidi Maarouf,14,negative
2599,5.0,Ibis El Jadida,7,positive
1420,3.0,Ibis Casablanca City Center,3,neutral
3683,3.0,Ibis Marrakech Centre Gare,3,neutral
1549,3.0,Ibis Casablanca City Center,3,neutral
187,2.5,Ibis Abdelmoumen Casa,3,negative
1529,4.0,Ibis Casablanca City Center,5,positive
738,3.0,Ibis Casa Voyageurs,5,neutral
3805,1.0,Ibis Marrakech Centre Gare,6,negative
1506,3.0,Ibis Casablanca City Center,9,neutral
4704,2.0,Ibis Meknès,1,negative
3271,4.0,Ibis Marrakech Centre Gare,13,positive
4352,3.0,Ibis Marrakech Centre Gare,16,neutral
5904,2.0,Ibis Tanger City Center,4,negative
2261,4.5,Ibis Casablanca Nearshore,2,positive
1950,5.0,Ibis Casablanca City Center,2,positive
6145,3.0,Ibis Tanger City Center,2,neutral
3041,4.0,Ibis Fès,2,positive
4900,5.0,Ibis Mohammedia,14,positive
1347,4.0,Ibis Casablanca City Center,4,positive
6367,0.5,Ibis Tanger City Center,1,negative
6336,3.0,Ibis Tanger City Center,3,neutral
4199,3.5,Ibis Marrakech Centre Gare,1,neutral
2546,4.0,Ibis El Jadida,3,positive
1,5.0,Ibis Abdelmoumen Casa,4,positive
152,5.0,Ibis Abdelmoumen Casa,8,positive
5618,2.0,Ibis Rabat Agdal,18,negative
5487,1.0,Ibis Oujda,1,negative
5195,4.0,Ibis Ouarzazate Centre,1,positive
5079,2.0,Ibis Ouarzazate Centre,3,negative
456,5.0,Ibis Casa Sidi Maarouf,4,positive
5006,1.0,Ibis Ouarzazate Centre,2,negative
5989,4.0,Ibis Tanger City Center,10,positive
4084,3.5,Ibis Marrakech Centre Gare,1,neutral
2699,5.0,Ibis Fès,6,positive
5015,3.0,Ibis Ouarzazate Centre,4,neutral
2339,4.5,Ibis Casablanca Nearshore,1,positive
941,3.5,Ibis Casa Voyageurs,1,neutral
511,5.0,Ibis Casa Sidi Maarouf,1,positive
1478,5.0,Ibis Casablanca City Center,2,positive
5102,2.0,Ibis Ouarzazate Centre,6,negative
5976,2.0,Ibis Tanger City Center,6,negative
4068,2.0,Ibis Marrakech Centre Gare,3,negative
239,2.5,Ibis Abdelmoumen Casa,3,negative
4675,2.0,Ibis Meknès,2,negative
2951,4.0,Ibis Fès,3,positive
5205,3.5,Ibis Ouarzazate Centre,3,neutral
3154,2.5,Ibis Fès,5,negative
1294,4.0,Ibis Casablanca City Center,7,positive
644,4.0,Ibis Casa Voyageurs,5,positive
3129,3.0,Ibis Fès,7,neutral
64,3.5,Ibis Abdelmoumen Casa,3,neutral
860,3.5,Ibis Casa Voyageurs,1,neutral
6388,4.0,Ibis Tanger City Center,2,positive
5903,5.0,Ibis Tanger City Center,3,positive
3182,4.0,Ibis Marrakech Centre Gare,5,positive
2664,4.5,Ibis El Jadida,2,positive
5783,2.5,Ibis Rabat Agdal,1,negative
3999,3.0,Ibis Marrakech Centre Gare,6,neutral
2275,5.0,Ibis Casablanca Nearshore,9,positive
3631,3.0,Ibis Marrakech Centre Gare,24,neutral
1065,4.5,Ibis Casa Voyageurs,6,positive
3743,5.0,Ibis Marrakech Centre Gare,5,positive
4493,3.0,Ibis Marrakech Palmeraie,2,neutral
2270,5.0,Ibis Casablanca Nearshore,10,positive
4242,1.0,Ibis Marrakech Centre Gare,1,negative
711,4.0,Ibis Casa Voyageurs,20,positive
3750,3.0,Ibis Marrakech Centre Gare,11,neutral
6002,4.0,Ibis Tanger City Center,4,positive
5091,2.0,Ibis Ouarzazate Centre,4,negative
1821,2.5,Ibis Casablanca City Center,3,negative
3885,2.5,Ibis Marrakech Centre Gare,3,negative
2145,5.0,Ibis Casablanca Nearshore,1,positive
4605,5.0,Ibis Marrakech Palmeraie,1,positive
953,4.5,Ibis Casa Voyageurs,2,positive
1949,5.0,Ibis Casablanca City Center,6,positive
1443,4.0,Ibis Casablanca City Center,3,positive
1708,4.0,Ibis Casablanca City Center,2,positive
4031,3.5,Ibis Marrakech Centre Gare,4,neutral
3419,3.0,Ibis Marrakech Centre Gare,16,neutral
3138,3.5,Ibis Fès,1,neutral
4014,3.0,Ibis Marrakech Centre Gare,8,neutral
5378,3.0,Ibis Ouarzazate Centre,9,neutral
365,5.0,Ibis Casa Sidi Maarouf,7,positive
2552,2.0,Ibis El Jadida,2,negative
2295,5.0,Ibis Casablanca Nearshore,1,positive
4769,5.0,Ibis Mohammedia,3,positive
5386,5.0,Ibis Ouarzazate Centre,6,positive
974,5.0,Ibis Casa Voyageurs,6,positive
1288,1.0,Ibis Casablanca City Center,3,negative
4738,1.0,Ibis Meknès,11,negative
5867,3.0,Ibis Tanger City Center,7,neutral
3392,1.0,Ibis Marrakech Centre Gare,5,negative
3863,5.0,Ibis Marrakech Centre Gare,7,positive
2571,3.0,Ibis El Jadida,2,neutral
2174,5.0,Ibis Casablanca Nearshore,2,positive
1717,5.0,Ibis Casablanca City Center,10,positive
5095,4.0,Ibis Ouarzazate Centre,4,positive
414,4.0,Ibis Casa Sidi Maarouf,1,positive
3052,5.0,Ibis Fès,6,positive
937,0.5,Ibis Casa Voyageurs,1,negative
2154,1.0,Ibis Casablanca Nearshore,2,negative
4285,4.5,Ibis Marrakech Centre Gare,8,positive
915,2.0,Ibis Casa Voyageurs,6,negative
1849,1.5,Ibis Casablanca City Center,2,negative
2024,5.0,Ibis Casablanca City Center,8,positive
3157,4.0,Ibis Fès,1,positive
850,4.0,Ibis Casa Voyageurs,2,positive
4118,4.0,Ibis Marrakech Centre Gare,1,positive
1646,3.5,Ibis Casablanca City Center,1,neutral
5441,5.0,Ibis Oujda,10,positive
3758,3.0,Ibis Marrakech Centre Gare,3,neutral
4218,1.0,Ibis Marrakech Centre Gare,3,negative
4470,2.0,Ibis Marrakech Palmeraie,6,negative
3969,2.5,Ibis Marrakech Centre Gare,6,negative
853,4.5,Ibis Casa Voyageurs,3,positive
1683,2.5,Ibis Casablanca City Center,4,negative
5788,3.0,Ibis Rabat Agdal,1,neutral
1611,4.0,Ibis Casablanca City Center,2,positive
3013,2.5,Ibis Fès,3,negative
5090,3.0,Ibis Ouarzazate Centre,2,neutral
3409,3.0,Ibis Marrakech Centre Gare,5,neutral
3540,3.0,Ibis Marrakech Centre Gare,7,neutral
1312,2.0,Ibis Casablanca City Center,5,negative
3488,3.0,Ibis Marrakech Centre Gare,4,neutral
5755,1.5,Ibis Rabat Agdal,1,negative
1580,4.5,Ibis Casablanca City Center,1,positive
1247,2.0,Ibis Casablanca City Center,2,negative
1617,0.5,Ibis Casablanca City Center,4,negative
5773,2.0,Ibis Rabat Agdal,2,negative
4695,1.0,Ibis Meknès,6,negative
5520,5.0,Ibis Rabat Agdal,8,positive
4817,4.5,Ibis Mohammedia,1,positive
2602,5.0,Ibis El Jadida,3,positive
2527,2.0,Ibis El Jadida,2,negative
6333,2.5,Ibis Tanger City Center,3,negative
1915,4.0,Ibis Casablanca City Center,3,positive
6084,5.0,Ibis Tanger City Center,7,positive
970,3.5,Ibis Casa Voyageurs,5,neutral
53,4.0,Ibis Abdelmoumen Casa,2,positive
6042,5.0,Ibis Tanger City Center,1,positive
5713,4.5,Ibis Rabat Agdal,2,positive
5633,2.0,Ibis Rabat Agdal,3,negative
2640,5.0,Ibis El Jadida,11,positive
2904,4.0,Ibis Fès,1,positive
22,4.5,Ibis Abdelmoumen Casa,2,positive
11,3.5,Ibis Abdelmoumen Casa,1,neutral
2573,2.0,Ibis El Jadida,2,negative
1631,5.0,Ibis Casablanca City Center,4,positive
4401,3.0,Ibis Marrakech Palmeraie,4,neutral
2141,3.0,Ibis Casablanca Nearshore,1,neutral
2153,5.0,Ibis Casablanca Nearshore,2,positive
2861,2.0,Ibis Fès,13,negative
4615,5.0,Ibis Marrakech Palmeraie,1,positive
5101,3.0,Ibis Ouarzazate Centre,7,neutral
2708,4.0,Ibis Fès,4,positive
3616,4.0,Ibis Marrakech Centre Gare,7,positive
3838,3.0,Ibis Marrakech Centre Gare,5,neutral
757,4.0,Ibis Casa Voyageurs,6,positive
2531,4.0,Ibis El Jadida,1,positive
3099,5.0,Ibis Fès,2,positive
5112,3.0,Ibis Ouarzazate Centre,4,neutral
4087,2.0,Ibis Marrakech Centre Gare,7,negative
4092,5.0,Ibis Marrakech Centre Gare,8,positive
1806,2.5,Ibis Casablanca City Center,2,negative
5081,5.0,Ibis Ouarzazate Centre,3,positive
1667,4.5,Ibis Casablanca City Center,2,positive
911,5.0,Ibis Casa Voyageurs,12,positive
1627,3.5,Ibis Casablanca City Center,1,neutral
1757,1.0,Ibis Casablanca City Center,8,negative
5701,5.0,Ibis Rabat Agdal,2,positive
5997,5.0,Ibis Tanger City Center,4,positive
2105,3.0,Ibis Casablanca Nearshore,3,neutral
4495,3.5,Ibis Marrakech Palmeraie,2,neutral
5611,1.5,Ibis Rabat Agdal,2,negative
1746,3.5,Ibis Casablanca City Center,1,neutral
6421,3.0,Ibis Tanger City Center,35,neutral
6347,4.5,Ibis Tanger City Center,1,positive
25,3.0,Ibis Abdelmoumen Casa,1,neutral
1118,5.0,Ibis Casa Voyageurs,2,positive
4370,4.0,Ibis Marrakech Palmeraie,3,positive
3077,5.0,Ibis Fès,4,positive
5332,4.5,Ibis Ouarzazate Centre,3,positive
4046,0.5,Ibis Marrakech Centre Gare,3,negative
5030,4.0,Ibis Ouarzazate Centre,3,positive
5540,5.0,Ibis Rabat Agdal,2,positive
5263,2.5,Ibis Ouarzazate Centre,1,negative
2528,2.0,Ibis El Jadida,2,negative
138,4.5,Ibis Abdelmoumen Casa,8,positive
811,0.5,Ibis Casa Voyageurs,3,negative
5048,5.0,Ibis Ouarzazate Centre,7,positive
6009,1.0,Ibis Tanger City Center,2,negative
3228,5.0,Ibis Marrakech Centre Gare,6,positive
4846,4.0,Ibis Mohammedia,4,positive
6046,3.5,Ibis Tanger City Center,1,neutral
6149,4.0,Ibis Tanger City Center,5,positive
1647,3.5,Ibis Casablanca City Center,7,neutral
3050,4.5,Ibis Fès,1,positive
5570,3.0,Ibis Rabat Agdal,1,neutral
4945,5.0,Ibis Mohammedia,3,positive
4767,4.0,Ibis Mohammedia,2,positive
5458,5.0,Ibis Oujda,6,positive
4150,4.0,Ibis Marrakech Centre Gare,3,positive
6037,2.0,Ibis Tanger City Center,7,negative
3231,4.0,Ibis Marrakech Centre Gare,7,positive
4604,5.0,Ibis Marrakech Palmeraie,2,positive
2911,2.0,Ibis Fès,5,negative
3511,1.0,Ibis Marrakech Centre Gare,4,negative
4462,2.5,Ibis Marrakech Palmeraie,2,negative
5978,3.0,Ibis Tanger City Center,1,neutral
1177,4.5,Ibis Casa Voyageurs,2,positive
1099,5.0,Ibis Casa Voyageurs,1,positive
6291,5.0,Ibis Tanger City Center,4,positive
802,3.5,Ibis Casa Voyageurs,1,neutral
3014,3.0,Ibis Fès,5,neutral
3075,0.5,Ibis Fès,4,negative
4870,5.0,Ibis Mohammedia,9,positive
3240,5.0,Ibis Marrakech Centre Gare,12,positive
390,2.0,Ibis Casa Sidi Maarouf,25,negative
5017,3.0,Ibis Ouarzazate Centre,9,neutral
3234,3.0,Ibis Marrakech Centre Gare,15,neutral
6211,4.0,Ibis Tanger City Center,10,positive
4211,3.0,Ibis Marrakech Centre Gare,6,neutral
792,3.5,Ibis Casa Voyageurs,4,neutral
3537,2.0,Ibis Marrakech Centre Gare,35,negative
5244,4.0,Ibis Ouarzazate Centre,2,positive
1689,2.5,Ibis Casablanca City Center,3,negative
4570,3.0,Ibis Marrakech Palmeraie,1,neutral
5682,0.5,Ibis Rabat Agdal,1,negative
4996,4.0,Ibis Ouarzazate Centre,7,positive
5511,4.0,Ibis Rabat Agdal,4,positive
1513,3.0,Ibis Casablanca City Center,1,neutral
965,5.0,Ibis Casa Voyageurs,19,positive
2505,5.0,Ibis El Jadida,4,positive
797,4.5,Ibis Casa Voyageurs,5,positive
1208,5.0,Ibis Casa Voyageurs,19,positive
2150,5.0,Ibis Casablanca Nearshore,6,positive
3386,4.0,Ibis Marrakech Centre Gare,7,positive
4681,4.5,Ibis Meknès,1,positive
5751,4.0,Ibis Rabat Agdal,1,positive
778,2.5,Ibis Casa Voyageurs,2,negative
2997,3.0,Ibis Fès,7,neutral
4988,3.0,Ibis Ouarzazate Centre,2,neutral
314,5.0,Ibis Casa Sidi Maarouf,3,positive
5940,3.0,Ibis Tanger City Center,5,neutral
2841,5.0,Ibis Fès,6,positive
5460,0.5,Ibis Oujda,1,negative
5550,4.0,Ibis Rabat Agdal,1,positive
824,5.0,Ibis Casa Voyageurs,2,positive
6171,5.0,Ibis Tanger City Center,6,positive
4547,4.5,Ibis Marrakech Palmeraie,1,positive
2826,3.0,Ibis Fès,2,neutral
6051,2.5,Ibis Tanger City Center,1,negative
5336,4.0,Ibis Ouarzazate Centre,6,positive
4844,5.0,Ibis Mohammedia,4,positive
3875,1.0,Ibis Marrakech Centre Gare,11,negative
3576,5.0,Ibis Marrakech Centre Gare,7,positive
5401,5.0,Ibis Oujda,2,positive
1962,3.0,Ibis Casablanca City Center,2,neutral
5861,5.0,Ibis Tanger City Center,6,positive
1519,4.0,Ibis Casablanca City Center,2,positive
4801,4.0,Ibis Mohammedia,4,positive
2491,5.0,Ibis El Jadida,15,positive
5860,4.0,Ibis Tanger City Center,8,positive
5294,5.0,Ibis Ouarzazate Centre,1,positive
1001,4.5,Ibis Casa Voyageurs,7,positive
6083,5.0,Ibis Tanger City Center,17,positive
4953,5.0,Ibis Mohammedia,8,positive
134,5.0,Ibis Abdelmoumen Casa,1,positive
3738,1.0,Ibis Marrakech Centre Gare,3,negative
2888,5.0,Ibis Fès,4,positive
393,3.0,Ibis Casa Sidi Maarouf,14,neutral
1300,4.0,Ibis Casablanca City Center,2,positive
1830,0.5,Ibis Casablanca City Center,8,negative
2910,5.0,Ibis Fès,12,positive
6422,4.0,Ibis Tanger City Center,2,positive
6155,3.0,Ibis Tanger City Center,3,neutral
1435,4.0,Ibis Casablanca City Center,3,positive
4907,5.0,Ibis Mohammedia,7,positive
611,3.0,Ibis Casa Sidi Maarouf,4,neutral
5967,4.0,Ibis Tanger City Center,1,positive
5375,3.5,Ibis Ouarzazate Centre,3,neutral
4428,3.0,Ibis Marrakech Palmeraie,1,neutral
6176,0.5,Ibis Tanger City Center,3,negative
5593,3.5,Ibis Rabat Agdal,2,neutral
71,3.0,Ibis Abdelmoumen Casa,20,neutral
3104,4.0,Ibis Fès,1,positive
3896,4.0,Ibis Marrakech Centre Gare,5,positive
4822,5.0,Ibis Mohammedia,5,positive
5668,1.5,Ibis Rabat Agdal,6,negative
4138,3.0,Ibis Marrakech Centre Gare,3,neutral
2044,3.0,Ibis Casablanca City Center,1,neutral
3148,3.5,Ibis Fès,2,neutral
2850,4.0,Ibis Fès,2,positive
689,4.0,Ibis Casa Voyageurs,5,positive
4678,0.5,Ibis Meknès,4,negative
1881,4.0,Ibis Casablanca City Center,2,positive
5413,5.0,Ibis Oujda,7,positive
1051,4.0,Ibis Casa Voyageurs,5,positive
885,5.0,Ibis Casa Voyageurs,1,positive
4958,5.0,Ibis Mohammedia,7,positive
3078,1.0,Ibis Fès,2,negative
3487,3.0,Ibis Marrakech Centre Gare,4,neutral
92,5.0,Ibis Abdelmoumen Casa,2,positive
3354,4.0,Ibis Marrakech Centre Gare,2,positive
5914,4.0,Ibis Tanger City Center,10,positive
2167,4.0,Ibis Casablanca Nearshore,1,positive
27,3.5,Ibis Abdelmoumen Casa,1,neutral
5628,3.5,Ibis Rabat Agdal,1,neutral
5431,4.0,Ibis Oujda,1,positive
4397,3.0,Ibis Marrakech Palmeraie,4,neutral
5319,4.0,Ibis Ouarzazate Centre,5,positive
2057,3.5,Ibis Casablanca City Center,4,neutral
4405,2.0,Ibis Marrakech Palmeraie,5,negative
2633,4.0,Ibis El Jadida,6,positive
111,5.0,Ibis Abdelmoumen Casa,2,positive
988,4.5,Ibis Casa Voyageurs,2,positive
2492,5.0,Ibis El Jadida,1,positive
4995,5.0,Ibis Ouarzazate Centre,4,positive
5563,5.0,Ibis Rabat Agdal,2,positive
3424,3.0,Ibis Marrakech Centre Gare,2,neutral
3177,4.0,Ibis Fès,5,positive
919,3.5,Ibis Casa Voyageurs,1,neutral
4295,2.0,Ibis Marrakech Centre Gare,3,negative
2070,1.0,Ibis Casablanca City Center,6,negative
6425,5.0,Ibis Tanger City Center,21,positive
5814,4.0,Ibis Tanger City Center,5,positive
4241,4.0,Ibis Marrakech Centre Gare,3,positive
1588,0.5,Ibis Casablanca City Center,1,negative
2461,5.0,Ibis El Jadida,9,positive
1441,3.0,Ibis Casablanca City Center,3,neutral
490,0.5,Ibis Casa Sidi Maarouf,3,negative
4758,1.0,Ibis Mohammedia,3,negative
3968,2.5,Ibis Marrakech Centre Gare,7,negative
6318,4.0,Ibis Tanger City Center,4,positive
3872,2.0,Ibis Marrakech Centre Gare,1,negative
2540,0.5,Ibis El Jadida,1,negative
6065,3.0,Ibis Tanger City Center,2,neutral
2585,2.0,Ibis El Jadida,6,negative
3557,4.0,Ibis Marrakech Centre Gare,3,positive
6314,1.0,Ibis Tanger City Center,1,negative
6322,2.0,Ibis Tanger City Center,5,negative
5021,3.0,Ibis Ouarzazate Centre,4,neutral
954,4.5,Ibis Casa Voyageurs,1,positive
3801,5.0,Ibis Marrakech Centre Gare,8,positive
4477,1.5,Ibis Marrakech Palmeraie,1,negative
1988,2.0,Ibis Casablanca City Center,8,negative
3767,5.0,Ibis Marrakech Centre Gare,2,positive
5310,3.0,Ibis Ouarzazate Centre,1,neutral
3942,4.5,Ibis Marrakech Centre Gare,4,positive
2775,3.0,Ibis Fès,11,neutral
1771,1.5,Ibis Casablanca City Center,4,negative
2098,3.0,Ibis Casablanca Nearshore,5,neutral
3963,1.0,Ibis Marrakech Centre Gare,4,negative
803,3.5,Ibis Casa Voyageurs,3,neutral
3096,4.5,Ibis Fès,1,positive
4684,3.5,Ibis Meknès,2,neutral
6361,4.0,Ibis Tanger City Center,4,positive
2309,5.0,Ibis Casablanca Nearshore,1,positive
2645,4.0,Ibis El Jadida,1,positive
2612,5.0,Ibis El Jadida,9,positive
3452,3.0,Ibis Marrakech Centre Gare,3,neutral
5145,4.0,Ibis Ouarzazate Centre,9,positive
3790,5.0,Ibis Marrakech Centre Gare,3,positive
6165,3.5,Ibis Tanger City Center,8,neutral
5193,3.5,Ibis Ouarzazate Centre,1,neutral
3371,5.0,Ibis Marrakech Centre Gare,7,positive
4872,1.5,Ibis Mohammedia,3,negative
1290,1.0,Ibis Casablanca City Center,3,negative
4833,5.0,Ibis Mohammedia,2,positive
1286,5.0,Ibis Casablanca City Center,2,positive
3567,4.0,Ibis Marrakech Centre Gare,2,positive
5368,4.0,Ibis Ouarzazate Centre,9,positive
4339,5.0,Ibis Marrakech Centre Gare,1,positive
5097,2.0,Ibis Ouarzazate Centre,8,negative
3046,2.0,Ibis Fès,2,negative
1692,3.0,Ibis Casablanca City Center,6,neutral
1470,5.0,Ibis Casablanca City Center,3,positive
4710,5.0,Ibis Meknès,1,positive
3368,3.0,Ibis Marrakech Centre Gare,4,neutral
5272,4.0,Ibis Ouarzazate Centre,1,positive
5238,5.0,Ibis Ouarzazate Centre,2,positive
248,4.5,Ibis Abdelmoumen Casa,2,positive
1836,2.5,Ibis Casablanca City Center,3,negative
3145,3.0,Ibis Fès,3,neutral
228,4.0,Ibis Abdelmoumen Casa,2,positive
5574,4.0,Ibis Rabat Agdal,2,positive
6210,3.5,Ibis Tanger City Center,1,neutral
2869,4.0,Ibis Fès,1,positive
5993,5.0,Ibis Tanger City Center,11,positive
3289,5.0,Ibis Marrakech Centre Gare,3,positive
5207,4.0,Ibis Ouarzazate Centre,2,positive
1585,2.5,Ibis Casablanca City Center,1,negative
4641,4.0,Ibis Meknès,1,positive
4636,1.0,Ibis Meknès,1,negative
1216,5.0,Ibis Casa Voyageurs,5,positive
486,5.0,Ibis Casa Sidi Maarouf,7,positive
5075,3.0,Ibis Ouarzazate Centre,5,neutral
5281,4.5,Ibis Ouarzazate Centre,1,positive
1136,5.0,Ibis Casa Voyageurs,2,positive
5290,4.0,Ibis Ouarzazate Centre,4,positive
3121,4.0,Ibis Fès,3,positive
2435,5.0,Ibis El Jadida,1,positive
5761,2.0,Ibis Rabat Agdal,1,negative
3333,1.0,Ibis Marrakech Centre Gare,14,negative
4116,3.5,Ibis Marrakech Centre Gare,1,neutral
4931,4.0,Ibis Mohammedia,2,positive
3737,5.0,Ibis Marrakech Centre Gare,5,positive
5652,4.0,Ibis Rabat Agdal,1,positive
3436,4.0,Ibis Marrakech Centre Gare,8,positive
5926,4.0,Ibis Tanger City Center,4,positive
2332,5.0,Ibis Casablanca Nearshore,2,positive
4021,0.5,Ibis Marrakech Centre Gare,3,negative
289,4.0,Ibis Casa Sidi Maarouf,4,positive
4842,3.0,Ibis Mohammedia,1,neutral
2276,5.0,Ibis Casablanca Nearshore,8,positive
2597,4.0,Ibis El Jadida,7,positive
2619,5.0,Ibis El Jadida,24,positive
234,1.0,Ibis Abdelmoumen Casa,1,negative
1774,3.0,Ibis Casablanca City Center,2,neutral
4174,1.0,Ibis Marrakech Centre Gare,6,negative
3369,4.0,Ibis Marrakech Centre Gare,15,positive
1447,4.0,Ibis Casablanca City Center,4,positive
376,4.0,Ibis Casa Sidi Maarouf,7,positive
3554,4.0,Ibis Marrakech Centre Gare,3,positive
1123,2.0,Ibis Casa Voyageurs,6,negative
645,4.0,Ibis Casa Voyageurs,3,positive
5211,3.5,Ibis Ouarzazate Centre,1,neutral
1252,3.0,Ibis Casablanca City Center,5,neutral
5824,4.0,Ibis Tanger City Center,14,positive
5094,3.0,Ibis Ouarzazate Centre,7,neutral
3958,1.0,Ibis Marrakech Centre Gare,6,negative
3489,4.0,Ibis Marrakech Centre Gare,4,positive
3623,1.0,Ibis Marrakech Centre Gare,6,negative
2343,5.0,Ibis Casablanca Nearshore,1,positive
1066,4.5,Ibis Casa Voyageurs,2,positive
2068,5.0,Ibis Casablanca City Center,5,positive
3449,4.0,Ibis Marrakech Centre Gare,5,positive
823,5.0,Ibis Casa Voyageurs,7,positive
2408,4.0,Ibis El Jadida,3,positive
3153,2.5,Ibis Fès,10,negative
5300,3.0,Ibis Ouarzazate Centre,8,neutral
4998,3.0,Ibis Ouarzazate Centre,7,neutral
409,2.0,Ibis Casa Sidi Maarouf,4,negative
3255,4.0,Ibis Marrakech Centre Gare,10,positive
6067,4.0,Ibis Tanger City Center,1,positive
5070,2.0,Ibis Ouarzazate Centre,3,negative
2504,5.0,Ibis El Jadida,4,positive
1492,1.0,Ibis Casablanca City Center,3,negative
6228,0.5,Ibis Tanger City Center,4,negative
5268,5.0,Ibis Ouarzazate Centre,6,positive
553,1.0,Ibis Casa Sidi Maarouf,16,negative
2523,4.0,Ibis El Jadida,4,positive
6208,3.0,Ibis Tanger City Center,6,neutral
1331,2.0,Ibis Casablanca City Center,14,negative
5635,3.0,Ibis Rabat Agdal,1,neutral
2962,4.0,Ibis Fès,1,positive
1138,1.5,Ibis Casa Voyageurs,4,negative
897,4.5,Ibis Casa Voyageurs,1,positive
6136,3.5,Ibis Tanger City Center,2,neutral
4990,3.0,Ibis Ouarzazate Centre,6,neutral
6351,1.0,Ibis Tanger City Center,1,negative
2470,3.0,Ibis El Jadida,3,neutral
5626,2.5,Ibis Rabat Agdal,9,negative
5277,3.5,Ibis Ouarzazate Centre,1,neutral
1395,3.0,Ibis Casablanca City Center,8,neutral
1225,5.0,Ibis Casa Voyageurs,9,positive
1384,4.0,Ibis Casablanca City Center,4,positive
1080,3.0,Ibis Casa Voyageurs,4,neutral
4091,5.0,Ibis Marrakech Centre Gare,5,positive
4950,5.0,Ibis Mohammedia,4,positive
4594,5.0,Ibis Marrakech Palmeraie,1,positive
4413,5.0,Ibis Marrakech Palmeraie,16,positive
2029,1.0,Ibis Casablanca City Center,5,negative
4796,2.0,Ibis Mohammedia,9,negative
3505,3.0,Ibis Marrakech Centre Gare,2,neutral
4170,5.0,Ibis Marrakech Centre Gare,2,positive
1673,4.5,Ibis Casablanca City Center,2,positive
2429,5.0,Ibis El Jadida,6,positive
3130,3.0,Ibis Fès,2,neutral
679,4.0,Ibis Casa Voyageurs,15,positive
1044,1.0,Ibis Casa Voyageurs,1,negative
3167,4.0,Ibis Fès,2,positive
2488,4.0,Ibis El Jadida,6,positive
4774,5.0,Ibis Mohammedia,7,positive
1804,1.5,Ibis Casablanca City Center,7,negative
1249,1.0,Ibis Casablanca City Center,17,negative
1327,2.0,Ibis Casablanca City Center,5,negative
1650,4.5,Ibis Casablanca City Center,1,positive
5955,4.0,Ibis Tanger City Center,2,positive
3044,1.0,Ibis Fès,1,negative
4812,5.0,Ibis Mohammedia,4,positive
2929,5.0,Ibis Fès,5,positive
2392,3.0,Ibis El Jadida,7,neutral
333,2.0,Ibis Casa Sidi Maarouf,4,negative
4117,4.0,Ibis Marrakech Centre Gare,5,positive
2360,3.0,Ibis El Jadida,4,neutral
1572,1.0,Ibis Casablanca City Center,11,negative
5641,4.0,Ibis Rabat Agdal,4,positive
2383,2.0,Ibis El Jadida,2,negative
2508,5.0,Ibis El Jadida,3,positive
4110,5.0,Ibis Marrakech Centre Gare,11,positive
3188,3.0,Ibis Marrakech Centre Gare,10,neutral
3254,3.0,Ibis Marrakech Centre Gare,17,neutral
5619,3.0,Ibis Rabat Agdal,3,neutral
5149,3.0,Ibis Ouarzazate Centre,5,neutral
4928,5.0,Ibis Mohammedia,3,positive
2019,5.0,Ibis Casablanca City Center,5,positive
2894,2.0,Ibis Fès,2,negative
4342,5.0,Ibis Marrakech Centre Gare,11,positive
700,4.0,Ibis Casa Voyageurs,6,positive
4889,5.0,Ibis Mohammedia,6,positive
5864,4.0,Ibis Tanger City Center,2,positive
1994,4.0,Ibis Casablanca City Center,1,positive
2952,4.0,Ibis Fès,6,positive
5834,1.0,Ibis Tanger City Center,6,negative
3930,1.0,Ibis Marrakech Centre Gare,3,negative
2229,4.0,Ibis Casablanca Nearshore,5,positive
4712,2.5,Ibis Meknès,6,negative
1722,2.0,Ibis Casablanca City Center,3,negative
2653,5.0,Ibis El Jadida,9,positive
6203,1.0,Ibis Tanger City Center,1,negative
2465,5.0,Ibis El Jadida,2,positive
535,4.0,Ibis Casa Sidi Maarouf,1,positive
742,5.0,Ibis Casa Voyageurs,2,positive
1843,4.0,Ibis Casablanca City Center,4,positive
1882,4.0,Ibis Casablanca City Center,4,positive
1098,5.0,Ibis Casa Voyageurs,1,positive
3033,2.0,Ibis Fès,1,negative
5330,5.0,Ibis Ouarzazate Centre,5,positive
4032,4.0,Ibis Marrakech Centre Gare,3,positive
2575,1.0,Ibis El Jadida,2,negative
4623,4.0,Ibis Meknès,6,positive
3281,5.0,Ibis Marrakech Centre Gare,3,positive
4629,5.0,Ibis Meknès,2,positive
3985,3.0,Ibis Marrakech Centre Gare,2,neutral
1035,4.0,Ibis Casa Voyageurs,2,positive
5906,3.0,Ibis Tanger City Center,10,neutral
696,5.0,Ibis Casa Voyageurs,4,positive
1824,4.0,Ibis Casablanca City Center,1,positive
4325,3.5,Ibis Marrakech Centre Gare,4,neutral
5977,4.0,Ibis Tanger City Center,2,positive
712,4.0,Ibis Casa Voyageurs,5,positive
1905,2.5,Ibis Casablanca City Center,3,negative
4224,4.0,Ibis Marrakech Centre Gare,3,positive
3471,1.0,Ibis Marrakech Centre Gare,4,negative
3307,5.0,Ibis Marrakech Centre Gare,5,positive
395,3.0,Ibis Casa Sidi Maarouf,2,neutral
2831,2.0,Ibis Fès,6,negative
6290,5.0,Ibis Tanger City Center,5,positive
2147,5.0,Ibis Casablanca Nearshore,3,positive
3886,3.5,Ibis Marrakech Centre Gare,1,neutral
2945,5.0,Ibis Fès,2,positive
1948,5.0,Ibis Casablanca City Center,4,positive
399,3.0,Ibis Casa Sidi Maarouf,5,neutral
2348,3.0,Ibis Casablanca Nearshore,9,neutral
2043,5.0,Ibis Casablanca City Center,3,positive
1504,3.0,Ibis Casablanca City Center,9,neutral
905,3.5,Ibis Casa Voyageurs,6,neutral
1039,4.5,Ibis Casa Voyageurs,1,positive
5499,5.0,Ibis Oujda,4,positive
4216,5.0,Ibis Marrakech Centre Gare,2,positive
1367,1.0,Ibis Casablanca City Center,6,negative
5013,4.0,Ibis Ouarzazate Centre,24,positive
6112,4.0,Ibis Tanger City Center,2,positive
4595,1.0,Ibis Marrakech Palmeraie,6,negative
2128,1.0,Ibis Casablanca Nearshore,1,negative
5736,3.0,Ibis Rabat Agdal,2,neutral
385,2.0,Ibis Casa Sidi Maarouf,4,negative
1483,1.0,Ibis Casablanca City Center,2,negative
3143,2.5,Ibis Fès,11,negative
786,4.5,Ibis Casa Voyageurs,2,positive
1191,5.0,Ibis Casa Voyageurs,6,positive
4319,0.5,Ibis Marrakech Centre Gare,4,negative
5608,5.0,Ibis Rabat Agdal,9,positive
1128,4.0,Ibis Casa Voyageurs,5,positive
5798,5.0,Ibis Rabat Agdal,1,positive
3565,1.0,Ibis Marrakech Centre Gare,1,negative
6024,1.0,Ibis Tanger City Center,3,negative
2847,5.0,Ibis Fès,4,positive
6116,5.0,Ibis Tanger City Center,1,positive
1842,4.0,Ibis Casablanca City Center,10,positive
4962,5.0,Ibis Mohammedia,1,positive
5538,4.0,Ibis Rabat Agdal,6,positive
362,2.0,Ibis Casa Sidi Maarouf,5,negative
5587,2.5,Ibis Rabat Agdal,1,negative
2902,1.0,Ibis Fès,8,negative
3372,5.0,Ibis Marrakech Centre Gare,3,positive
5878,4.0,Ibis Tanger City Center,14,positive
3735,4.0,Ibis Marrakech Centre Gare,7,positive
1219,2.5,Ibis Casa Voyageurs,7,negative
2722,4.0,Ibis Fès,8,positive
3771,5.0,Ibis Marrakech Centre Gare,4,positive
6408,5.0,Ibis Tanger City Center,1,positive
429,3.0,Ibis Casa Sidi Maarouf,2,neutral
599,3.5,Ibis Casa Sidi Maarouf,2,neutral
3057,2.0,Ibis Fès,1,negative
6100,1.0,Ibis Tanger City Center,6,negative
2964,2.5,Ibis Fès,2,negative
4893,0.5,Ibis Mohammedia,2,negative
2389,3.0,Ibis El Jadida,8,neutral
5643,4.0,Ibis Rabat Agdal,1,positive
3427,4.0,Ibis Marrakech Centre Gare,7,positive
5596,4.0,Ibis Rabat Agdal,3,positive
1424,2.0,Ibis Casablanca City Center,11,negative
3916,3.5,Ibis Marrakech Centre Gare,4,neutral
1431,3.0,Ibis Casablanca City Center,10,neutral
172,1.0,Ibis Abdelmoumen Casa,2,negative
5446,5.0,Ibis Oujda,9,positive
2598,5.0,Ibis El Jadida,6,positive
704,1.0,Ibis Casa Voyageurs,9,negative
5353,3.5,Ibis Ouarzazate Centre,2,neutral
1289,2.0,Ibis Casablanca City Center,5,negative
3334,3.0,Ibis Marrakech Centre Gare,8,neutral
4838,3.0,Ibis Mohammedia,5,neutral
2537,1.5,Ibis El Jadida,7,negative
5500,5.0,Ibis Oujda,6,positive
3859,2.0,Ibis Marrakech Centre Gare,3,negative
810,5.0,Ibis Casa Voyageurs,9,positive
443,5.0,Ibis Casa Sidi Maarouf,1,positive
322,4.0,Ibis Casa Sidi Maarouf,3,positive
6271,5.0,Ibis Tanger City Center,6,positive
1456,4.0,Ibis Casablanca City Center,5,positive
3243,4.0,Ibis Marrakech Centre Gare,11,positive
2051,5.0,Ibis Casablanca City Center,11,positive
1245,5.0,Ibis Casablanca City Center,1,positive
541,4.5,Ibis Casa Sidi Maarouf,2,positive
3924,5.0,Ibis Marrakech Centre Gare,4,positive
5882,5.0,Ibis Tanger City Center,1,positive
194,3.5,Ibis Abdelmoumen Casa,5,neutral
3587,4.0,Ibis Marrakech Centre Gare,12,positive
1863,2.5,Ibis Casablanca City Center,4,negative
1860,5.0,Ibis Casablanca City Center,1,positive
1436,4.0,Ibis Casablanca City Center,4,positive
5578,4.0,Ibis Rabat Agdal,6,positive
6072,0.5,Ibis Tanger City Center,1,negative
3464,2.0,Ibis Marrakech Centre Gare,8,negative
1977,5.0,Ibis Casablanca City Center,6,positive
5364,4.5,Ibis Ouarzazate Centre,13,positive
3272,4.0,Ibis Marrakech Centre Gare,6,positive
506,5.0,Ibis Casa Sidi Maarouf,1,positive
1885,0.5,Ibis Casablanca City Center,5,negative
1790,0.5,Ibis Casablanca City Center,3,negative
6054,3.0,Ibis Tanger City Center,1,neutral
1800,5.0,Ibis Casablanca City Center,10,positive
3770,2.0,Ibis Marrakech Centre Gare,9,negative
235,1.0,Ibis Abdelmoumen Casa,1,negative
4415,2.0,Ibis Marrakech Palmeraie,1,negative
1014,4.5,Ibis Casa Voyageurs,9,positive
5039,4.0,Ibis Ouarzazate Centre,9,positive
1101,0.5,Ibis Casa Voyageurs,1,negative
1623,3.0,Ibis Casablanca City Center,7,neutral
4022,1.0,Ibis Marrakech Centre Gare,5,negative
4074,3.5,Ibis Marrakech Centre Gare,1,neutral
433,5.0,Ibis Casa Sidi Maarouf,3,positive
4380,1.0,Ibis Marrakech Palmeraie,3,negative
358,5.0,Ibis Casa Sidi Maarouf,3,positive
1498,3.0,Ibis Casablanca City Center,6,neutral
2433,4.0,Ibis El Jadida,5,positive
4673,4.0,Ibis Meknès,2,positive
3320,2.0,Ibis Marrakech Centre Gare,15,negative
5950,4.0,Ibis Tanger City Center,8,positive
1516,5.0,Ibis Casablanca City Center,4,positive
2727,5.0,Ibis Fès,3,positive
2342,5.0,Ibis Casablanca Nearshore,1,positive
2241,3.0,Ibis Casablanca Nearshore,3,neutral
4009,0.5,Ibis Marrakech Centre Gare,3,negative
1992,3.5,Ibis Casablanca City Center,8,neutral
2411,1.0,Ibis El Jadida,20,negative
4154,1.0,Ibis Marrakech Centre Gare,3,negative
2025,5.0,Ibis Casablanca City Center,10,positive
4815,3.5,Ibis Mohammedia,2,neutral
122,0.5,Ibis Abdelmoumen Casa,1,negative
5970,5.0,Ibis Tanger City Center,3,positive
4329,5.0,Ibis Marrakech Centre Gare,3,positive
4571,5.0,Ibis Marrakech Palmeraie,1,positive
6190,1.5,Ibis Tanger City Center,1,negative
6354,2.0,Ibis Tanger City Center,1,negative
5314,4.5,Ibis Ouarzazate Centre,3,positive
3440,3.0,Ibis Marrakech Centre Gare,12,neutral
3292,5.0,Ibis Marrakech Centre Gare,4,positive
6328,5.0,Ibis Tanger City Center,1,positive
1734,0.5,Ibis Casablanca City Center,1,negative
6339,0.5,Ibis Tanger City Center,2,negative
579,4.5,Ibis Casa Sidi Maarouf,2,positive
5963,4.0,Ibis Tanger City Center,3,positive
566,5.0,Ibis Casa Sidi Maarouf,9,positive
3303,5.0,Ibis Marrakech Centre Gare,5,positive
5408,4.0,Ibis Oujda,1,positive
4557,0.5,Ibis Marrakech Palmeraie,1,negative
43,5.0,Ibis Abdelmoumen Casa,3,positive
6231,3.0,Ibis Tanger City Center,3,neutral
2969,4.0,Ibis Fès,2,positive
4632,2.0,Ibis Meknès,1,negative
5366,2.0,Ibis Ouarzazate Centre,1,negative
1942,4.0,Ibis Casablanca City Center,12,positive
30,4.5,Ibis Abdelmoumen Casa,1,positive
5872,1.0,Ibis Tanger City Center,10,negative
662,5.0,Ibis Casa Voyageurs,8,positive
5282,5.0,Ibis Ouarzazate Centre,2,positive
618,5.0,Ibis Casa Voyageurs,7,positive
2134,5.0,Ibis Casablanca Nearshore,6,positive
6400,5.0,Ibis Tanger City Center,24,positive
5623,5.0,Ibis Rabat Agdal,27,positive
2042,5.0,Ibis Casablanca City Center,3,positive
4502,3.0,Ibis Marrakech Palmeraie,1,neutral
4813,4.5,Ibis Mohammedia,2,positive
1325,4.0,Ibis Casablanca City Center,6,positive
2661,5.0,Ibis El Jadida,1,positive
955,5.0,Ibis Casa Voyageurs,1,positive
2114,4.0,Ibis Casablanca Nearshore,10,positive
5363,4.0,Ibis Ouarzazate Centre,2,positive
4318,0.5,Ibis Marrakech Centre Gare,1,negative
4777,4.5,Ibis Mohammedia,3,positive
66,5.0,Ibis Abdelmoumen Casa,2,positive
3744,5.0,Ibis Marrakech Centre Gare,5,positive
3994,0.5,Ibis Marrakech Centre Gare,4,negative
54,5.0,Ibis Abdelmoumen Casa,11,positive
3785,4.0,Ibis Marrakech Centre Gare,2,positive
240,5.0,Ibis Abdelmoumen Casa,5,positive
3353,4.0,Ibis Marrakech Centre Gare,10,positive
5440,1.0,Ibis Oujda,6,negative
36,2.5,Ibis Abdelmoumen Casa,3,negative
4048,3.0,Ibis Marrakech Centre Gare,1,neutral
2086,3.0,Ibis Casablanca Nearshore,5,neutral
2210,5.0,Ibis Casablanca Nearshore,19,positive
2798,4.0,Ibis Fès,6,positive
4621,4.0,Ibis Meknès,1,positive
4733,2.5,Ibis Meknès,2,negative
340,2.0,Ibis Casa Sidi Maarouf,6,negative
5433,5.0,Ibis Oujda,1,positive
3628,5.0,Ibis Marrakech Centre Gare,11,positive
430,5.0,Ibis Casa Sidi Maarouf,3,positive
4662,4.0,Ibis Meknès,6,positive
840,2.0,Ibis Casa Voyageurs,3,negative
1561,5.0,Ibis Casablanca City Center,6,positive
3784,3.0,Ibis Marrakech Centre Gare,3,neutral
998,4.0,Ibis Casa Voyageurs,14,positive
3954,4.0,Ibis Marrakech Centre Gare,8,positive
1709,5.0,Ibis Casablanca City Center,13,positive
6047,4.0,Ibis Tanger City Center,1,positive
1929,1.0,Ibis Casablanca City Center,9,negative
4191,0.5,Ibis Marrakech Centre Gare,9,negative
1718,5.0,Ibis Casablanca City Center,1,positive
4979,4.0,Ibis Ouarzazate Centre,25,positive
1686,4.5,Ibis Casablanca City Center,3,positive
406,2.0,Ibis Casa Sidi Maarouf,5,negative
2404,1.0,Ibis El Jadida,3,negative
862,4.0,Ibis Casa Voyageurs,4,positive
5376,4.0,Ibis Ouarzazate Centre,1,positive
1113,3.5,Ibis Casa Voyageurs,1,neutral
4463,3.0,Ibis Marrakech Palmeraie,1,neutral
450,1.0,Ibis Casa Sidi Maarouf,2,negative
2648,5.0,Ibis El Jadida,1,positive
3833,4.0,Ibis Marrakech Centre Gare,5,positive
1258,3.0,Ibis Casablanca City Center,22,neutral
1410,2.0,Ibis Casablanca City Center,5,negative
4820,4.5,Ibis Mohammedia,1,positive
3823,1.0,Ibis Marrakech Centre Gare,8,negative
6079,3.0,Ibis Tanger City Center,3,neutral
2220,0.5,Ibis Casablanca Nearshore,1,negative
3571,1.0,Ibis Marrakech Centre Gare,4,negative
5404,4.0,Ibis Oujda,1,positive
5200,4.0,Ibis Ouarzazate Centre,2,positive
3216,4.0,Ibis Marrakech Centre Gare,15,positive
3448,3.0,Ibis Marrakech Centre Gare,7,neutral
1413,3.0,Ibis Casablanca City Center,5,neutral
3873,2.0,Ibis Marrakech Centre Gare,1,negative
3462,2.0,Ibis Marrakech Centre Gare,8,negative
3703,1.0,Ibis Marrakech Centre Gare,2,negative
3308,5.0,Ibis Marrakech Centre Gare,7,positive
1664,0.5,Ibis Casablanca City Center,2,negative
2219,5.0,Ibis Casablanca Nearshore,1,positive
1957,2.0,Ibis Casablanca City Center,2,negative
1891,4.5,Ibis Casablanca City Center,2,positive
2187,3.5,Ibis Casablanca Nearshore,2,neutral
3699,3.0,Ibis Marrakech Centre Gare,7,neutral
1801,5.0,Ibis Casablanca City Center,8,positive
3389,2.0,Ibis Marrakech Centre Gare,8,negative
3035,4.0,Ibis Fès,2,positive
5797,4.0,Ibis Rabat Agdal,4,positive
3244,3.0,Ibis Marrakech Centre Gare,8,neutral
4460,1.0,Ibis Marrakech Palmeraie,2,negative
1632,0.5,Ibis Casablanca City Center,3,negative
503,5.0,Ibis Casa Sidi Maarouf,1,positive
4455,2.5,Ibis Marrakech Palmeraie,1,negative
6119,1.0,Ibis Tanger City Center,4,negative
3032,5.0,Ibis Fès,3,positive
5816,4.0,Ibis Tanger City Center,16,positive
1473,2.0,Ibis Casablanca City Center,4,negative
1391,5.0,Ibis Casablanca City Center,27,positive
3122,4.0,Ibis Fès,3,positive
2277,3.0,Ibis Casablanca Nearshore,4,neutral
2899,5.0,Ibis Fès,4,positive
3197,4.0,Ibis Marrakech Centre Gare,14,positive
2198,5.0,Ibis Casablanca Nearshore,12,positive
5772,4.5,Ibis Rabat Agdal,7,positive
2896,4.0,Ibis Fès,5,positive
2085,5.0,Ibis Casablanca City Center,22,positive
2292,5.0,Ibis Casablanca Nearshore,2,positive
3927,1.0,Ibis Marrakech Centre Gare,7,negative
1944,4.0,Ibis Casablanca City Center,3,positive
2610,2.0,Ibis El Jadida,2,negative
5605,4.0,Ibis Rabat Agdal,3,positive
3352,4.0,Ibis Marrakech Centre Gare,9,positive
3827,4.0,Ibis Marrakech Centre Gare,2,positive
5187,4.0,Ibis Ouarzazate Centre,4,positive
5232,0.5,Ibis Ouarzazate Centre,1,negative
2159,5.0,Ibis Casablanca Nearshore,4,positive
1995,4.0,Ibis Casablanca City Center,17,positive
1038,4.0,Ibis Casa Voyageurs,1,positive
1033,3.0,Ibis Casa Voyageurs,1,neutral
210,4.0,Ibis Abdelmoumen Casa,2,positive
2307,4.0,Ibis Casablanca Nearshore,1,positive
6316,3.5,Ibis Tanger City Center,2,neutral
4698,3.5,Ibis Meknès,2,neutral
1305,2.0,Ibis Casablanca City Center,3,negative
4832,2.5,Ibis Mohammedia,5,negative
3566,2.0,Ibis Marrakech Centre Gare,10,negative
2990,5.0,Ibis Fès,1,positive
1178,5.0,Ibis Casa Voyageurs,4,positive
4918,5.0,Ibis Mohammedia,11,positive
2021,5.0,Ibis Casablanca City Center,3,positive
1788,5.0,Ibis Casablanca City Center,1,positive
1972,4.5,Ibis Casablanca City Center,2,positive
4394,4.0,Ibis Marrakech Palmeraie,6,positive
4977,5.0,Ibis Mohammedia,6,positive
2347,3.0,Ibis Casablanca Nearshore,4,neutral
1902,2.0,Ibis Casablanca City Center,1,negative
1525,1.0,Ibis Casablanca City Center,23,negative
1428,4.0,Ibis Casablanca City Center,4,positive
3864,3.0,Ibis Marrakech Centre Gare,3,neutral
4697,2.0,Ibis Meknès,1,negative
1222,4.0,Ibis Casa Voyageurs,1,positive
2046,4.0,Ibis Casablanca City Center,8,positive
2893,5.0,Ibis Fès,1,positive
4053,5.0,Ibis Marrakech Centre Gare,8,positive
5648,1.0,Ibis Rabat Agdal,1,negative
1869,5.0,Ibis Casablanca City Center,5,positive
5196,4.0,Ibis Ouarzazate Centre,4,positive
4113,2.0,Ibis Marrakech Centre Gare,3,negative
5179,5.0,Ibis Ouarzazate Centre,2,positive
2001,5.0,Ibis Casablanca City Center,2,positive
3682,1.0,Ibis Marrakech Centre Gare,4,negative
856,0.5,Ibis Casa Voyageurs,2,negative
6237,1.0,Ibis Tanger City Center,2,negative
1982,5.0,Ibis Casablanca City Center,2,positive
3974,4.0,Ibis Marrakech Centre Gare,9,positive
2605,5.0,Ibis El Jadida,20,positive
418,2.0,Ibis Casa Sidi Maarouf,19,negative
6317,3.5,Ibis Tanger City Center,1,neutral
1231,2.0,Ibis Casa Voyageurs,6,negative
163,5.0,Ibis Abdelmoumen Casa,5,positive
106,0.5,Ibis Abdelmoumen Casa,1,negative
1182,1.5,Ibis Casa Voyageurs,1,negative
698,4.0,Ibis Casa Voyageurs,4,positive
2810,4.0,Ibis Fès,8,positive
4538,5.0,Ibis Marrakech Palmeraie,3,positive
4217,5.0,Ibis Marrakech Centre Gare,2,positive
1480,4.0,Ibis Casablanca City Center,5,positive
6109,4.0,Ibis Tanger City Center,6,positive
4104,5.0,Ibis Marrakech Centre Gare,6,positive
2430,5.0,Ibis El Jadida,12,positive
4519,0.5,Ibis Marrakech Palmeraie,2,negative
6102,1.0,Ibis Tanger City Center,1,negative
1712,3.0,Ibis Casablanca City Center,2,neutral
4731,2.5,Ibis Meknès,2,negative
4345,1.0,Ibis Marrakech Centre Gare,5,negative
2436,5.0,Ibis El Jadida,1,positive
6414,4.5,Ibis Tanger City Center,4,positive
807,5.0,Ibis Casa Voyageurs,11,positive
529,3.0,Ibis Casa Sidi Maarouf,4,neutral
1156,2.0,Ibis Casa Voyageurs,1,negative
3695,5.0,Ibis Marrakech Centre Gare,4,positive
4667,4.0,Ibis Meknès,2,positive
3229,4.0,Ibis Marrakech Centre Gare,9,positive
3729,4.0,Ibis Marrakech Centre Gare,1,positive
3981,5.0,Ibis Marrakech Centre Gare,2,positive
950,3.5,Ibis Casa Voyageurs,1,neutral
959,3.5,Ibis Casa Voyageurs,8,neutral
3572,3.0,Ibis Marrakech Centre Gare,3,neutral
4999,3.0,Ibis Ouarzazate Centre,9,neutral
5708,0.5,Ibis Rabat Agdal,15,negative
2529,5.0,Ibis El Jadida,3,positive
2162,4.0,Ibis Casablanca Nearshore,14,positive
1599,5.0,Ibis Casablanca City Center,1,positive
5999,3.0,Ibis Tanger City Center,1,neutral
4314,4.5,Ibis Marrakech Centre Gare,2,positive
6187,5.0,Ibis Tanger City Center,2,positive
4942,1.5,Ibis Mohammedia,1,negative
1859,4.5,Ibis Casablanca City Center,2,positive
5642,4.0,Ibis Rabat Agdal,1,positive
109,4.5,Ibis Abdelmoumen Casa,11,positive
4865,3.0,Ibis Mohammedia,6,neutral
3199,5.0,Ibis Marrakech Centre Gare,4,positive
1797,4.5,Ibis Casablanca City Center,1,positive
5749,4.0,Ibis Rabat Agdal,1,positive
4711,0.5,Ibis Meknès,2,negative
6058,5.0,Ibis Tanger City Center,2,positive
1920,5.0,Ibis Casablanca City Center,5,positive
5303,4.0,Ibis Ouarzazate Centre,9,positive
3241,5.0,Ibis Marrakech Centre Gare,2,positive
4446,0.5,Ibis Marrakech Palmeraie,1,negative
5076,5.0,Ibis Ouarzazate Centre,8,positive
5120,5.0,Ibis Ouarzazate Centre,3,positive
6204,1.0,Ibis Tanger City Center,7,negative
3054,5.0,Ibis Fès,7,positive
2689,5.0,Ibis El Jadida,1,positive
5799,5.0,Ibis Rabat Agdal,10,positive
5675,3.0,Ibis Rabat Agdal,1,neutral
4775,5.0,Ibis Mohammedia,1,positive
2180,2.0,Ibis Casablanca Nearshore,2,negative
628,2.0,Ibis Casa Voyageurs,10,negative
2230,5.0,Ibis Casablanca Nearshore,10,positive
2487,4.0,Ibis El Jadida,18,positive
5477,5.0,Ibis Oujda,3,positive
4382,3.0,Ibis Marrakech Palmeraie,9,neutral
2976,5.0,Ibis Fès,2,positive
1408,1.0,Ibis Casablanca City Center,2,negative
3394,4.0,Ibis Marrakech Centre Gare,7,positive
2723,3.0,Ibis Fès,17,neutral
6080,3.0,Ibis Tanger City Center,1,neutral
5744,4.5,Ibis Rabat Agdal,4,positive
85,4.5,Ibis Abdelmoumen Casa,2,positive
4108,5.0,Ibis Marrakech Centre Gare,9,positive
4054,5.0,Ibis Marrakech Centre Gare,3,positive
4200,4.0,Ibis Marrakech Centre Gare,4,positive
3266,4.0,Ibis Marrakech Centre Gare,8,positive
6277,3.0,Ibis Tanger City Center,12,neutral
4400,3.0,Ibis Marrakech Palmeraie,5,neutral
1955,2.0,Ibis Casablanca City Center,9,negative
1861,5.0,Ibis Casablanca City Center,1,positive
2123,3.0,Ibis Casablanca Nearshore,6,neutral
1935,2.5,Ibis Casablanca City Center,3,negative
1700,5.0,Ibis Casablanca City Center,1,positive
4541,5.0,Ibis Marrakech Palmeraie,6,positive
5765,4.0,Ibis Rabat Agdal,3,positive
2696,5.0,Ibis El Jadida,3,positive
2966,3.0,Ibis Fès,9,neutral
2791,4.0,Ibis Fès,5,positive
4534,3.5,Ibis Marrakech Palmeraie,3,neutral
3752,5.0,Ibis Marrakech Centre Gare,4,positive
1668,5.0,Ibis Casablanca City Center,5,positive
2742,4.0,Ibis Fès,9,positive
367,3.0,Ibis Casa Sidi Maarouf,2,neutral
4148,2.5,Ibis Marrakech Centre Gare,4,negative
4467,1.0,Ibis Marrakech Palmeraie,3,negative
5770,3.0,Ibis Rabat Agdal,1,neutral
3194,1.0,Ibis Marrakech Centre Gare,6,negative
6197,4.0,Ibis Tanger City Center,2,positive
1100,5.0,Ibis Casa Voyageurs,2,positive
1183,2.0,Ibis Casa Voyageurs,5,negative
4564,5.0,Ibis Marrakech Palmeraie,1,positive
729,5.0,Ibis Casa Voyageurs,2,positive
3562,1.0,Ibis Marrakech Centre Gare,1,negative
2524,1.0,Ibis El Jadida,4,negative
2643,3.5,Ibis El Jadida,1,neutral
2757,3.0,Ibis Fès,15,neutral
1894,5.0,Ibis Casablanca City Center,5,positive
5339,5.0,Ibis Ouarzazate Centre,3,positive
3626,2.0,Ibis Marrakech Centre Gare,1,negative
6327,3.5,Ibis Tanger City Center,6,neutral
2848,2.0,Ibis Fès,6,negative
1547,5.0,Ibis Casablanca City Center,3,positive
5597,4.5,Ibis Rabat Agdal,3,positive
4035,0.5,Ibis Marrakech Centre Gare,14,negative
2738,4.0,Ibis Fès,4,positive
4187,4.5,Ibis Marrakech Centre Gare,6,positive
5734,4.0,Ibis Rabat Agdal,16,positive
5018,4.0,Ibis Ouarzazate Centre,5,positive
498,5.0,Ibis Casa Sidi Maarouf,5,positive
2080,4.0,Ibis Casablanca City Center,3,positive
2181,5.0,Ibis Casablanca Nearshore,2,positive
4326,4.0,Ibis Marrakech Centre Gare,8,positive
1089,5.0,Ibis Casa Voyageurs,2,positive
5009,3.0,Ibis Ouarzazate Centre,4,neutral
2082,4.0,Ibis Casablanca City Center,84,positive
3128,3.0,Ibis Fès,4,neutral
5494,5.0,Ibis Oujda,1,positive
4215,1.0,Ibis Marrakech Centre Gare,8,negative
6345,3.0,Ibis Tanger City Center,5,neutral
1342,2.0,Ibis Casablanca City Center,26,negative
5426,2.5,Ibis Oujda,1,negative
4845,3.0,Ibis Mohammedia,7,neutral
5964,5.0,Ibis Tanger City Center,6,positive
4654,2.0,Ibis Meknès,2,negative
3706,3.0,Ibis Marrakech Centre Gare,11,neutral
2994,5.0,Ibis Fès,6,positive
3082,5.0,Ibis Fès,3,positive
1587,5.0,Ibis Casablanca City Center,20,positive
5072,3.0,Ibis Ouarzazate Centre,5,neutral
2669,5.0,Ibis El Jadida,6,positive
4484,3.0,Ibis Marrakech Palmeraie,1,neutral
1998,5.0,Ibis Casablanca City Center,6,positive
1255,1.0,Ibis Casablanca City Center,6,negative
3815,3.0,Ibis Marrakech Centre Gare,6,neutral
2395,2.0,Ibis El Jadida,3,negative
1973,4.5,Ibis Casablanca City Center,1,positive
5580,1.0,Ibis Rabat Agdal,1,negative
1729,5.0,Ibis Casablanca City Center,3,positive
1555,2.0,Ibis Casablanca City Center,4,negative
5612,2.5,Ibis Rabat Agdal,11,negative
1250,3.0,Ibis Casablanca City Center,4,neutral
4023,1.5,Ibis Marrakech Centre Gare,2,negative
6216,5.0,Ibis Tanger City Center,1,positive
3088,5.0,Ibis Fès,3,positive
2022,5.0,Ibis Casablanca City Center,3,positive
156,4.5,Ibis Abdelmoumen Casa,1,positive
1466,1.0,Ibis Casablanca City Center,3,negative
253,1.0,Ibis Casa Sidi Maarouf,4,negative
1820,2.5,Ibis Casablanca City Center,5,negative
6287,1.0,Ibis Tanger City Center,2,negative
2407,5.0,Ibis El Jadida,12,positive
4283,3.5,Ibis Marrakech Centre Gare,2,neutral
2824,4.0,Ibis Fès,12,positive
1633,0.5,Ibis Casablanca City Center,3,negative
464,5.0,Ibis Casa Sidi Maarouf,1,positive
5681,5.0,Ibis Rabat Agdal,6,positive
4862,5.0,Ibis Mohammedia,1,positive
3516,3.0,Ibis Marrakech Centre Gare,18,neutral
678,4.0,Ibis Casa Voyageurs,14,positive
3506,4.0,Ibis Marrakech Centre Gare,8,positive
3720,4.0,Ibis Marrakech Centre Gare,8,positive
4013,2.5,Ibis Marrakech Centre Gare,3,negative
5385,5.0,Ibis Ouarzazate Centre,2,positive
5529,5.0,Ibis Rabat Agdal,2,positive
4389,3.0,Ibis Marrakech Palmeraie,3,neutral
4017,4.0,Ibis Marrakech Centre Gare,1,positive
5822,5.0,Ibis Tanger City Center,1,positive
4913,2.0,Ibis Mohammedia,2,negative
5262,1.5,Ibis Ouarzazate Centre,13,negative
4378,5.0,Ibis Marrakech Palmeraie,1,positive
3734,2.0,Ibis Marrakech Centre Gare,11,negative
1062,4.0,Ibis Casa Voyageurs,3,positive
3546,5.0,Ibis Marrakech Centre Gare,1,positive
1379,2.0,Ibis Casablanca City Center,2,negative
2764,4.0,Ibis Fès,9,positive
6402,1.0,Ibis Tanger City Center,2,negative
3766,4.0,Ibis Marrakech Centre Gare,9,positive
1444,4.0,Ibis Casablanca City Center,8,positive
4146,5.0,Ibis Marrakech Centre Gare,4,positive
1343,3.0,Ibis Casablanca City Center,4,neutral
5424,5.0,Ibis Oujda,4,positive
202,4.5,Ibis Abdelmoumen Casa,2,positive
1556,4.0,Ibis Casablanca City Center,1,positive
674,4.0,Ibis Casa Voyageurs,5,positive
708,3.0,Ibis Casa Voyageurs,1,neutral
3563,2.0,Ibis Marrakech Centre Gare,10,negative
819,4.0,Ibis Casa Voyageurs,2,positive
3227,4.0,Ibis Marrakech Centre Gare,6,positive
828,3.5,Ibis Casa Voyageurs,2,neutral
2484,5.0,Ibis El Jadida,5,positive
3956,5.0,Ibis Marrakech Centre Gare,1,positive
1713,4.0,Ibis Casablanca City Center,10,positive
3273,2.0,Ibis Marrakech Centre Gare,1,negative
5803,4.0,Ibis Rabat Agdal,4,positive
4069,3.0,Ibis Marrakech Centre Gare,10,neutral
1451,3.0,Ibis Casablanca City Center,5,neutral
631,4.0,Ibis Casa Voyageurs,2,positive
2747,3.0,Ibis Fès,5,neutral
6194,3.0,Ibis Tanger City Center,1,neutral
2099,3.0,Ibis Casablanca Nearshore,13,neutral
3716,5.0,Ibis Marrakech Centre Gare,5,positive
3878,1.0,Ibis Marrakech Centre Gare,8,negative
1829,5.0,Ibis Casablanca City Center,9,positive
5669,2.5,Ibis Rabat Agdal,10,negative
3915,2.5,Ibis Marrakech Centre Gare,1,negative
326,2.0,Ibis Casa Sidi Maarouf,26,negative
1248,4.0,Ibis Casablanca City Center,14,positive
5123,2.0,Ibis Ouarzazate Centre,8,negative
3492,2.0,Ibis Marrakech Centre Gare,4,negative
5737,4.0,Ibis Rabat Agdal,2,positive
995,2.5,Ibis Casa Voyageurs,1,negative
3555,1.0,Ibis Marrakech Centre Gare,3,negative
2884,1.0,Ibis Fès,12,negative
2135,4.0,Ibis Casablanca Nearshore,5,positive
4229,5.0,Ibis Marrakech Centre Gare,5,positive
960,4.5,Ibis Casa Voyageurs,2,positive
6167,4.0,Ibis Tanger City Center,3,positive
5857,3.0,Ibis Tanger City Center,7,neutral
312,3.0,Ibis Casa Sidi Maarouf,4,neutral
492,3.5,Ibis Casa Sidi Maarouf,1,neutral
3970,2.5,Ibis Marrakech Centre Gare,1,negative
1364,2.0,Ibis Casablanca City Center,7,negative
6092,2.0,Ibis Tanger City Center,3,negative
4901,0.5,Ibis Mohammedia,1,negative
3495,1.0,Ibis Marrakech Centre Gare,3,negative
6108,3.5,Ibis Tanger City Center,1,neutral
1593,2.5,Ibis Casablanca City Center,3,negative
315,3.0,Ibis Casa Sidi Maarouf,9,neutral
4757,4.0,Ibis Mohammedia,3,positive
901,2.0,Ibis Casa Voyageurs,5,negative
2979,5.0,Ibis Fès,3,positive
3903,3.0,Ibis Marrakech Centre Gare,1,neutral
2306,3.0,Ibis Casablanca Nearshore,1,neutral
190,5.0,Ibis Abdelmoumen Casa,2,positive
5103,2.0,Ibis Ouarzazate Centre,7,negative
2032,2.5,Ibis Casablanca City Center,1,negative
1873,5.0,Ibis Casablanca City Center,3,positive
3016,3.5,Ibis Fès,5,neutral
5560,3.0,Ibis Rabat Agdal,5,neutral
4823,5.0,Ibis Mohammedia,1,positive
1263,4.0,Ibis Casablanca City Center,1,positive
2062,5.0,Ibis Casablanca City Center,3,positive
3666,2.0,Ibis Marrakech Centre Gare,10,negative
1912,4.0,Ibis Casablanca City Center,4,positive
2926,5.0,Ibis Fès,9,positive
2973,4.0,Ibis Fès,2,positive
4348,2.0,Ibis Marrakech Centre Gare,1,negative
5810,4.0,Ibis Tanger City Center,6,positive
5192,3.5,Ibis Ouarzazate Centre,2,neutral
859,3.0,Ibis Casa Voyageurs,6,neutral
5158,1.5,Ibis Ouarzazate Centre,4,negative
5714,5.0,Ibis Rabat Agdal,5,positive
3066,3.0,Ibis Fès,1,neutral
5573,4.0,Ibis Rabat Agdal,1,positive
4293,2.0,Ibis Marrakech Centre Gare,2,negative
1858,4.0,Ibis Casablanca City Center,1,positive
1815,5.0,Ibis Casablanca City Center,1,positive
2324,4.0,Ibis Casablanca Nearshore,4,positive
196,4.0,Ibis Abdelmoumen Casa,1,positive
4158,1.5,Ibis Marrakech Centre Gare,6,negative
2272,1.0,Ibis Casablanca Nearshore,1,negative
2490,4.0,Ibis El Jadida,18,positive
4540,5.0,Ibis Marrakech Palmeraie,1,positive
2644,3.5,Ibis El Jadida,3,neutral
5806,5.0,Ibis Rabat Agdal,2,positive
206,3.0,Ibis Abdelmoumen Casa,4,neutral
3617,3.0,Ibis Marrakech Centre Gare,7,neutral
3312,3.0,Ibis Marrakech Centre Gare,2,neutral
5546,4.0,Ibis Rabat Agdal,5,positive
3973,3.5,Ibis Marrakech Centre Gare,1,neutral
439,5.0,Ibis Casa Sidi Maarouf,4,positive
3795,5.0,Ibis Marrakech Centre Gare,3,positive
1945,4.5,Ibis Casablanca City Center,2,positive
2297,4.0,Ibis Casablanca Nearshore,5,positive
4782,1.5,Ibis Mohammedia,5,negative
1577,3.0,Ibis Casablanca City Center,3,neutral
1742,3.0,Ibis Casablanca City Center,3,neutral
4381,1.0,Ibis Marrakech Palmeraie,13,negative
2852,3.0,Ibis Fès,12,neutral
1550,3.0,Ibis Casablanca City Center,4,neutral
1333,2.0,Ibis Casablanca City Center,5,negative
1411,3.0,Ibis Casablanca City Center,3,neutral
2646,5.0,Ibis El Jadida,8,positive
3466,3.0,Ibis Marrakech Centre Gare,4,neutral
2004,5.0,Ibis Casablanca City Center,10,positive
2125,3.0,Ibis Casablanca Nearshore,5,neutral
3179,5.0,Ibis Fès,17,positive
5132,3.0,Ibis Ouarzazate Centre,9,neutral
1564,2.5,Ibis Casablanca City Center,2,negative
4468,5.0,Ibis Marrakech Palmeraie,1,positive
2735,4.0,Ibis Fès,5,positive
6064,3.0,Ibis Tanger City Center,2,neutral
896,4.5,Ibis Casa Voyageurs,4,positive
290,4.0,Ibis Casa Sidi Maarouf,4,positive
3694,4.0,Ibis Marrakech Centre Gare,12,positive
3545,3.0,Ibis Marrakech Centre Gare,5,neutral
4240,3.0,Ibis Marrakech Centre Gare,2,neutral
5204,0.5,Ibis Ouarzazate Centre,3,negative
6055,3.5,Ibis Tanger City Center,6,neutral
3319,5.0,Ibis Marrakech Centre Gare,26,positive
4854,4.0,Ibis Mohammedia,4,positive
2017,4.5,Ibis Casablanca City Center,4,positive
1888,3.5,Ibis Casablanca City Center,6,neutral
4364,4.0,Ibis Marrakech Palmeraie,9,positive
2548,5.0,Ibis El Jadida,4,positive
2088,4.0,Ibis Casablanca Nearshore,4,positive
6183,4.0,Ibis Tanger City Center,2,positive
1069,5.0,Ibis Casa Voyageurs,2,positive
5248,2.5,Ibis Ouarzazate Centre,7,negative
2400,4.0,Ibis El Jadida,5,positive
462,5.0,Ibis Casa Sidi Maarouf,5,positive
4159,2.0,Ibis Marrakech Centre Gare,1,negative
6310,5.0,Ibis Tanger City Center,1,positive
1213,4.0,Ibis Casa Voyageurs,4,positive
1941,3.5,Ibis Casablanca City Center,1,neutral
4772,4.0,Ibis Mohammedia,1,positive
3634,3.0,Ibis Marrakech Centre Gare,5,neutral
5317,3.5,Ibis Ouarzazate Centre,1,neutral
5088,3.0,Ibis Ouarzazate Centre,4,neutral
669,5.0,Ibis Casa Voyageurs,3,positive
415,3.0,Ibis Casa Sidi Maarouf,7,neutral
3381,3.0,Ibis Marrakech Centre Gare,5,neutral
3399,3.0,Ibis Marrakech Centre Gare,5,neutral
5629,4.5,Ibis Rabat Agdal,3,positive
4912,5.0,Ibis Mohammedia,4,positive
4633,5.0,Ibis Meknès,3,positive
5617,5.0,Ibis Rabat Agdal,1,positive
6056,4.5,Ibis Tanger City Center,4,positive
1005,5.0,Ibis Casa Voyageurs,1,positive
4544,2.0,Ibis Marrakech Palmeraie,8,negative
6238,1.5,Ibis Tanger City Center,4,negative
1618,0.5,Ibis Casablanca City Center,1,negative
86,3.0,Ibis Abdelmoumen Casa,1,neutral
5148,2.5,Ibis Ouarzazate Centre,3,negative
3282,2.0,Ibis Marrakech Centre Gare,6,negative
740,5.0,Ibis Casa Voyageurs,3,positive
2988,4.0,Ibis Fès,2,positive
4643,3.0,Ibis Meknès,7,neutral
5430,3.5,Ibis Oujda,1,neutral
3943,1.0,Ibis Marrakech Centre Gare,2,negative
588,4.0,Ibis Casa Sidi Maarouf,1,positive
3704,2.0,Ibis Marrakech Centre Gare,9,negative
2515,2.0,Ibis El Jadida,1,negative
1221,3.5,Ibis Casa Voyageurs,1,neutral
3247,5.0,Ibis Marrakech Centre Gare,8,positive
2796,3.0,Ibis Fès,6,neutral
3624,2.0,Ibis Marrakech Centre Gare,1,negative
3072,4.0,Ibis Fès,2,positive
3660,3.0,Ibis Marrakech Centre Gare,1,neutral
2601,1.0,Ibis El Jadida,2,negative
153,5.0,Ibis Abdelmoumen Casa,4,positive
681,5.0,Ibis Casa Voyageurs,24,positive
5256,2.0,Ibis Ouarzazate Centre,1,negative
3663,3.0,Ibis Marrakech Centre Gare,22,neutral
4212,3.0,Ibis Marrakech Centre Gare,1,neutral
3118,3.0,Ibis Fès,1,neutral
1964,3.0,Ibis Casablanca City Center,4,neutral
4139,3.5,Ibis Marrakech Centre Gare,22,neutral
164,5.0,Ibis Abdelmoumen Casa,3,positive
2639,5.0,Ibis El Jadida,7,positive
5125,4.0,Ibis Ouarzazate Centre,14,positive
2481,4.0,Ibis El Jadida,3,positive
5295,1.0,Ibis Ouarzazate Centre,2,negative
6089,1.0,Ibis Tanger City Center,9,negative
1198,3.0,Ibis Casa Voyageurs,1,neutral
4466,5.0,Ibis Marrakech Palmeraie,5,positive
345,1.0,Ibis Casa Sidi Maarouf,13,negative
51,3.5,Ibis Abdelmoumen Casa,1,neutral
1003,4.5,Ibis Casa Voyageurs,4,positive
1589,0.5,Ibis Casablanca City Center,3,negative
5733,3.0,Ibis Rabat Agdal,3,neutral
5340,5.0,Ibis Ouarzazate Centre,2,positive
1148,4.0,Ibis Casa Voyageurs,10,positive
5061,4.0,Ibis Ouarzazate Centre,6,positive
5800,2.0,Ibis Rabat Agdal,1,negative
1608,3.0,Ibis Casablanca City Center,4,neutral
5482,5.0,Ibis Oujda,10,positive
3871,1.0,Ibis Marrakech Centre Gare,11,negative
2706,3.0,Ibis Fès,5,neutral
1762,3.5,Ibis Casablanca City Center,5,neutral
5131,3.0,Ibis Ouarzazate Centre,4,neutral
1251,3.0,Ibis Casablanca City Center,9,neutral
1372,2.0,Ibis Casablanca City Center,11,negative
3355,4.0,Ibis Marrakech Centre Gare,6,positive
82,2.5,Ibis Abdelmoumen Casa,1,negative
3646,5.0,Ibis Marrakech Centre Gare,4,positive
2502,2.0,Ibis El Jadida,3,negative
2890,2.0,Ibis Fès,5,negative
2394,2.0,Ibis El Jadida,3,negative
806,4.5,Ibis Casa Voyageurs,1,positive
360,3.0,Ibis Casa Sidi Maarouf,9,neutral
2668,5.0,Ibis El Jadida,3,positive
6307,4.0,Ibis Tanger City Center,18,positive
3747,2.0,Ibis Marrakech Centre Gare,5,negative
2318,5.0,Ibis Casablanca Nearshore,6,positive
4353,3.0,Ibis Marrakech Centre Gare,47,neutral
1523,5.0,Ibis Casablanca City Center,2,positive
1789,5.0,Ibis Casablanca City Center,11,positive
63,3.0,Ibis Abdelmoumen Casa,3,neutral
569,4.0,Ibis Casa Sidi Maarouf,8,positive
4954,5.0,Ibis Mohammedia,9,positive
4507,0.5,Ibis Marrakech Palmeraie,3,negative
1524,5.0,Ibis Casablanca City Center,6,positive
983,3.5,Ibis Casa Voyageurs,6,neutral
1791,1.0,Ibis Casablanca City Center,1,negative
3485,3.0,Ibis Marrakech Centre Gare,5,neutral
1235,3.0,Ibis Casa Voyageurs,9,neutral
2289,3.0,Ibis Casablanca Nearshore,3,neutral
5535,4.0,Ibis Rabat Agdal,2,positive
2362,4.0,Ibis El Jadida,9,positive
2053,5.0,Ibis Casablanca City Center,4,positive
1376,3.0,Ibis Casablanca City Center,5,neutral
5296,1.5,Ibis Ouarzazate Centre,4,negative
4760,4.0,Ibis Mohammedia,12,positive
5210,2.5,Ibis Ouarzazate Centre,2,negative
956,5.0,Ibis Casa Voyageurs,1,positive
171,0.5,Ibis Abdelmoumen Casa,4,negative
4441,2.0,Ibis Marrakech Palmeraie,6,negative
2165,4.0,Ibis Casablanca Nearshore,9,positive
1095,4.0,Ibis Casa Voyageurs,1,positive
5905,2.0,Ibis Tanger City Center,6,negative
4147,0.5,Ibis Marrakech Centre Gare,1,negative
1505,3.0,Ibis Casablanca City Center,10,neutral
5743,4.0,Ibis Rabat Agdal,8,positive
1389,3.0,Ibis Casablanca City Center,14,neutral
4658,3.0,Ibis Meknès,7,neutral
1440,3.0,Ibis Casablanca City Center,5,neutral
5000,3.0,Ibis Ouarzazate Centre,7,neutral
3986,3.0,Ibis Marrakech Centre Gare,2,neutral
5805,5.0,Ibis Rabat Agdal,1,positive
1526,3.0,Ibis Casablanca City Center,8,neutral
5987,1.0,Ibis Tanger City Center,3,negative
3350,4.0,Ibis Marrakech Centre Gare,2,positive
1271,5.0,Ibis Casablanca City Center,10,positive
934,4.0,Ibis Casa Voyageurs,8,positive
124,2.0,Ibis Abdelmoumen Casa,2,negative
5534,4.0,Ibis Rabat Agdal,1,positive
2583,1.0,Ibis El Jadida,3,negative
4530,5.0,Ibis Marrakech Palmeraie,1,positive
1985,1.0,Ibis Casablanca City Center,4,negative
1194,1.5,Ibis Casa Voyageurs,2,negative
1212,4.0,Ibis Casa Voyageurs,6,positive
2113,2.0,Ibis Casablanca Nearshore,5,negative
4144,5.0,Ibis Marrakech Centre Gare,1,positive
2710,3.0,Ibis Fès,3,neutral
3055,5.0,Ibis Fès,1,positive
5194,4.0,Ibis Ouarzazate Centre,3,positive
3405,4.0,Ibis Marrakech Centre Gare,4,positive
3580,5.0,Ibis Marrakech Centre Gare,12,positive
2961,2.0,Ibis Fès,3,negative
2811,3.0,Ibis Fès,4,neutral
3598,5.0,Ibis Marrakech Centre Gare,6,positive
1322,1.0,Ibis Casablanca City Center,1,negative
1085,4.5,Ibis Casa Voyageurs,10,positive
4618,2.0,Ibis Meknès,4,negative
3031,5.0,Ibis Fès,2,positive
5916,5.0,Ibis Tanger City Center,6,positive
2769,4.0,Ibis Fès,16,positive
2514,4.0,Ibis El Jadida,2,positive
80,5.0,Ibis Abdelmoumen Casa,7,positive
1045,3.0,Ibis Casa Voyageurs,6,neutral
2908,5.0,Ibis Fès,6,positive
6008,3.0,Ibis Tanger City Center,1,neutral
2131,1.0,Ibis Casablanca Nearshore,3,negative
5957,5.0,Ibis Tanger City Center,4,positive
4478,2.0,Ibis Marrakech Palmeraie,3,negative
1349,2.0,Ibis Casablanca City Center,15,negative
1126,3.0,Ibis Casa Voyageurs,5,neutral
551,5.0,Ibis Casa Sidi Maarouf,2,positive
3413,3.0,Ibis Marrakech Centre Gare,8,neutral
3688,4.0,Ibis Marrakech Centre Gare,11,positive
2905,5.0,Ibis Fès,9,positive
4129,5.0,Ibis Marrakech Centre Gare,3,positive
3618,4.0,Ibis Marrakech Centre Gare,7,positive
3482,2.0,Ibis Marrakech Centre Gare,7,negative
5325,3.5,Ibis Ouarzazate Centre,17,neutral
1019,5.0,Ibis Casa Voyageurs,1,positive
3085,3.0,Ibis Fès,2,neutral
223,1.0,Ibis Abdelmoumen Casa,7,negative
1676,3.0,Ibis Casablanca City Center,4,neutral
4429,4.0,Ibis Marrakech Palmeraie,6,positive
1380,4.0,Ibis Casablanca City Center,9,positive
3497,3.0,Ibis Marrakech Centre Gare,12,neutral
4239,5.0,Ibis Marrakech Centre Gare,1,positive
1594,3.0,Ibis Casablanca City Center,2,neutral
472,5.0,Ibis Casa Sidi Maarouf,1,positive
2121,4.0,Ibis Casablanca Nearshore,3,positive
684,5.0,Ibis Casa Voyageurs,3,positive
3779,5.0,Ibis Marrakech Centre Gare,8,positive
899,5.0,Ibis Casa Voyageurs,4,positive
4751,5.0,Ibis Mohammedia,2,positive
3748,5.0,Ibis Marrakech Centre Gare,3,positive
697,1.0,Ibis Casa Voyageurs,8,negative
131,4.0,Ibis Abdelmoumen Casa,11,positive
5985,3.0,Ibis Tanger City Center,4,neutral
560,5.0,Ibis Casa Sidi Maarouf,12,positive
2883,5.0,Ibis Fès,6,positive
4006,1.0,Ibis Marrakech Centre Gare,4,negative
1764,4.0,Ibis Casablanca City Center,1,positive
4515,3.5,Ibis Marrakech Palmeraie,4,neutral
1853,3.5,Ibis Casablanca City Center,3,neutral
4828,4.0,Ibis Mohammedia,2,positive
2290,3.5,Ibis Casablanca Nearshore,8,neutral
73,4.5,Ibis Abdelmoumen Casa,1,positive
5750,4.0,Ibis Rabat Agdal,1,positive
5068,1.0,Ibis Ouarzazate Centre,7,negative
5481,4.5,Ibis Oujda,2,positive
5722,4.0,Ibis Rabat Agdal,1,positive
4105,5.0,Ibis Marrakech Centre Gare,7,positive
5760,4.5,Ibis Rabat Agdal,5,positive
2238,3.5,Ibis Casablanca Nearshore,2,neutral
3559,2.0,Ibis Marrakech Centre Gare,11,negative
3434,5.0,Ibis Marrakech Centre Gare,4,positive
149,4.0,Ibis Abdelmoumen Casa,1,positive
4963,5.0,Ibis Mohammedia,3,positive
6263,4.0,Ibis Tanger City Center,2,positive
1091,0.5,Ibis Casa Voyageurs,1,negative
3997,1.5,Ibis Marrakech Centre Gare,4,negative
3914,2.0,Ibis Marrakech Centre Gare,1,negative
1267,3.0,Ibis Casablanca City Center,18,neutral
1058,3.0,Ibis Casa Voyageurs,4,neutral
4033,4.5,Ibis Marrakech Centre Gare,7,positive
5775,3.5,Ibis Rabat Agdal,1,neutral
6027,4.0,Ibis Tanger City Center,1,positive
1390,3.0,Ibis Casablanca City Center,14,neutral
6363,4.5,Ibis Tanger City Center,5,positive
2197,4.5,Ibis Casablanca Nearshore,1,positive
3882,5.0,Ibis Marrakech Centre Gare,31,positive
4660,4.5,Ibis Meknès,3,positive
1030,5.0,Ibis Casa Voyageurs,2,positive
2572,4.0,Ibis El Jadida,3,positive
2414,3.0,Ibis El Jadida,23,neutral
6221,2.5,Ibis Tanger City Center,1,negative
2866,3.0,Ibis Fès,3,neutral
5183,5.0,Ibis Ouarzazate Centre,1,positive
6132,5.0,Ibis Tanger City Center,13,positive
1576,3.0,Ibis Casablanca City Center,2,neutral
1980,4.0,Ibis Casablanca City Center,6,positive
2446,4.0,Ibis El Jadida,4,positive
5581,3.0,Ibis Rabat Agdal,4,neutral
4553,3.5,Ibis Marrakech Palmeraie,1,neutral
5670,3.0,Ibis Rabat Agdal,3,neutral
4648,1.0,Ibis Meknès,3,negative
5260,3.5,Ibis Ouarzazate Centre,1,neutral
1634,2.0,Ibis Casablanca City Center,10,negative
1185,3.5,Ibis Casa Voyageurs,1,neutral
3083,0.5,Ibis Fès,8,negative
861,3.5,Ibis Casa Voyageurs,11,neutral
5008,3.0,Ibis Ouarzazate Centre,4,neutral
4173,1.0,Ibis Marrakech Centre Gare,4,negative
5952,5.0,Ibis Tanger City Center,1,positive
5779,5.0,Ibis Rabat Agdal,2,positive
781,3.5,Ibis Casa Voyageurs,3,neutral
2170,2.0,Ibis Casablanca Nearshore,7,negative
3659,3.0,Ibis Marrakech Centre Gare,22,neutral
5245,5.0,Ibis Ouarzazate Centre,1,positive
5644,4.0,Ibis Rabat Agdal,1,positive
3629,5.0,Ibis Marrakech Centre Gare,11,positive
2576,1.0,Ibis El Jadida,2,negative
2381,3.0,Ibis El Jadida,7,neutral
3595,1.0,Ibis Marrakech Centre Gare,6,negative
2782,4.0,Ibis Fès,7,positive
548,1.0,Ibis Casa Sidi Maarouf,32,negative
2285,3.5,Ibis Casablanca Nearshore,3,neutral
2467,1.0,Ibis El Jadida,6,negative
5393,4.0,Ibis Oujda,7,positive
1976,5.0,Ibis Casablanca City Center,2,positive
2756,4.0,Ibis Fès,2,positive
5028,4.0,Ibis Ouarzazate Centre,7,positive
4232,5.0,Ibis Marrakech Centre Gare,1,positive
5556,3.0,Ibis Rabat Agdal,2,neutral
1545,4.0,Ibis Casablanca City Center,4,positive
1645,3.0,Ibis Casablanca City Center,6,neutral
3553,4.0,Ibis Marrakech Centre Gare,3,positive
4483,4.0,Ibis Marrakech Palmeraie,4,positive
4281,0.5,Ibis Marrakech Centre Gare,2,negative
4587,2.5,Ibis Marrakech Palmeraie,4,negative
277,3.0,Ibis Casa Sidi Maarouf,9,neutral
3329,3.0,Ibis Marrakech Centre Gare,3,neutral
5891,4.0,Ibis Tanger City Center,5,positive
1794,3.0,Ibis Casablanca City Center,2,neutral
1852,2.5,Ibis Casablanca City Center,3,negative
4798,4.0,Ibis Mohammedia,1,positive
5567,5.0,Ibis Rabat Agdal,1,positive
633,5.0,Ibis Casa Voyageurs,6,positive
2207,2.5,Ibis Casablanca Nearshore,1,negative
2012,3.5,Ibis Casablanca City Center,1,neutral
3187,4.0,Ibis Marrakech Centre Gare,8,positive
4803,5.0,Ibis Mohammedia,2,positive
225,2.0,Ibis Abdelmoumen Casa,1,negative
5776,4.0,Ibis Rabat Agdal,5,positive
2336,5.0,Ibis Casablanca Nearshore,2,positive
4196,3.0,Ibis Marrakech Centre Gare,1,neutral
6371,4.0,Ibis Tanger City Center,7,positive
1841,4.0,Ibis Casablanca City Center,5,positive
1244,1.0,Ibis Casablanca City Center,3,negative
1281,4.0,Ibis Casablanca City Center,9,positive
5565,5.0,Ibis Rabat Agdal,4,positive
5858,4.0,Ibis Tanger City Center,5,positive
771,5.0,Ibis Casa Voyageurs,2,positive
4909,5.0,Ibis Mohammedia,4,positive
3604,3.0,Ibis Marrakech Centre Gare,7,neutral
2458,5.0,Ibis El Jadida,5,positive
4921,5.0,Ibis Mohammedia,15,positive
2245,0.5,Ibis Casablanca Nearshore,2,negative
1040,4.5,Ibis Casa Voyageurs,6,positive
3146,3.0,Ibis Fès,6,neutral
3692,5.0,Ibis Marrakech Centre Gare,4,positive
3385,4.0,Ibis Marrakech Centre Gare,7,positive
1872,5.0,Ibis Casablanca City Center,6,positive
2671,3.0,Ibis El Jadida,2,neutral
348,5.0,Ibis Casa Sidi Maarouf,2,positive
592,3.0,Ibis Casa Sidi Maarouf,3,neutral
5739,4.0,Ibis Rabat Agdal,2,positive
2268,5.0,Ibis Casablanca Nearshore,48,positive
6081,3.5,Ibis Tanger City Center,4,neutral
4300,5.0,Ibis Marrakech Centre Gare,2,positive
5727,3.0,Ibis Rabat Agdal,1,neutral
465,0.5,Ibis Casa Sidi Maarouf,5,negative
6289,4.5,Ibis Tanger City Center,3,positive
2651,3.0,Ibis El Jadida,2,neutral
780,3.5,Ibis Casa Voyageurs,1,neutral
4001,4.0,Ibis Marrakech Centre Gare,2,positive
825,2.5,Ibis Casa Voyageurs,3,negative
563,1.5,Ibis Casa Sidi Maarouf,2,negative
1494,3.0,Ibis Casablanca City Center,10,neutral
2872,2.0,Ibis Fès,7,negative
3314,4.0,Ibis Marrakech Centre Gare,6,positive
2337,5.0,Ibis Casablanca Nearshore,1,positive
4336,4.0,Ibis Marrakech Centre Gare,1,positive
2215,3.0,Ibis Casablanca Nearshore,1,neutral
6264,0.5,Ibis Tanger City Center,3,negative
4735,3.5,Ibis Meknès,2,neutral
3065,2.5,Ibis Fès,4,negative
4526,1.5,Ibis Marrakech Palmeraie,2,negative
2155,5.0,Ibis Casablanca Nearshore,22,positive
769,5.0,Ibis Casa Voyageurs,4,positive
932,4.0,Ibis Casa Voyageurs,3,positive
3589,5.0,Ibis Marrakech Centre Gare,6,positive
2880,2.0,Ibis Fès,4,negative
552,5.0,Ibis Casa Sidi Maarouf,1,positive
3070,2.0,Ibis Fès,18,negative
4260,4.0,Ibis Marrakech Centre Gare,2,positive
2797,4.0,Ibis Fès,10,positive
3049,4.0,Ibis Fès,3,positive
254,1.0,Ibis Casa Sidi Maarouf,4,negative
2286,4.0,Ibis Casablanca Nearshore,1,positive
2007,2.0,Ibis Casablanca City Center,9,negative
2322,2.5,Ibis Casablanca Nearshore,2,negative
857,1.0,Ibis Casa Voyageurs,5,negative
76,5.0,Ibis Abdelmoumen Casa,3,positive
4130,5.0,Ibis Marrakech Centre Gare,1,positive
4127,5.0,Ibis Marrakech Centre Gare,6,positive
166,5.0,Ibis Abdelmoumen Casa,1,positive
2873,4.0,Ibis Fès,4,positive
1838,3.0,Ibis Casablanca City Center,4,neutral
488,5.0,Ibis Casa Sidi Maarouf,5,positive
3305,3.0,Ibis Marrakech Centre Gare,9,neutral
1168,2.0,Ibis Casa Voyageurs,2,negative
3458,1.0,Ibis Marrakech Centre Gare,2,negative
601,4.5,Ibis Casa Sidi Maarouf,2,positive
2776,4.0,Ibis Fès,9,positive
3441,1.0,Ibis Marrakech Centre Gare,9,negative
2758,1.0,Ibis Fès,2,negative
4112,1.0,Ibis Marrakech Centre Gare,2,negative
373,3.0,Ibis Casa Sidi Maarouf,9,neutral
4582,4.0,Ibis Marrakech Palmeraie,1,positive
230,3.0,Ibis Abdelmoumen Casa,3,neutral
2544,2.5,Ibis El Jadida,2,negative
6128,4.0,Ibis Tanger City Center,1,positive
3056,0.5,Ibis Fès,1,negative
3633,3.0,Ibis Marrakech Centre Gare,9,neutral
2144,5.0,Ibis Casablanca Nearshore,5,positive
5630,5.0,Ibis Rabat Agdal,1,positive
4277,4.5,Ibis Marrakech Centre Gare,6,positive
4184,3.5,Ibis Marrakech Centre Gare,1,neutral
4279,5.0,Ibis Marrakech Centre Gare,4,positive
4565,0.5,Ibis Marrakech Palmeraie,1,negative
3380,2.0,Ibis Marrakech Centre Gare,6,negative
6200,4.0,Ibis Tanger City Center,2,positive
44,1.0,Ibis Abdelmoumen Casa,2,negative
1741,3.0,Ibis Casablanca City Center,2,neutral
4486,0.5,Ibis Marrakech Palmeraie,3,negative
3612,3.0,Ibis Marrakech Centre Gare,7,neutral
2152,3.0,Ibis Casablanca Nearshore,2,neutral
6381,1.5,Ibis Tanger City Center,2,negative
610,3.0,Ibis Casa Sidi Maarouf,6,neutral
5298,2.5,Ibis Ouarzazate Centre,4,negative
4917,5.0,Ibis Mohammedia,15,positive
5191,3.0,Ibis Ouarzazate Centre,1,neutral
5687,4.0,Ibis Rabat Agdal,1,positive
1522,1.0,Ibis Casablanca City Center,1,negative
4452,0.5,Ibis Marrakech Palmeraie,1,negative
4589,3.0,Ibis Marrakech Palmeraie,1,neutral
4004,5.0,Ibis Marrakech Centre Gare,4,positive
5312,3.5,Ibis Ouarzazate Centre,4,neutral
2854,2.0,Ibis Fès,10,negative
4923,2.5,Ibis Mohammedia,3,negative
5087,1.0,Ibis Ouarzazate Centre,2,negative
5530,2.0,Ibis Rabat Agdal,4,negative
3508,3.0,Ibis Marrakech Centre Gare,2,neutral
2355,5.0,Ibis Casablanca Nearshore,9,positive
4941,5.0,Ibis Mohammedia,6,positive
2048,4.5,Ibis Casablanca City Center,1,positive
2455,4.0,Ibis El Jadida,4,positive
6029,5.0,Ibis Tanger City Center,1,positive
6352,2.0,Ibis Tanger City Center,6,negative
5143,2.0,Ibis Ouarzazate Centre,3,negative
3340,5.0,Ibis Marrakech Centre Gare,10,positive
1560,5.0,Ibis Casablanca City Center,2,positive
1104,3.5,Ibis Casa Voyageurs,2,neutral
3150,3.5,Ibis Fès,3,neutral
3523,3.0,Ibis Marrakech Centre Gare,8,neutral
2291,5.0,Ibis Casablanca Nearshore,1,positive
1287,4.0,Ibis Casablanca City Center,11,positive
4475,0.5,Ibis Marrakech Palmeraie,2,negative
5019,4.0,Ibis Ouarzazate Centre,6,positive
3601,3.0,Ibis Marrakech Centre Gare,13,neutral
3606,5.0,Ibis Marrakech Centre Gare,4,positive
4310,3.5,Ibis Marrakech Centre Gare,1,neutral
4873,4.0,Ibis Mohammedia,5,positive
4559,2.0,Ibis Marrakech Palmeraie,11,negative
852,4.5,Ibis Casa Voyageurs,2,positive
4791,5.0,Ibis Mohammedia,2,positive
3198,4.0,Ibis Marrakech Centre Gare,11,positive
739,4.0,Ibis Casa Voyageurs,1,positive
4308,3.0,Ibis Marrakech Centre Gare,2,neutral
4792,5.0,Ibis Mohammedia,3,positive
5188,5.0,Ibis Ouarzazate Centre,4,positive
6117,0.5,Ibis Tanger City Center,5,negative
5536,4.0,Ibis Rabat Agdal,2,positive
6258,1.0,Ibis Tanger City Center,3,negative
2781,5.0,Ibis Fès,9,positive
1775,3.0,Ibis Casablanca City Center,4,neutral
5696,5.0,Ibis Rabat Agdal,12,positive
2266,2.5,Ibis Casablanca Nearshore,1,negative
3417,1.0,Ibis Marrakech Centre Gare,5,negative
4874,5.0,Ibis Mohammedia,5,positive
293,2.0,Ibis Casa Sidi Maarouf,5,negative
397,3.0,Ibis Casa Sidi Maarouf,2,neutral
2526,4.0,Ibis El Jadida,1,positive
2783,2.0,Ibis Fès,9,negative
1265,4.0,Ibis Casablanca City Center,5,positive
3112,5.0,Ibis Fès,3,positive
4671,4.0,Ibis Meknès,4,positive
1401,2.0,Ibis Casablanca City Center,8,negative
3480,4.0,Ibis Marrakech Centre Gare,20,positive
1129,4.0,Ibis Casa Voyageurs,2,positive
6309,4.5,Ibis Tanger City Center,2,positive
1145,4.0,Ibis Casa Voyageurs,9,positive
2985,3.0,Ibis Fès,5,neutral
2184,5.0,Ibis Casablanca Nearshore,2,positive
2626,5.0,Ibis El Jadida,11,positive
5592,3.0,Ibis Rabat Agdal,2,neutral
3652,3.0,Ibis Marrakech Centre Gare,5,neutral
573,2.5,Ibis Casa Sidi Maarouf,3,negative
4586,1.0,Ibis Marrakech Palmeraie,4,negative
6068,4.0,Ibis Tanger City Center,2,positive
5851,3.0,Ibis Tanger City Center,9,neutral
3740,2.0,Ibis Marrakech Centre Gare,4,negative
5981,1.0,Ibis Tanger City Center,8,negative
4753,5.0,Ibis Mohammedia,4,positive
1641,4.5,Ibis Casablanca City Center,3,positive
2473,3.0,Ibis El Jadida,8,neutral
785,4.5,Ibis Casa Voyageurs,2,positive
2320,5.0,Ibis Casablanca Nearshore,14,positive
2805,3.0,Ibis Fès,3,neutral
5939,4.0,Ibis Tanger City Center,5,positive
3158,4.5,Ibis Fès,2,positive
3421,1.0,Ibis Marrakech Centre Gare,5,negative
1839,3.0,Ibis Casablanca City Center,1,neutral
252,2.0,Ibis Casa Sidi Maarouf,5,negative
5402,5.0,Ibis Oujda,7,positive
3824,3.0,Ibis Marrakech Centre Gare,14,neutral
1543,4.0,Ibis Casablanca City Center,3,positive
5124,4.0,Ibis Ouarzazate Centre,8,positive
5533,5.0,Ibis Rabat Agdal,3,positive
6293,1.0,Ibis Tanger City Center,3,negative
6057,4.5,Ibis Tanger City Center,1,positive
4542,5.0,Ibis Marrakech Palmeraie,3,positive
219,2.5,Ibis Abdelmoumen Casa,2,negative
5925,5.0,Ibis Tanger City Center,4,positive
3261,2.0,Ibis Marrakech Centre Gare,1,negative
5703,4.5,Ibis Rabat Agdal,3,positive
3605,3.0,Ibis Marrakech Centre Gare,13,neutral
5406,3.0,Ibis Oujda,2,neutral
1892,5.0,Ibis Casablanca City Center,8,positive
981,2.5,Ibis Casa Voyageurs,3,negative
341,3.0,Ibis Casa Sidi Maarouf,14,neutral
169,3.0,Ibis Abdelmoumen Casa,3,neutral
571,3.0,Ibis Casa Sidi Maarouf,5,neutral
3509,3.0,Ibis Marrakech Centre Gare,5,neutral
4238,4.5,Ibis Marrakech Centre Gare,5,positive
6035,3.0,Ibis Tanger City Center,5,neutral
4810,4.0,Ibis Mohammedia,3,positive
4759,4.0,Ibis Mohammedia,12,positive
2930,5.0,Ibis Fès,2,positive
332,2.0,Ibis Casa Sidi Maarouf,7,negative
5109,3.0,Ibis Ouarzazate Centre,5,neutral
295,2.0,Ibis Casa Sidi Maarouf,5,negative
3348,4.0,Ibis Marrakech Centre Gare,9,positive
6158,4.5,Ibis Tanger City Center,1,positive
593,3.5,Ibis Casa Sidi Maarouf,2,neutral
3062,4.0,Ibis Fès,4,positive
4653,5.0,Ibis Meknès,1,positive
380,2.0,Ibis Casa Sidi Maarouf,2,negative
3374,3.0,Ibis Marrakech Centre Gare,3,neutral
2698,4.0,Ibis Fès,6,positive
6403,1.0,Ibis Tanger City Center,5,negative
2853,1.0,Ibis Fès,2,negative
1187,3.5,Ibis Casa Voyageurs,1,neutral
6196,3.0,Ibis Tanger City Center,3,neutral
4375,4.0,Ibis Marrakech Palmeraie,13,positive
327,4.0,Ibis Casa Sidi Maarouf,4,positive
5921,2.0,Ibis Tanger City Center,11,negative
1454,4.0,Ibis Casablanca City Center,8,positive
3213,1.0,Ibis Marrakech Centre Gare,11,negative
241,3.0,Ibis Abdelmoumen Casa,1,neutral
2581,5.0,Ibis El Jadida,2,positive
2721,3.0,Ibis Fès,5,neutral
318,4.0,Ibis Casa Sidi Maarouf,7,positive
1007,2.0,Ibis Casa Voyageurs,4,negative
5455,1.0,Ibis Oujda,1,negative
281,2.0,Ibis Casa Sidi Maarouf,6,negative
388,3.0,Ibis Casa Sidi Maarouf,6,neutral
2000,5.0,Ibis Casablanca City Center,8,positive
4550,0.5,Ibis Marrakech Palmeraie,8,negative
3358,3.0,Ibis Marrakech Centre Gare,10,neutral
5887,5.0,Ibis Tanger City Center,7,positive
3791,5.0,Ibis Marrakech Centre Gare,2,positive
1398,4.0,Ibis Casablanca City Center,7,positive
2390,3.0,Ibis El Jadida,8,neutral
4788,3.5,Ibis Mohammedia,2,neutral
3039,5.0,Ibis Fès,1,positive
516,5.0,Ibis Casa Sidi Maarouf,1,positive
5059,5.0,Ibis Ouarzazate Centre,11,positive
3780,5.0,Ibis Marrakech Centre Gare,1,positive
5856,4.0,Ibis Tanger City Center,18,positive
4610,3.0,Ibis Marrakech Palmeraie,18,neutral
5975,5.0,Ibis Tanger City Center,7,positive
5407,5.0,Ibis Oujda,1,positive
5833,4.0,Ibis Tanger City Center,5,positive
909,4.5,Ibis Casa Voyageurs,7,positive
5542,4.0,Ibis Rabat Agdal,2,positive
748,5.0,Ibis Casa Voyageurs,2,positive
259,2.0,Ibis Casa Sidi Maarouf,7,negative
2451,4.0,Ibis El Jadida,4,positive
3342,4.0,Ibis Marrakech Centre Gare,6,positive
1991,3.5,Ibis Casablanca City Center,12,neutral
5069,2.0,Ibis Ouarzazate Centre,7,negative
2222,3.0,Ibis Casablanca Nearshore,1,neutral
4971,5.0,Ibis Mohammedia,4,positive
2102,5.0,Ibis Casablanca Nearshore,4,positive
1551,4.0,Ibis Casablanca City Center,7,positive
858,2.0,Ibis Casa Voyageurs,1,negative
4059,3.0,Ibis Marrakech Centre Gare,1,neutral
5653,5.0,Ibis Rabat Agdal,2,positive
4099,3.0,Ibis Marrakech Centre Gare,2,neutral
813,2.0,Ibis Casa Voyageurs,3,negative
1866,3.5,Ibis Casablanca City Center,2,neutral
2909,5.0,Ibis Fès,4,positive
741,4.0,Ibis Casa Voyageurs,1,positive
4634,3.0,Ibis Meknès,1,neutral
273,3.0,Ibis Casa Sidi Maarouf,13,neutral
576,5.0,Ibis Casa Sidi Maarouf,3,positive
2069,1.0,Ibis Casablanca City Center,2,negative
3947,1.0,Ibis Marrakech Centre Gare,1,negative
5052,2.0,Ibis Ouarzazate Centre,10,negative
5175,5.0,Ibis Ouarzazate Centre,11,positive
5253,4.5,Ibis Ouarzazate Centre,7,positive
6259,2.0,Ibis Tanger City Center,10,negative
4244,2.0,Ibis Marrakech Centre Gare,1,negative
2489,5.0,Ibis El Jadida,15,positive
2206,1.0,Ibis Casablanca Nearshore,4,negative
2870,5.0,Ibis Fès,8,positive
2678,5.0,Ibis El Jadida,1,positive
2254,5.0,Ibis Casablanca Nearshore,1,positive
1868,4.5,Ibis Casablanca City Center,2,positive
1032,2.5,Ibis Casa Voyageurs,1,negative
107,2.5,Ibis Abdelmoumen Casa,1,negative
4137,3.0,Ibis Marrakech Centre Gare,3,neutral
90,4.0,Ibis Abdelmoumen Casa,6,positive
826,3.0,Ibis Casa Voyageurs,2,neutral
4094,5.0,Ibis Marrakech Centre Gare,8,positive
5358,3.5,Ibis Ouarzazate Centre,3,neutral
5053,3.0,Ibis Ouarzazate Centre,1,neutral
591,5.0,Ibis Casa Sidi Maarouf,2,positive
3435,2.0,Ibis Marrakech Centre Gare,3,negative
5767,4.0,Ibis Rabat Agdal,2,positive
1582,0.5,Ibis Casablanca City Center,1,negative
291,4.0,Ibis Casa Sidi Maarouf,12,positive
3474,4.0,Ibis Marrakech Centre Gare,5,positive
2371,4.0,Ibis El Jadida,9,positive
1259,3.0,Ibis Casablanca City Center,7,neutral
5171,4.5,Ibis Ouarzazate Centre,4,positive
2608,5.0,Ibis El Jadida,4,positive
908,4.5,Ibis Casa Voyageurs,10,positive
5844,4.0,Ibis Tanger City Center,5,positive
1536,3.0,Ibis Casablanca City Center,8,neutral
4645,5.0,Ibis Meknès,7,positive
2469,1.0,Ibis El Jadida,6,negative
2015,4.0,Ibis Casablanca City Center,12,positive
6152,5.0,Ibis Tanger City Center,1,positive
6099,0.5,Ibis Tanger City Center,1,negative
4275,4.0,Ibis Marrakech Centre Gare,4,positive
5082,3.0,Ibis Ouarzazate Centre,3,neutral
1507,4.0,Ibis Casablanca City Center,4,positive
2284,2.5,Ibis Casablanca Nearshore,5,negative
722,4.0,Ibis Casa Voyageurs,1,positive
4881,3.0,Ibis Mohammedia,1,neutral
947,2.5,Ibis Casa Voyageurs,6,negative
2071,2.0,Ibis Casablanca City Center,7,negative
5602,3.0,Ibis Rabat Agdal,2,neutral
1236,3.0,Ibis Casa Voyageurs,66,neutral
1433,4.0,Ibis Casablanca City Center,10,positive
5634,2.5,Ibis Rabat Agdal,1,negative
3953,4.0,Ibis Marrakech Centre Gare,4,positive
1319,3.0,Ibis Casablanca City Center,21,neutral
2432,5.0,Ibis El Jadida,3,positive
3125,1.0,Ibis Fès,2,negative
4797,4.0,Ibis Mohammedia,2,positive
6324,3.0,Ibis Tanger City Center,4,neutral
5286,4.5,Ibis Ouarzazate Centre,6,positive
1548,5.0,Ibis Casablanca City Center,4,positive
3200,1.0,Ibis Marrakech Centre Gare,17,negative
928,2.5,Ibis Casa Voyageurs,2,negative
288,1.0,Ibis Casa Sidi Maarouf,3,negative
4513,0.5,Ibis Marrakech Palmeraie,13,negative
4297,3.0,Ibis Marrakech Centre Gare,1,neutral
2752,3.0,Ibis Fès,6,neutral
3573,3.0,Ibis Marrakech Centre Gare,9,neutral
5165,4.0,Ibis Ouarzazate Centre,5,positive
232,4.0,Ibis Abdelmoumen Casa,1,positive
3854,4.0,Ibis Marrakech Centre Gare,4,positive
4385,3.0,Ibis Marrakech Palmeraie,6,neutral
4546,4.0,Ibis Marrakech Palmeraie,1,positive
6134,0.5,Ibis Tanger City Center,2,negative
1303,2.0,Ibis Casablanca City Center,5,negative
5055,5.0,Ibis Ouarzazate Centre,7,positive
4814,1.0,Ibis Mohammedia,1,negative
4967,5.0,Ibis Mohammedia,7,positive
3809,2.0,Ibis Marrakech Centre Gare,1,negative
3484,2.0,Ibis Marrakech Centre Gare,7,negative
23,5.0,Ibis Abdelmoumen Casa,1,positive
4128,5.0,Ibis Marrakech Centre Gare,8,positive
3327,2.0,Ibis Marrakech Centre Gare,1,negative
5121,1.0,Ibis Ouarzazate Centre,3,negative
920,3.5,Ibis Casa Voyageurs,5,neutral
5969,5.0,Ibis Tanger City Center,4,positive
4,4.0,Ibis Abdelmoumen Casa,1,positive
5365,5.0,Ibis Ouarzazate Centre,7,positive
2109,4.0,Ibis Casablanca Nearshore,5,positive
4781,0.5,Ibis Mohammedia,1,negative
129,0.5,Ibis Abdelmoumen Casa,1,negative
3166,4.0,Ibis Fès,1,positive
483,5.0,Ibis Casa Sidi Maarouf,1,positive
4824,0.5,Ibis Mohammedia,4,negative
2830,1.0,Ibis Fès,4,negative
5093,1.0,Ibis Ouarzazate Centre,8,negative
5742,3.5,Ibis Rabat Agdal,4,neutral
3076,3.0,Ibis Fès,2,neutral
1669,5.0,Ibis Casablanca City Center,9,positive
3328,3.0,Ibis Marrakech Centre Gare,4,neutral
4847,4.0,Ibis Mohammedia,8,positive
3888,1.0,Ibis Marrakech Centre Gare,2,negative
266,4.0,Ibis Casa Sidi Maarouf,19,positive
1464,4.0,Ibis Casablanca City Center,13,positive
2590,5.0,Ibis El Jadida,9,positive
1460,3.0,Ibis Casablanca City Center,3,neutral
1496,1.0,Ibis Casablanca City Center,10,negative
2037,4.0,Ibis Casablanca City Center,3,positive
847,3.5,Ibis Casa Voyageurs,7,neutral
3957,5.0,Ibis Marrakech Centre Gare,1,positive
4793,4.0,Ibis Mohammedia,7,positive
4119,4.5,Ibis Marrakech Centre Gare,2,positive
300,5.0,Ibis Casa Sidi Maarouf,2,positive
5442,2.0,Ibis Oujda,1,negative
3765,2.0,Ibis Marrakech Centre Gare,13,negative
1908,3.0,Ibis Casablanca City Center,5,neutral
5599,5.0,Ibis Rabat Agdal,1,positive
6066,3.5,Ibis Tanger City Center,6,neutral
5350,2.5,Ibis Ouarzazate Centre,2,negative
5128,1.0,Ibis Ouarzazate Centre,2,negative
4827,3.5,Ibis Mohammedia,2,neutral
4837,2.0,Ibis Mohammedia,4,negative
2649,0.5,Ibis El Jadida,7,negative
4989,3.0,Ibis Ouarzazate Centre,6,neutral
5493,5.0,Ibis Oujda,2,positive
1893,5.0,Ibis Casablanca City Center,4,positive
5912,3.0,Ibis Tanger City Center,12,neutral
2009,2.5,Ibis Casablanca City Center,4,negative
542,5.0,Ibis Casa Sidi Maarouf,6,positive
6045,3.0,Ibis Tanger City Center,3,neutral
59,1.5,Ibis Abdelmoumen Casa,1,negative
2399,3.0,Ibis El Jadida,3,neutral
841,2.0,Ibis Casa Voyageurs,4,negative
2214,2.5,Ibis Casablanca Nearshore,4,negative
5835,3.0,Ibis Tanger City Center,13,neutral
5863,3.0,Ibis Tanger City Center,5,neutral
1753,5.0,Ibis Casablanca City Center,2,positive
4677,2.5,Ibis Meknès,1,negative
5766,4.0,Ibis Rabat Agdal,1,positive
6273,5.0,Ibis Tanger City Center,1,positive
400,4.0,Ibis Casa Sidi Maarouf,9,positive
2733,3.0,Ibis Fès,9,neutral
1227,5.0,Ibis Casa Voyageurs,7,positive
4214,5.0,Ibis Marrakech Centre Gare,4,positive
1823,3.5,Ibis Casablanca City Center,6,neutral
3650,5.0,Ibis Marrakech Centre Gare,3,positive
4896,5.0,Ibis Mohammedia,2,positive
336,5.0,Ibis Casa Sidi Maarouf,1,positive
4082,3.0,Ibis Marrakech Centre Gare,2,neutral
4179,0.5,Ibis Marrakech Centre Gare,7,negative
83,4.0,Ibis Abdelmoumen Casa,1,positive
3463,2.0,Ibis Marrakech Centre Gare,5,negative
1638,3.0,Ibis Casablanca City Center,2,neutral
2561,2.0,Ibis El Jadida,1,negative
3860,5.0,Ibis Marrakech Centre Gare,3,positive
638,3.0,Ibis Casa Voyageurs,3,neutral
1488,4.0,Ibis Casablanca City Center,5,positive
2325,4.0,Ibis Casablanca Nearshore,1,positive
3109,3.5,Ibis Fès,3,neutral
3310,3.0,Ibis Marrakech Centre Gare,5,neutral
801,3.0,Ibis Casa Voyageurs,3,neutral
1242,5.0,Ibis Casa Voyageurs,2,positive
1197,3.0,Ibis Casa Voyageurs,4,neutral
6382,2.0,Ibis Tanger City Center,1,negative
6140,5.0,Ibis Tanger City Center,3,positive
1351,1.0,Ibis Casablanca City Center,2,negative
3210,5.0,Ibis Marrakech Centre Gare,6,positive
1143,3.5,Ibis Casa Voyageurs,5,neutral
5108,3.0,Ibis Ouarzazate Centre,1,neutral
170,5.0,Ibis Abdelmoumen Casa,2,positive
346,3.0,Ibis Casa Sidi Maarouf,4,neutral
2259,3.0,Ibis Casablanca Nearshore,1,neutral
1739,2.0,Ibis Casablanca City Center,1,negative
5086,4.0,Ibis Ouarzazate Centre,5,positive
869,3.0,Ibis Casa Voyageurs,2,neutral
4716,3.0,Ibis Meknès,2,neutral
5264,3.5,Ibis Ouarzazate Centre,5,neutral
5060,3.0,Ibis Ouarzazate Centre,7,neutral
1966,3.5,Ibis Casablanca City Center,9,neutral
2231,1.5,Ibis Casablanca Nearshore,11,negative
3022,4.0,Ibis Fès,1,positive
1165,5.0,Ibis Casa Voyageurs,10,positive
895,4.5,Ibis Casa Voyageurs,18,positive
3728,4.0,Ibis Marrakech Centre Gare,7,positive
6234,5.0,Ibis Tanger City Center,7,positive
5789,3.5,Ibis Rabat Agdal,5,neutral
3258,3.0,Ibis Marrakech Centre Gare,10,neutral
4289,3.0,Ibis Marrakech Centre Gare,10,neutral
2428,5.0,Ibis El Jadida,2,positive
1558,2.0,Ibis Casablanca City Center,5,negative
2992,3.0,Ibis Fès,1,neutral
5862,4.0,Ibis Tanger City Center,6,positive
307,3.0,Ibis Casa Sidi Maarouf,7,neutral
5066,1.0,Ibis Ouarzazate Centre,3,negative
3236,5.0,Ibis Marrakech Centre Gare,12,positive
5859,4.0,Ibis Tanger City Center,5,positive
4655,4.0,Ibis Meknès,3,positive
2369,5.0,Ibis El Jadida,8,positive
2175,5.0,Ibis Casablanca Nearshore,2,positive
1369,3.0,Ibis Casablanca City Center,4,neutral
489,5.0,Ibis Casa Sidi Maarouf,5,positive
1899,1.0,Ibis Casablanca City Center,5,negative
61,3.5,Ibis Abdelmoumen Casa,1,neutral
5515,5.0,Ibis Rabat Agdal,1,positive
5003,2.0,Ibis Ouarzazate Centre,3,negative
5115,3.0,Ibis Ouarzazate Centre,3,neutral
2875,4.0,Ibis Fès,13,positive
1171,3.0,Ibis Casa Voyageurs,3,neutral
1517,3.0,Ibis Casablanca City Center,8,neutral
2960,1.0,Ibis Fès,1,negative
3556,3.0,Ibis Marrakech Centre Gare,4,neutral
5828,3.0,Ibis Tanger City Center,3,neutral
359,3.0,Ibis Casa Sidi Maarouf,9,neutral
6350,1.0,Ibis Tanger City Center,7,negative
4153,5.0,Ibis Marrakech Centre Gare,19,positive
115,4.0,Ibis Abdelmoumen Casa,3,positive
4230,5.0,Ibis Marrakech Centre Gare,2,positive
3018,5.0,Ibis Fès,3,positive
3204,3.0,Ibis Marrakech Centre Gare,9,neutral
1093,3.5,Ibis Casa Voyageurs,2,neutral
3410,3.0,Ibis Marrakech Centre Gare,8,neutral
1445,3.0,Ibis Casablanca City Center,4,neutral
3524,3.0,Ibis Marrakech Centre Gare,4,neutral
4498,5.0,Ibis Marrakech Palmeraie,1,positive
3325,5.0,Ibis Marrakech Centre Gare,5,positive
687,3.0,Ibis Casa Voyageurs,9,neutral
1403,3.0,Ibis Casablanca City Center,5,neutral
4067,1.0,Ibis Marrakech Centre Gare,8,negative
1164,5.0,Ibis Casa Voyageurs,1,positive
1832,1.5,Ibis Casablanca City Center,2,negative
1653,0.5,Ibis Casablanca City Center,4,negative
4399,4.0,Ibis Marrakech Palmeraie,1,positive
2419,4.0,Ibis El Jadida,6,positive
4210,3.0,Ibis Marrakech Centre Gare,3,neutral
2825,5.0,Ibis Fès,5,positive
667,4.0,Ibis Casa Voyageurs,15,positive
6349,1.0,Ibis Tanger City Center,7,negative
2963,0.5,Ibis Fès,6,negative
2741,5.0,Ibis Fès,4,positive
5129,5.0,Ibis Ouarzazate Centre,8,positive
14,5.0,Ibis Abdelmoumen Casa,1,positive
4472,4.5,Ibis Marrakech Palmeraie,1,positive
3267,5.0,Ibis Marrakech Centre Gare,8,positive
4925,5.0,Ibis Mohammedia,3,positive
1037,4.0,Ibis Casa Voyageurs,15,positive
32,4.5,Ibis Abdelmoumen Casa,3,positive
4236,4.0,Ibis Marrakech Centre Gare,1,positive
4532,2.5,Ibis Marrakech Palmeraie,3,negative
3451,3.0,Ibis Marrakech Centre Gare,14,neutral
305,3.0,Ibis Casa Sidi Maarouf,7,neutral
4421,1.0,Ibis Marrakech Palmeraie,2,negative
481,5.0,Ibis Casa Sidi Maarouf,6,positive
2662,5.0,Ibis El Jadida,8,positive
4556,5.0,Ibis Marrakech Palmeraie,3,positive
412,3.0,Ibis Casa Sidi Maarouf,2,neutral
3919,5.0,Ibis Marrakech Centre Gare,3,positive
6091,1.5,Ibis Tanger City Center,3,negative
1499,4.0,Ibis Casablanca City Center,1,positive
5686,4.0,Ibis Rabat Agdal,3,positive
3822,1.0,Ibis Marrakech Centre Gare,3,negative
3343,4.0,Ibis Marrakech Centre Gare,7,positive
5027,3.0,Ibis Ouarzazate Centre,6,neutral
2539,3.5,Ibis El Jadida,1,neutral
4167,4.0,Ibis Marrakech Centre Gare,2,positive
5254,5.0,Ibis Ouarzazate Centre,2,positive
4609,2.0,Ibis Marrakech Palmeraie,6,negative
3317,3.0,Ibis Marrakech Centre Gare,12,neutral
4898,5.0,Ibis Mohammedia,1,positive
3536,4.0,Ibis Marrakech Centre Gare,3,positive
6391,4.5,Ibis Tanger City Center,5,positive
4439,1.0,Ibis Marrakech Palmeraie,2,negative
1430,2.0,Ibis Casablanca City Center,7,negative
5994,1.0,Ibis Tanger City Center,1,negative
1719,0.5,Ibis Casablanca City Center,1,negative
176,4.0,Ibis Abdelmoumen Casa,9,positive
1626,3.0,Ibis Casablanca City Center,2,neutral
453,3.0,Ibis Casa Sidi Maarouf,9,neutral
5507,5.0,Ibis Rabat Agdal,6,positive
1777,3.5,Ibis Casablanca City Center,2,neutral
5114,1.0,Ibis Ouarzazate Centre,5,negative
1396,5.0,Ibis Casablanca City Center,3,positive
3777,4.0,Ibis Marrakech Centre Gare,1,positive
6252,3.5,Ibis Tanger City Center,1,neutral
2093,3.0,Ibis Casablanca Nearshore,10,neutral
3268,2.0,Ibis Marrakech Centre Gare,1,negative
567,3.0,Ibis Casa Sidi Maarouf,10,neutral
6337,3.5,Ibis Tanger City Center,2,neutral
2365,4.0,Ibis El Jadida,6,positive
4226,4.0,Ibis Marrakech Centre Gare,1,positive
4402,1.0,Ibis Marrakech Palmeraie,3,negative
800,2.5,Ibis Casa Voyageurs,2,negative
1354,3.0,Ibis Casablanca City Center,1,neutral
6012,4.0,Ibis Tanger City Center,2,positive
3763,5.0,Ibis Marrakech Centre Gare,13,positive
6103,1.5,Ibis Tanger City Center,1,negative
3757,2.0,Ibis Marrakech Centre Gare,13,negative
6395,2.0,Ibis Tanger City Center,2,negative
2420,2.0,Ibis El Jadida,3,negative
4111,5.0,Ibis Marrakech Centre Gare,4,positive
4608,2.0,Ibis Marrakech Palmeraie,1,negative
6365,5.0,Ibis Tanger City Center,3,positive
3028,3.0,Ibis Fès,2,neutral
1304,1.0,Ibis Casablanca City Center,8,negative
564,3.5,Ibis Casa Sidi Maarouf,5,neutral
577,4.0,Ibis Casa Sidi Maarouf,1,positive
3120,4.0,Ibis Fès,2,positive
3962,0.5,Ibis Marrakech Centre Gare,2,negative
3967,2.0,Ibis Marrakech Centre Gare,2,negative
1438,1.0,Ibis Casablanca City Center,2,negative
5326,4.0,Ibis Ouarzazate Centre,3,positive
902,2.5,Ibis Casa Voyageurs,3,negative
1355,4.0,Ibis Casablanca City Center,4,positive
4728,2.0,Ibis Meknès,7,negative
5415,4.0,Ibis Oujda,4,positive
737,3.0,Ibis Casa Voyageurs,4,neutral
20,3.5,Ibis Abdelmoumen Casa,10,neutral
6013,4.0,Ibis Tanger City Center,3,positive
3889,1.5,Ibis Marrakech Centre Gare,4,negative
3256,5.0,Ibis Marrakech Centre Gare,4,positive
6039,4.0,Ibis Tanger City Center,1,positive
1028,4.5,Ibis Casa Voyageurs,5,positive
1890,4.0,Ibis Casablanca City Center,5,positive
4357,4.0,Ibis Marrakech Centre Gare,6,positive
1595,3.5,Ibis Casablanca City Center,2,neutral
5971,5.0,Ibis Tanger City Center,5,positive
4523,3.0,Ibis Marrakech Palmeraie,7,neutral
6069,4.5,Ibis Tanger City Center,1,positive
6073,0.5,Ibis Tanger City Center,4,negative
3140,4.5,Ibis Fès,2,positive
2959,5.0,Ibis Fès,2,positive
3921,4.0,Ibis Marrakech Centre Gare,6,positive
2982,2.0,Ibis Fès,1,negative
3068,4.0,Ibis Fès,4,positive
6233,4.0,Ibis Tanger City Center,1,positive
3547,1.0,Ibis Marrakech Centre Gare,5,negative
4061,5.0,Ibis Marrakech Centre Gare,2,positive
2321,5.0,Ibis Casablanca Nearshore,12,positive
572,2.5,Ibis Casa Sidi Maarouf,2,negative
557,4.0,Ibis Casa Sidi Maarouf,3,positive
4051,4.5,Ibis Marrakech Centre Gare,1,positive
1770,1.0,Ibis Casablanca City Center,3,negative
3707,2.0,Ibis Marrakech Centre Gare,1,negative
4278,5.0,Ibis Marrakech Centre Gare,2,positive
3087,4.0,Ibis Fès,1,positive
4177,5.0,Ibis Marrakech Centre Gare,27,positive
4025,2.0,Ibis Marrakech Centre Gare,7,negative
4656,0.5,Ibis Meknès,3,negative
2718,3.0,Ibis Fès,5,neutral
4690,4.5,Ibis Meknès,1,positive
1803,1.0,Ibis Casablanca City Center,7,negative
1144,3.5,Ibis Casa Voyageurs,2,neutral
4328,5.0,Ibis Marrakech Centre Gare,6,positive
375,3.0,Ibis Casa Sidi Maarouf,1,neutral
3760,4.0,Ibis Marrakech Centre Gare,9,positive
1417,3.0,Ibis Casablanca City Center,3,neutral
6254,4.0,Ibis Tanger City Center,2,positive
1397,4.0,Ibis Casablanca City Center,3,positive
936,4.5,Ibis Casa Voyageurs,1,positive
2486,5.0,Ibis El Jadida,5,positive
2412,1.0,Ibis El Jadida,20,negative
5558,5.0,Ibis Rabat Agdal,4,positive
2859,4.0,Ibis Fès,2,positive
641,5.0,Ibis Casa Voyageurs,11,positive
5745,4.5,Ibis Rabat Agdal,1,positive
2413,3.0,Ibis El Jadida,23,neutral
2770,4.0,Ibis Fès,9,positive
5321,4.5,Ibis Ouarzazate Centre,1,positive
4282,0.5,Ibis Marrakech Centre Gare,1,negative
2256,5.0,Ibis Casablanca Nearshore,5,positive
4680,1.5,Ibis Meknès,1,negative
1179,5.0,Ibis Casa Voyageurs,7,positive
1793,2.5,Ibis Casablanca City Center,5,negative
2356,4.0,Ibis El Jadida,3,positive
2950,0.5,Ibis Fès,3,negative
5585,2.0,Ibis Rabat Agdal,4,negative
2331,5.0,Ibis Casablanca Nearshore,2,positive
2497,1.0,Ibis El Jadida,3,negative
2232,3.5,Ibis Casablanca Nearshore,1,neutral
2666,5.0,Ibis El Jadida,5,positive
137,4.0,Ibis Abdelmoumen Casa,3,positive
1057,2.5,Ibis Casa Voyageurs,1,negative
4424,5.0,Ibis Marrakech Palmeraie,3,positive
3510,4.0,Ibis Marrakech Centre Gare,16,positive
969,3.0,Ibis Casa Voyageurs,3,neutral
848,4.0,Ibis Casa Voyageurs,10,positive
2235,5.0,Ibis Casablanca Nearshore,9,positive
876,5.0,Ibis Casa Voyageurs,14,positive
2384,4.0,Ibis El Jadida,2,positive
4305,2.5,Ibis Marrakech Centre Gare,3,negative
112,0.5,Ibis Abdelmoumen Casa,2,negative
1846,4.5,Ibis Casablanca City Center,2,positive
5509,5.0,Ibis Rabat Agdal,2,positive
130,2.0,Ibis Abdelmoumen Casa,1,negative
444,2.0,Ibis Casa Sidi Maarouf,2,negative
6298,3.0,Ibis Tanger City Center,1,neutral
4819,0.5,Ibis Mohammedia,1,negative
5269,3.0,Ibis Ouarzazate Centre,6,neutral
4155,1.0,Ibis Marrakech Centre Gare,5,negative
6332,2.0,Ibis Tanger City Center,1,negative
890,3.0,Ibis Casa Voyageurs,1,neutral
5246,5.0,Ibis Ouarzazate Centre,2,positive
3108,3.5,Ibis Fès,1,neutral
3922,4.0,Ibis Marrakech Centre Gare,5,positive
4614,5.0,Ibis Marrakech Palmeraie,3,positive
1282,3.0,Ibis Casablanca City Center,3,neutral
4259,3.5,Ibis Marrakech Centre Gare,1,neutral
6424,5.0,Ibis Tanger City Center,6,positive
5523,4.0,Ibis Rabat Agdal,2,positive
3081,4.0,Ibis Fès,8,positive
3910,5.0,Ibis Marrakech Centre Gare,2,positive
1297,3.0,Ibis Casablanca City Center,4,neutral
5436,4.5,Ibis Oujda,4,positive
3689,4.0,Ibis Marrakech Centre Gare,11,positive
2075,3.0,Ibis Casablanca City Center,12,neutral
6214,5.0,Ibis Tanger City Center,2,positive
4254,0.5,Ibis Marrakech Centre Gare,4,negative
6288,3.0,Ibis Tanger City Center,5,neutral
4668,5.0,Ibis Meknès,6,positive
4743,4.0,Ibis Meknès,5,positive
1691,3.0,Ibis Casablanca City Center,6,neutral
2328,5.0,Ibis Casablanca Nearshore,1,positive
4359,5.0,Ibis Marrakech Centre Gare,2,positive
6114,5.0,Ibis Tanger City Center,3,positive
2163,4.0,Ibis Casablanca Nearshore,6,positive
2280,4.0,Ibis Casablanca Nearshore,5,positive
2182,4.0,Ibis Casablanca Nearshore,4,positive
821,5.0,Ibis Casa Voyageurs,6,positive
2293,5.0,Ibis Casablanca Nearshore,2,positive
1184,3.0,Ibis Casa Voyageurs,1,neutral
1009,3.5,Ibis Casa Voyageurs,5,neutral
5297,2.5,Ibis Ouarzazate Centre,3,negative
5730,4.0,Ibis Rabat Agdal,1,positive
2379,3.0,Ibis El Jadida,7,neutral
162,4.0,Ibis Abdelmoumen Casa,5,positive
5837,4.0,Ibis Tanger City Center,13,positive
3195,4.0,Ibis Marrakech Centre Gare,7,positive
4969,5.0,Ibis Mohammedia,18,positive
977,0.5,Ibis Casa Voyageurs,4,negative
1772,2.0,Ibis Casablanca City Center,1,negative
589,5.0,Ibis Casa Sidi Maarouf,1,positive
2323,3.0,Ibis Casablanca Nearshore,5,neutral
967,1.0,Ibis Casa Voyageurs,1,negative
3806,2.0,Ibis Marrakech Centre Gare,1,negative
2596,5.0,Ibis El Jadida,10,positive
2397,5.0,Ibis El Jadida,13,positive
4501,0.5,Ibis Marrakech Palmeraie,1,negative
1745,3.5,Ibis Casablanca City Center,3,neutral
1280,3.0,Ibis Casablanca City Center,19,neutral
5461,1.0,Ibis Oujda,1,negative
5811,4.0,Ibis Tanger City Center,14,positive
816,3.5,Ibis Casa Voyageurs,1,neutral
5062,3.0,Ibis Ouarzazate Centre,4,neutral
4699,4.0,Ibis Meknès,5,positive
6126,3.5,Ibis Tanger City Center,1,neutral
527,4.0,Ibis Casa Sidi Maarouf,4,positive
595,4.0,Ibis Casa Sidi Maarouf,4,positive
3491,4.0,Ibis Marrakech Centre Gare,4,positive
1409,1.0,Ibis Casablanca City Center,10,negative
283,2.0,Ibis Casa Sidi Maarouf,6,negative
1766,4.0,Ibis Casablanca City Center,5,positive
6412,3.5,Ibis Tanger City Center,1,neutral
2137,3.0,Ibis Casablanca Nearshore,2,neutral
1292,4.0,Ibis Casablanca City Center,3,positive
411,4.0,Ibis Casa Sidi Maarouf,3,positive
1192,5.0,Ibis Casa Voyageurs,3,positive
6195,3.0,Ibis Tanger City Center,2,neutral
4109,5.0,Ibis Marrakech Centre Gare,1,positive
128,0.5,Ibis Abdelmoumen Casa,2,negative
6215,5.0,Ibis Tanger City Center,1,positive
437,5.0,Ibis Casa Sidi Maarouf,3,positive
4548,5.0,Ibis Marrakech Palmeraie,6,positive
5694,2.5,Ibis Rabat Agdal,1,negative
6251,3.0,Ibis Tanger City Center,3,neutral
584,3.5,Ibis Casa Sidi Maarouf,4,neutral
2860,4.0,Ibis Fès,16,positive
716,3.0,Ibis Casa Voyageurs,4,neutral
4041,4.0,Ibis Marrakech Centre Gare,5,positive
1119,5.0,Ibis Casa Voyageurs,1,positive
3577,3.0,Ibis Marrakech Centre Gare,5,neutral
4683,0.5,Ibis Meknès,4,negative
3834,1.0,Ibis Marrakech Centre Gare,2,negative
2766,5.0,Ibis Fès,6,positive
2903,2.0,Ibis Fès,6,negative
3017,5.0,Ibis Fès,4,positive
3541,2.0,Ibis Marrakech Centre Gare,5,negative
1190,4.5,Ibis Casa Voyageurs,4,positive
1755,5.0,Ibis Casablanca City Center,14,positive
3883,1.5,Ibis Marrakech Centre Gare,3,negative
4299,4.5,Ibis Marrakech Centre Gare,5,positive
3807,2.0,Ibis Marrakech Centre Gare,12,negative
5034,3.0,Ibis Ouarzazate Centre,7,neutral
3323,2.0,Ibis Marrakech Centre Gare,15,negative
1463,4.0,Ibis Casablanca City Center,11,positive
366,5.0,Ibis Casa Sidi Maarouf,3,positive
4432,5.0,Ibis Marrakech Palmeraie,2,positive
2542,1.0,Ibis El Jadida,4,negative
5459,5.0,Ibis Oujda,6,positive
6329,0.5,Ibis Tanger City Center,3,negative
1953,0.5,Ibis Casablanca City Center,10,negative
3163,3.0,Ibis Fès,7,neutral
5545,5.0,Ibis Rabat Agdal,2,positive
533,5.0,Ibis Casa Sidi Maarouf,2,positive
257,3.0,Ibis Casa Sidi Maarouf,8,neutral
3533,3.0,Ibis Marrakech Centre Gare,5,neutral
1270,3.0,Ibis Casablanca City Center,5,neutral
1318,2.0,Ibis Casablanca City Center,7,negative
1193,1.0,Ibis Casa Voyageurs,3,negative
5056,5.0,Ibis Ouarzazate Centre,6,positive
4206,0.5,Ibis Marrakech Centre Gare,3,negative
3252,3.0,Ibis Marrakech Centre Gare,9,neutral
1461,1.0,Ibis Casablanca City Center,2,negative
4573,5.0,Ibis Marrakech Palmeraie,9,positive
5911,4.0,Ibis Tanger City Center,4,positive
637,5.0,Ibis Casa Voyageurs,3,positive
2374,3.0,Ibis El Jadida,6,neutral
1563,1.0,Ibis Casablanca City Center,3,negative
2010,3.0,Ibis Casablanca City Center,1,neutral
2423,5.0,Ibis El Jadida,4,positive
2463,1.0,Ibis El Jadida,2,negative
1959,2.5,Ibis Casablanca City Center,4,negative
2790,4.0,Ibis Fès,4,positive
3746,2.0,Ibis Marrakech Centre Gare,4,negative
2376,1.0,Ibis El Jadida,4,negative
5576,4.0,Ibis Rabat Agdal,5,positive
2193,1.0,Ibis Casablanca Nearshore,5,negative
2233,4.5,Ibis Casablanca Nearshore,1,positive
5907,4.0,Ibis Tanger City Center,2,positive
1847,5.0,Ibis Casablanca City Center,3,positive
3874,1.0,Ibis Marrakech Centre Gare,5,negative
4020,5.0,Ibis Marrakech Centre Gare,1,positive
3432,3.0,Ibis Marrakech Centre Gare,8,neutral
4884,5.0,Ibis Mohammedia,6,positive
3000,4.5,Ibis Fès,2,positive
975,5.0,Ibis Casa Voyageurs,7,positive
4787,4.0,Ibis Mohammedia,1,positive
5506,4.0,Ibis Oujda,22,positive
5698,4.0,Ibis Rabat Agdal,1,positive
2977,5.0,Ibis Fès,1,positive
6236,0.5,Ibis Tanger City Center,1,negative
212,5.0,Ibis Abdelmoumen Casa,2,positive
184,4.5,Ibis Abdelmoumen Casa,3,positive
4202,2.0,Ibis Marrakech Centre Gare,8,negative
1744,3.0,Ibis Casablanca City Center,1,neutral
69,5.0,Ibis Abdelmoumen Casa,2,positive
265,4.0,Ibis Casa Sidi Maarouf,2,positive
118,4.5,Ibis Abdelmoumen Casa,1,positive
5640,3.5,Ibis Rabat Agdal,2,neutral
1773,3.0,Ibis Casablanca City Center,2,neutral
6224,3.5,Ibis Tanger City Center,4,neutral
3165,4.0,Ibis Fès,2,positive
2095,4.0,Ibis Casablanca Nearshore,4,positive
6098,0.5,Ibis Tanger City Center,1,negative
5412,5.0,Ibis Oujda,3,positive
538,0.5,Ibis Casa Sidi Maarouf,1,negative
5883,1.0,Ibis Tanger City Center,6,negative
1277,5.0,Ibis Casablanca City Center,4,positive
1515,5.0,Ibis Casablanca City Center,5,positive
5915,5.0,Ibis Tanger City Center,2,positive
5711,4.0,Ibis Rabat Agdal,10,positive
5419,5.0,Ibis Oujda,4,positive
534,4.0,Ibis Casa Sidi Maarouf,8,positive
5425,5.0,Ibis Oujda,2,positive
3274,3.0,Ibis Marrakech Centre Gare,7,neutral
971,4.0,Ibis Casa Voyageurs,1,positive
3657,3.0,Ibis Marrakech Centre Gare,5,neutral
613,4.0,Ibis Casa Sidi Maarouf,11,positive
1320,1.0,Ibis Casablanca City Center,6,negative
2711,4.0,Ibis Fès,5,positive
2912,3.0,Ibis Fès,4,neutral
5801,3.0,Ibis Rabat Agdal,3,neutral
626,5.0,Ibis Casa Voyageurs,5,positive
4171,5.0,Ibis Marrakech Centre Gare,2,positive
1648,4.0,Ibis Casablanca City Center,2,positive
2564,4.0,Ibis El Jadida,4,positive
4427,5.0,Ibis Marrakech Palmeraie,2,positive
1937,3.0,Ibis Casablanca City Center,1,neutral
1743,3.0,Ibis Casablanca City Center,5,neutral
3115,1.0,Ibis Fès,5,negative
1328,3.0,Ibis Casablanca City Center,5,neutral
2296,3.5,Ibis Casablanca Nearshore,5,neutral
274,3.0,Ibis Casa Sidi Maarouf,13,neutral
1544,3.0,Ibis Casablanca City Center,4,neutral
4619,4.0,Ibis Meknès,2,positive
189,4.0,Ibis Abdelmoumen Casa,4,positive
2440,4.0,Ibis El Jadida,1,positive
3778,5.0,Ibis Marrakech Centre Gare,5,positive
3191,1.0,Ibis Marrakech Centre Gare,8,negative
2739,4.0,Ibis Fès,9,positive
4930,5.0,Ibis Mohammedia,3,positive
6148,4.0,Ibis Tanger City Center,9,positive
5758,3.5,Ibis Rabat Agdal,3,neutral
1956,2.0,Ibis Casablanca City Center,6,negative
5953,2.0,Ibis Tanger City Center,1,negative
3331,3.0,Ibis Marrakech Centre Gare,4,neutral
3407,3.0,Ibis Marrakech Centre Gare,5,neutral
884,5.0,Ibis Casa Voyageurs,2,positive
2035,3.5,Ibis Casablanca City Center,1,neutral
1240,4.0,Ibis Casa Voyageurs,49,positive
822,5.0,Ibis Casa Voyageurs,2,positive
1146,4.0,Ibis Casa Voyageurs,4,positive
127,4.0,Ibis Abdelmoumen Casa,3,positive
3107,3.5,Ibis Fès,1,neutral
4288,5.0,Ibis Marrakech Centre Gare,2,positive
3301,3.0,Ibis Marrakech Centre Gare,9,neutral
4661,0.5,Ibis Meknès,1,negative
4316,4.0,Ibis Marrakech Centre Gare,11,positive
1023,3.5,Ibis Casa Voyageurs,3,neutral
795,4.0,Ibis Casa Voyageurs,4,positive
4233,5.0,Ibis Marrakech Centre Gare,5,positive
5243,4.0,Ibis Ouarzazate Centre,7,positive
2628,5.0,Ibis El Jadida,12,positive
3504,3.0,Ibis Marrakech Centre Gare,5,neutral
2641,1.0,Ibis El Jadida,4,negative
4601,2.5,Ibis Marrakech Palmeraie,1,negative
1474,5.0,Ibis Casablanca City Center,7,positive
3897,4.5,Ibis Marrakech Centre Gare,2,positive
15,0.5,Ibis Abdelmoumen Casa,5,negative
1485,2.0,Ibis Casablanca City Center,17,negative
5373,3.0,Ibis Ouarzazate Centre,3,neutral
337,2.0,Ibis Casa Sidi Maarouf,6,negative
1405,2.0,Ibis Casablanca City Center,3,negative
5452,5.0,Ibis Oujda,10,positive
2579,5.0,Ibis El Jadida,6,positive
84,4.5,Ibis Abdelmoumen Casa,4,positive
958,2.5,Ibis Casa Voyageurs,1,negative
6053,3.0,Ibis Tanger City Center,3,neutral
5185,5.0,Ibis Ouarzazate Centre,1,positive
2047,4.5,Ibis Casablanca City Center,6,positive
3637,4.0,Ibis Marrakech Centre Gare,2,positive
5307,4.5,Ibis Ouarzazate Centre,1,positive
3668,5.0,Ibis Marrakech Centre Gare,12,positive
5133,4.0,Ibis Ouarzazate Centre,1,positive
2983,2.0,Ibis Fès,11,negative
690,4.0,Ibis Casa Voyageurs,8,positive
4987,5.0,Ibis Ouarzazate Centre,7,positive
2191,5.0,Ibis Casablanca Nearshore,7,positive
2511,3.0,Ibis El Jadida,9,neutral
2789,4.0,Ibis Fès,10,positive
2518,2.0,Ibis El Jadida,4,negative
1810,3.5,Ibis Casablanca City Center,3,neutral
2692,3.0,Ibis El Jadida,6,neutral
2512,2.0,Ibis El Jadida,2,negative
4755,4.0,Ibis Mohammedia,7,positive
2715,3.0,Ibis Fès,9,neutral
6201,5.0,Ibis Tanger City Center,3,positive
1782,4.0,Ibis Casablanca City Center,8,positive
474,2.0,Ibis Casa Sidi Maarouf,1,negative
1720,2.0,Ibis Casablanca City Center,4,negative
3949,2.5,Ibis Marrakech Centre Gare,2,negative
2510,3.0,Ibis El Jadida,9,neutral
2203,5.0,Ibis Casablanca Nearshore,3,positive
2200,1.0,Ibis Casablanca Nearshore,2,negative
2887,4.0,Ibis Fès,1,positive
1021,2.0,Ibis Casa Voyageurs,3,negative
4086,2.0,Ibis Marrakech Centre Gare,5,negative
2448,4.0,Ibis El Jadida,1,positive
515,5.0,Ibis Casa Sidi Maarouf,10,positive
1809,3.0,Ibis Casablanca City Center,1,neutral
2326,5.0,Ibis Casablanca Nearshore,2,positive
4537,0.5,Ibis Marrakech Palmeraie,3,negative
2897,4.0,Ibis Fès,3,positive
2768,3.0,Ibis Fès,41,neutral
1675,2.5,Ibis Casablanca City Center,2,negative
2437,3.0,Ibis El Jadida,7,neutral
320,4.0,Ibis Casa Sidi Maarouf,7,positive
458,4.0,Ibis Casa Sidi Maarouf,3,positive
612,3.0,Ibis Casa Sidi Maarouf,13,neutral
4951,3.5,Ibis Mohammedia,1,neutral
3278,4.0,Ibis Marrakech Centre Gare,6,positive
3507,4.0,Ibis Marrakech Centre Gare,10,positive
2016,4.0,Ibis Casablanca City Center,3,positive
868,5.0,Ibis Casa Voyageurs,8,positive
2763,4.0,Ibis Fès,4,positive
1121,0.5,Ibis Casa Voyageurs,3,negative
3522,2.0,Ibis Marrakech Centre Gare,6,negative
924,4.5,Ibis Casa Voyageurs,6,positive
243,3.5,Ibis Abdelmoumen Casa,3,neutral
6250,2.5,Ibis Tanger City Center,2,negative
6090,1.0,Ibis Tanger City Center,4,negative
6281,2.0,Ibis Tanger City Center,3,negative
5390,4.0,Ibis Oujda,5,positive
519,5.0,Ibis Casa Sidi Maarouf,5,positive
2922,4.0,Ibis Fès,3,positive
5305,4.0,Ibis Ouarzazate Centre,1,positive
1149,4.5,Ibis Casa Voyageurs,5,positive
670,3.0,Ibis Casa Voyageurs,1,neutral
6209,3.5,Ibis Tanger City Center,1,neutral
4114,3.0,Ibis Marrakech Centre Gare,7,neutral
4264,5.0,Ibis Marrakech Centre Gare,2,positive
5532,4.0,Ibis Rabat Agdal,3,positive
3015,3.5,Ibis Fès,1,neutral
4964,5.0,Ibis Mohammedia,8,positive
3192,2.0,Ibis Marrakech Centre Gare,3,negative
3193,4.0,Ibis Marrakech Centre Gare,3,positive
2279,2.0,Ibis Casablanca Nearshore,7,negative
1767,5.0,Ibis Casablanca City Center,8,positive
1756,0.5,Ibis Casablanca City Center,2,negative
4997,2.0,Ibis Ouarzazate Centre,8,negative
6003,4.0,Ibis Tanger City Center,6,positive
5074,1.0,Ibis Ouarzazate Centre,2,negative
4479,2.5,Ibis Marrakech Palmeraie,1,negative
98,4.0,Ibis Abdelmoumen Casa,4,positive
1092,3.0,Ibis Casa Voyageurs,5,neutral
2685,5.0,Ibis El Jadida,1,positive
5815,4.0,Ibis Tanger City Center,10,positive
308,4.0,Ibis Casa Sidi Maarouf,16,positive
2359,3.0,Ibis El Jadida,4,neutral
3845,1.0,Ibis Marrakech Centre Gare,6,negative
5096,5.0,Ibis Ouarzazate Centre,8,positive
5502,3.0,Ibis Oujda,1,neutral
1993,4.0,Ibis Casablanca City Center,9,positive
4271,2.5,Ibis Marrakech Centre Gare,1,negative
4745,5.0,Ibis Meknès,19,positive
209,3.5,Ibis Abdelmoumen Casa,1,neutral
1017,4.5,Ibis Casa Voyageurs,4,positive
89,4.0,Ibis Abdelmoumen Casa,3,positive
5528,4.0,Ibis Rabat Agdal,5,positive
6398,3.5,Ibis Tanger City Center,2,neutral
4417,5.0,Ibis Marrakech Palmeraie,6,positive
402,4.0,Ibis Casa Sidi Maarouf,9,positive
2441,4.0,Ibis El Jadida,8,positive
4488,1.0,Ibis Marrakech Palmeraie,2,negative
4457,3.5,Ibis Marrakech Palmeraie,1,neutral
4132,2.0,Ibis Marrakech Centre Gare,1,negative
272,3.0,Ibis Casa Sidi Maarouf,8,neutral
4734,0.5,Ibis Meknès,4,negative
216,1.0,Ibis Abdelmoumen Casa,2,negative
5531,5.0,Ibis Rabat Agdal,3,positive
227,3.5,Ibis Abdelmoumen Casa,4,neutral
3094,4.0,Ibis Fès,2,positive
2978,5.0,Ibis Fès,3,positive
5223,3.0,Ibis Ouarzazate Centre,4,neutral
220,3.0,Ibis Abdelmoumen Casa,3,neutral
1887,3.5,Ibis Casablanca City Center,3,neutral
5167,5.0,Ibis Ouarzazate Centre,9,positive
3865,4.0,Ibis Marrakech Centre Gare,8,positive
6235,0.5,Ibis Tanger City Center,1,negative
4253,0.5,Ibis Marrakech Centre Gare,1,negative
3517,3.0,Ibis Marrakech Centre Gare,5,neutral
3925,0.5,Ibis Marrakech Centre Gare,2,negative
6355,2.0,Ibis Tanger City Center,1,negative
1386,2.0,Ibis Casablanca City Center,2,negative
2901,4.0,Ibis Fès,3,positive
1211,3.5,Ibis Casa Voyageurs,6,neutral
6406,4.5,Ibis Tanger City Center,1,positive
957,2.0,Ibis Casa Voyageurs,2,negative
1967,3.5,Ibis Casablanca City Center,2,neutral
3955,4.0,Ibis Marrakech Centre Gare,7,positive
5159,2.5,Ibis Ouarzazate Centre,5,negative
3023,4.0,Ibis Fès,1,positive
5420,5.0,Ibis Oujda,5,positive
3226,3.0,Ibis Marrakech Centre Gare,7,neutral
4010,1.5,Ibis Marrakech Centre Gare,1,negative
4672,5.0,Ibis Meknès,4,positive
6411,2.0,Ibis Tanger City Center,5,negative
4562,4.5,Ibis Marrakech Palmeraie,2,positive
5077,1.0,Ibis Ouarzazate Centre,8,negative
6120,1.5,Ibis Tanger City Center,3,negative
5331,2.5,Ibis Ouarzazate Centre,1,negative
752,1.0,Ibis Casa Voyageurs,5,negative
1844,4.5,Ibis Casablanca City Center,12,positive
893,4.0,Ibis Casa Voyageurs,2,positive
1112,1.0,Ibis Casa Voyageurs,6,negative
730,5.0,Ibis Casa Voyageurs,11,positive
2595,5.0,Ibis El Jadida,15,positive
5622,5.0,Ibis Rabat Agdal,7,positive
4727,0.5,Ibis Meknès,1,negative
565,4.0,Ibis Casa Sidi Maarouf,3,positive
2118,3.0,Ibis Casablanca Nearshore,9,neutral
338,3.0,Ibis Casa Sidi Maarouf,14,neutral
6282,3.5,Ibis Tanger City Center,2,neutral
4985,2.0,Ibis Ouarzazate Centre,7,negative
1867,4.0,Ibis Casablanca City Center,4,positive
3992,3.0,Ibis Marrakech Centre Gare,7,neutral
1509,5.0,Ibis Casablanca City Center,7,positive
4387,1.0,Ibis Marrakech Palmeraie,8,negative
1725,3.5,Ibis Casablanca City Center,1,neutral
5199,4.0,Ibis Ouarzazate Centre,5,positive
3560,2.0,Ibis Marrakech Centre Gare,18,negative
4005,5.0,Ibis Marrakech Centre Gare,6,positive
5157,1.0,Ibis Ouarzazate Centre,1,negative
2253,3.0,Ibis Casablanca Nearshore,3,neutral
1672,4.5,Ibis Casablanca City Center,2,positive
4142,4.5,Ibis Marrakech Centre Gare,1,positive
2299,5.0,Ibis Casablanca Nearshore,4,positive
4026,2.5,Ibis Marrakech Centre Gare,3,negative
3313,3.0,Ibis Marrakech Centre Gare,5,neutral
3715,5.0,Ibis Marrakech Centre Gare,1,positive
2100,5.0,Ibis Casablanca Nearshore,4,positive
4622,3.0,Ibis Meknès,2,neutral
5922,2.0,Ibis Tanger City Center,6,negative
4720,1.5,Ibis Meknès,9,negative
1203,4.5,Ibis Casa Voyageurs,1,positive
1703,2.0,Ibis Casablanca City Center,2,negative
1661,4.0,Ibis Casablanca City Center,1,positive
2243,2.0,Ibis Casablanca Nearshore,1,negative
5968,5.0,Ibis Tanger City Center,5,positive
3975,4.0,Ibis Marrakech Centre Gare,8,positive
3472,1.0,Ibis Marrakech Centre Gare,2,negative
6248,2.0,Ibis Tanger City Center,1,negative
4120,4.5,Ibis Marrakech Centre Gare,2,positive
5632,2.0,Ibis Rabat Agdal,4,negative
3225,5.0,Ibis Marrakech Centre Gare,6,positive
4786,4.0,Ibis Mohammedia,12,positive
3324,5.0,Ibis Marrakech Centre Gare,3,positive
335,5.0,Ibis Casa Sidi Maarouf,1,positive
1602,1.0,Ibis Casablanca City Center,6,negative
226,3.0,Ibis Abdelmoumen Casa,6,neutral
4531,2.0,Ibis Marrakech Palmeraie,5,negative
1969,4.0,Ibis Casablanca City Center,3,positive
1606,2.5,Ibis Casablanca City Center,4,negative
2064,5.0,Ibis Casablanca City Center,5,positive
5841,4.0,Ibis Tanger City Center,6,positive
5752,5.0,Ibis Rabat Agdal,4,positive
2815,4.0,Ibis Fès,1,positive
3977,4.5,Ibis Marrakech Centre Gare,2,positive
3073,5.0,Ibis Fès,7,positive
3525,4.0,Ibis Marrakech Centre Gare,4,positive
1622,2.5,Ibis Casablanca City Center,9,negative
5721,4.0,Ibis Rabat Agdal,1,positive
2443,2.0,Ibis El Jadida,2,negative
5662,4.5,Ibis Rabat Agdal,1,positive
3745,1.0,Ibis Marrakech Centre Gare,8,negative
151,5.0,Ibis Abdelmoumen Casa,7,positive
2410,3.0,Ibis El Jadida,5,neutral
1541,3.0,Ibis Casablanca City Center,8,neutral
6189,0.5,Ibis Tanger City Center,5,negative
3987,3.5,Ibis Marrakech Centre Gare,4,neutral
1619,1.5,Ibis Casablanca City Center,4,negative
1730,5.0,Ibis Casablanca City Center,2,positive
3461,3.0,Ibis Marrakech Centre Gare,3,neutral
5839,2.0,Ibis Tanger City Center,10,negative
1590,1.5,Ibis Casablanca City Center,1,negative
1763,4.0,Ibis Casablanca City Center,1,positive
1975,5.0,Ibis Casablanca City Center,3,positive
2281,4.5,Ibis Casablanca Nearshore,1,positive
5467,3.5,Ibis Oujda,3,neutral
3220,3.0,Ibis Marrakech Centre Gare,6,neutral
4766,4.0,Ibis Mohammedia,2,positive
1592,2.5,Ibis Casablanca City Center,2,negative
3393,2.0,Ibis Marrakech Centre Gare,7,negative
3185,2.0,Ibis Marrakech Centre Gare,7,negative
3542,3.0,Ibis Marrakech Centre Gare,5,neutral
484,5.0,Ibis Casa Sidi Maarouf,11,positive
5485,5.0,Ibis Oujda,2,positive
3862,5.0,Ibis Marrakech Centre Gare,3,positive
1521,5.0,Ibis Casablanca City Center,10,positive
694,5.0,Ibis Casa Voyageurs,7,positive
2928,5.0,Ibis Fès,5,positive
5650,2.5,Ibis Rabat Agdal,2,negative
891,3.5,Ibis Casa Voyageurs,3,neutral
1769,0.5,Ibis Casablanca City Center,1,negative
2194,2.5,Ibis Casablanca Nearshore,3,negative
1283,3.0,Ibis Casablanca City Center,14,neutral
4315,4.5,Ibis Marrakech Centre Gare,7,positive
5673,4.0,Ibis Rabat Agdal,2,positive
2391,3.0,Ibis El Jadida,2,neutral
126,4.0,Ibis Abdelmoumen Casa,3,positive
1898,0.5,Ibis Casablanca City Center,7,negative
3326,5.0,Ibis Marrakech Centre Gare,4,positive
297,3.0,Ibis Casa Sidi Maarouf,6,neutral
1020,5.0,Ibis Casa Voyageurs,6,positive
1115,4.0,Ibis Casa Voyageurs,5,positive
2216,4.0,Ibis Casablanca Nearshore,3,positive
473,0.5,Ibis Casa Sidi Maarouf,4,negative
5705,5.0,Ibis Rabat Agdal,2,positive
1122,1.5,Ibis Casa Voyageurs,4,negative
5572,2.0,Ibis Rabat Agdal,3,negative
6138,4.0,Ibis Tanger City Center,7,positive
268,4.0,Ibis Casa Sidi Maarouf,4,positive
245,4.5,Ibis Abdelmoumen Casa,2,positive
3249,4.0,Ibis Marrakech Centre Gare,10,positive
5138,3.0,Ibis Ouarzazate Centre,5,neutral
5252,4.0,Ibis Ouarzazate Centre,1,positive
3493,3.0,Ibis Marrakech Centre Gare,12,neutral
3842,1.0,Ibis Marrakech Centre Gare,3,negative
3456,2.0,Ibis Marrakech Centre Gare,3,negative
1537,3.0,Ibis Casablanca City Center,16,neutral
2565,5.0,Ibis El Jadida,1,positive
4855,5.0,Ibis Mohammedia,1,positive
2657,5.0,Ibis El Jadida,5,positive
1783,4.0,Ibis Casablanca City Center,3,positive
6364,5.0,Ibis Tanger City Center,1,positive
6409,0.5,Ibis Tanger City Center,1,negative
1750,4.0,Ibis Casablanca City Center,3,positive
1239,4.0,Ibis Casa Voyageurs,67,positive
4188,5.0,Ibis Marrakech Centre Gare,3,positive
3514,1.0,Ibis Marrakech Centre Gare,4,negative
5720,5.0,Ibis Rabat Agdal,7,positive
6172,2.0,Ibis Tanger City Center,3,negative
5898,4.0,Ibis Tanger City Center,4,positive
4899,5.0,Ibis Mohammedia,7,positive
3093,3.5,Ibis Fès,3,neutral
4322,2.5,Ibis Marrakech Centre Gare,3,negative
3315,3.0,Ibis Marrakech Centre Gare,12,neutral
1855,4.0,Ibis Casablanca City Center,1,positive
5659,3.5,Ibis Rabat Agdal,2,neutral
3061,4.0,Ibis Fès,5,positive
6253,4.0,Ibis Tanger City Center,6,positive
1308,3.0,Ibis Casablanca City Center,16,neutral
2500,2.0,Ibis El Jadida,3,negative
5292,4.5,Ibis Ouarzazate Centre,1,positive
6335,2.5,Ibis Tanger City Center,5,negative
3782,5.0,Ibis Marrakech Centre Gare,5,positive
1954,1.0,Ibis Casablanca City Center,9,negative
6085,5.0,Ibis Tanger City Center,2,positive
5759,4.0,Ibis Rabat Agdal,1,positive
4882,4.0,Ibis Mohammedia,1,positive
3698,3.0,Ibis Marrakech Centre Gare,7,neutral
4696,2.0,Ibis Meknès,3,negative
5726,1.0,Ibis Rabat Agdal,2,negative
4765,5.0,Ibis Mohammedia,3,positive
242,3.5,Ibis Abdelmoumen Casa,1,neutral
3051,5.0,Ibis Fès,4,positive
5465,5.0,Ibis Oujda,4,positive
1600,0.5,Ibis Casablanca City Center,1,negative
4482,3.0,Ibis Marrakech Palmeraie,2,neutral
3813,1.0,Ibis Marrakech Centre Gare,8,negative
1565,3.0,Ibis Casablanca City Center,1,neutral
682,5.0,Ibis Casa Voyageurs,5,positive
4940,5.0,Ibis Mohammedia,5,positive
5057,3.0,Ibis Ouarzazate Centre,7,neutral
6319,4.0,Ibis Tanger City Center,1,positive
4000,3.5,Ibis Marrakech Centre Gare,6,neutral
3644,4.0,Ibis Marrakech Centre Gare,4,positive
1889,4.0,Ibis Casablanca City Center,14,positive
5490,5.0,Ibis Oujda,6,positive
2479,5.0,Ibis El Jadida,2,positive
1074,1.5,Ibis Casa Voyageurs,2,negative
5150,3.0,Ibis Ouarzazate Centre,2,neutral
4864,1.5,Ibis Mohammedia,2,negative
1228,2.0,Ibis Casa Voyageurs,2,negative
3001,5.0,Ibis Fès,1,positive
556,3.5,Ibis Casa Sidi Maarouf,1,neutral
1468,4.0,Ibis Casablanca City Center,7,positive
4857,1.0,Ibis Mohammedia,1,negative
2054,5.0,Ibis Casablanca City Center,7,positive
3053,4.0,Ibis Fès,6,positive
4965,5.0,Ibis Mohammedia,1,positive
5690,3.0,Ibis Rabat Agdal,1,neutral
759,5.0,Ibis Casa Voyageurs,3,positive
5785,4.0,Ibis Rabat Agdal,2,positive
4886,5.0,Ibis Mohammedia,4,positive
2647,5.0,Ibis El Jadida,10,positive
4670,5.0,Ibis Meknès,1,positive
1886,2.5,Ibis Casablanca City Center,4,negative
6404,3.0,Ibis Tanger City Center,5,neutral
3768,5.0,Ibis Marrakech Centre Gare,5,positive
1052,4.5,Ibis Casa Voyageurs,5,positive
650,3.0,Ibis Casa Voyageurs,6,neutral
732,4.0,Ibis Casa Voyageurs,7,positive
4377,4.0,Ibis Marrakech Palmeraie,2,positive
765,4.0,Ibis Casa Voyageurs,10,positive
1586,4.0,Ibis Casablanca City Center,1,positive
3615,3.0,Ibis Marrakech Centre Gare,7,neutral
702,4.0,Ibis Casa Voyageurs,4,positive
5595,3.5,Ibis Rabat Agdal,1,neutral
2673,5.0,Ibis El Jadida,11,positive
1865,3.5,Ibis Casablanca City Center,3,neutral
6276,2.0,Ibis Tanger City Center,5,negative
1491,5.0,Ibis Casablanca City Center,2,positive
251,2.0,Ibis Casa Sidi Maarouf,5,negative
3429,3.0,Ibis Marrakech Centre Gare,4,neutral
3263,5.0,Ibis Marrakech Centre Gare,8,positive
5354,4.0,Ibis Ouarzazate Centre,3,positive
2867,3.0,Ibis Fès,10,neutral
1063,4.0,Ibis Casa Voyageurs,10,positive
1246,1.0,Ibis Casablanca City Center,5,negative
6262,4.0,Ibis Tanger City Center,9,positive
6348,5.0,Ibis Tanger City Center,1,positive
276,3.0,Ibis Casa Sidi Maarouf,16,neutral
2851,3.0,Ibis Fès,7,neutral
545,5.0,Ibis Casa Sidi Maarouf,8,positive
1835,2.5,Ibis Casablanca City Center,6,negative
5685,4.0,Ibis Rabat Agdal,4,positive
5741,1.0,Ibis Rabat Agdal,1,negative
5927,4.0,Ibis Tanger City Center,5,positive
2513,4.0,Ibis El Jadida,2,positive
4978,4.0,Ibis Ouarzazate Centre,2,positive
1059,3.0,Ibis Casa Voyageurs,8,neutral
1416,1.0,Ibis Casablanca City Center,8,negative
1154,1.5,Ibis Casa Voyageurs,6,negative
6260,3.0,Ibis Tanger City Center,3,neutral
3639,1.0,Ibis Marrakech Centre Gare,12,negative
470,1.5,Ibis Casa Sidi Maarouf,1,negative
5387,4.0,Ibis Oujda,6,positive
5667,0.5,Ibis Rabat Agdal,1,negative
4071,5.0,Ibis Marrakech Centre Gare,2,positive
796,4.5,Ibis Casa Voyageurs,2,positive
5961,2.0,Ibis Tanger City Center,14,negative
5398,3.0,Ibis Oujda,6,neutral
5357,5.0,Ibis Ouarzazate Centre,6,positive
5980,5.0,Ibis Tanger City Center,7,positive
2892,5.0,Ibis Fès,2,positive
1851,2.5,Ibis Casablanca City Center,1,negative
1102,3.5,Ibis Casa Voyageurs,1,neutral
4563,5.0,Ibis Marrakech Palmeraie,10,positive
5032,1.0,Ibis Ouarzazate Centre,4,negative
425,2.0,Ibis Casa Sidi Maarouf,8,negative
2556,1.0,Ibis El Jadida,4,negative
688,4.0,Ibis Casa Voyageurs,7,positive
4808,5.0,Ibis Mohammedia,1,positive
1264,5.0,Ibis Casablanca City Center,15,positive
617,1.0,Ibis Casa Voyageurs,9,negative
1434,4.0,Ibis Casablanca City Center,7,positive
1418,3.0,Ibis Casablanca City Center,5,neutral
2205,1.0,Ibis Casablanca Nearshore,6,negative
2377,3.0,Ibis El Jadida,7,neutral
6220,2.0,Ibis Tanger City Center,3,negative
6300,4.0,Ibis Tanger City Center,3,positive
5850,3.0,Ibis Tanger City Center,7,neutral
839,1.5,Ibis Casa Voyageurs,3,negative
900,0.5,Ibis Casa Voyageurs,1,negative
3592,4.0,Ibis Marrakech Centre Gare,13,positive
4267,1.0,Ibis Marrakech Centre Gare,1,negative
2593,5.0,Ibis El Jadida,15,positive
2300,5.0,Ibis Casablanca Nearshore,2,positive
4871,0.5,Ibis Mohammedia,1,negative
4598,5.0,Ibis Marrakech Palmeraie,1,positive
1075,2.0,Ibis Casa Voyageurs,3,negative
789,1.0,Ibis Casa Voyageurs,1,negative
791,3.0,Ibis Casa Voyageurs,1,neutral
2675,5.0,Ibis El Jadida,2,positive
4406,4.0,Ibis Marrakech Palmeraie,4,positive
3841,3.0,Ibis Marrakech Centre Gare,9,neutral
4551,1.5,Ibis Marrakech Palmeraie,2,negative
621,3.0,Ibis Casa Voyageurs,3,neutral
2878,5.0,Ibis Fès,5,positive
3453,3.0,Ibis Marrakech Centre Gare,7,neutral
3283,3.0,Ibis Marrakech Centre Gare,12,neutral
5582,4.0,Ibis Rabat Agdal,2,positive
3935,5.0,Ibis Marrakech Centre Gare,4,positive
1759,2.5,Ibis Casablanca City Center,4,negative
2507,5.0,Ibis El Jadida,2,positive
5489,5.0,Ibis Oujda,4,positive
104,5.0,Ibis Abdelmoumen Casa,14,positive
4344,1.0,Ibis Marrakech Centre Gare,1,negative
4172,5.0,Ibis Marrakech Centre Gare,5,positive
636,4.0,Ibis Casa Voyageurs,6,positive
3600,3.0,Ibis Marrakech Centre Gare,7,neutral
5496,5.0,Ibis Oujda,10,positive
4323,2.5,Ibis Marrakech Centre Gare,2,negative
4039,3.0,Ibis Marrakech Centre Gare,3,neutral
6186,5.0,Ibis Tanger City Center,6,positive
1064,4.5,Ibis Casa Voyageurs,4,positive
2792,4.0,Ibis Fès,12,positive
6232,3.5,Ibis Tanger City Center,3,neutral
5888,1.0,Ibis Tanger City Center,3,negative
3019,0.5,Ibis Fès,16,negative
3520,3.0,Ibis Marrakech Centre Gare,8,neutral
5113,5.0,Ibis Ouarzazate Centre,3,positive
186,5.0,Ibis Abdelmoumen Casa,4,positive
5374,3.0,Ibis Ouarzazate Centre,2,neutral
2957,4.0,Ibis Fès,1,positive
5338,5.0,Ibis Ouarzazate Centre,7,positive
4831,1.0,Ibis Mohammedia,2,negative
3029,3.5,Ibis Fès,14,neutral
543,5.0,Ibis Casa Sidi Maarouf,6,positive
805,4.0,Ibis Casa Voyageurs,1,positive
4606,5.0,Ibis Marrakech Palmeraie,2,positive
5664,1.0,Ibis Rabat Agdal,2,negative
3416,5.0,Ibis Marrakech Centre Gare,4,positive
270,4.0,Ibis Casa Sidi Maarouf,11,positive
1334,2.0,Ibis Casablanca City Center,16,negative
2635,5.0,Ibis El Jadida,9,positive
6174,4.0,Ibis Tanger City Center,4,positive
185,5.0,Ibis Abdelmoumen Casa,20,positive
3111,5.0,Ibis Fès,3,positive
5394,2.0,Ibis Oujda,6,negative
6370,3.5,Ibis Tanger City Center,1,neutral
832,4.5,Ibis Casa Voyageurs,5,positive
3395,1.0,Ibis Marrakech Centre Gare,5,negative
990,4.5,Ibis Casa Voyageurs,1,positive
142,3.5,Ibis Abdelmoumen Casa,2,neutral
5225,3.5,Ibis Ouarzazate Centre,3,neutral
3984,2.5,Ibis Marrakech Centre Gare,1,negative
2984,3.0,Ibis Fès,7,neutral
2688,4.0,Ibis El Jadida,1,positive
2557,1.0,Ibis El Jadida,28,negative
420,2.0,Ibis Casa Sidi Maarouf,19,negative
2264,4.0,Ibis Casablanca Nearshore,1,positive
766,4.0,Ibis Casa Voyageurs,7,positive
4713,3.0,Ibis Meknès,5,neutral
5678,3.5,Ibis Rabat Agdal,3,neutral
4915,4.5,Ibis Mohammedia,2,positive
5917,1.0,Ibis Tanger City Center,1,negative
372,3.0,Ibis Casa Sidi Maarouf,6,neutral
2462,2.0,Ibis El Jadida,4,negative
620,5.0,Ibis Casa Voyageurs,4,positive
2750,3.0,Ibis Fès,6,neutral
1811,4.0,Ibis Casablanca City Center,5,positive
1261,3.0,Ibis Casablanca City Center,6,neutral
2594,5.0,Ibis El Jadida,16,positive
5716,5.0,Ibis Rabat Agdal,1,positive
3990,5.0,Ibis Marrakech Centre Gare,1,positive
157,5.0,Ibis Abdelmoumen Casa,2,positive
583,1.0,Ibis Casa Sidi Maarouf,1,negative
5261,0.5,Ibis Ouarzazate Centre,3,negative
966,0.5,Ibis Casa Voyageurs,1,negative
6137,4.0,Ibis Tanger City Center,2,positive
2691,2.0,Ibis El Jadida,2,negative
3786,5.0,Ibis Marrakech Centre Gare,2,positive
5271,4.0,Ibis Ouarzazate Centre,6,positive
4868,1.0,Ibis Mohammedia,6,negative
188,2.5,Ibis Abdelmoumen Casa,2,negative
1315,4.0,Ibis Casablanca City Center,14,positive
559,5.0,Ibis Casa Sidi Maarouf,4,positive
4512,4.5,Ibis Marrakech Palmeraie,1,positive
4944,4.0,Ibis Mohammedia,1,positive
3470,1.0,Ibis Marrakech Centre Gare,4,negative
4703,3.0,Ibis Meknès,2,neutral
5808,5.0,Ibis Rabat Agdal,6,positive
6006,4.0,Ibis Tanger City Center,3,positive
2753,3.0,Ibis Fès,8,neutral
1490,5.0,Ibis Casablanca City Center,6,positive
5020,1.0,Ibis Ouarzazate Centre,3,negative
844,2.5,Ibis Casa Voyageurs,1,negative
81,5.0,Ibis Abdelmoumen Casa,1,positive
2258,0.5,Ibis Casablanca Nearshore,2,negative
1510,5.0,Ibis Casablanca City Center,6,positive
334,2.0,Ibis Casa Sidi Maarouf,4,negative
5504,3.0,Ibis Oujda,4,neutral
2005,5.0,Ibis Casablanca City Center,7,positive
4558,0.5,Ibis Marrakech Palmeraie,8,negative
1120,5.0,Ibis Casa Voyageurs,1,positive
523,4.5,Ibis Casa Sidi Maarouf,1,positive
5657,5.0,Ibis Rabat Agdal,1,positive
5174,5.0,Ibis Ouarzazate Centre,5,positive
4575,2.5,Ibis Marrakech Palmeraie,1,negative
2972,3.0,Ibis Fès,6,neutral
2421,4.0,Ibis El Jadida,6,positive
846,3.5,Ibis Casa Voyageurs,22,neutral
3383,1.0,Ibis Marrakech Centre Gare,13,negative
6104,1.5,Ibis Tanger City Center,1,negative
2663,5.0,Ibis El Jadida,5,positive
1151,5.0,Ibis Casa Voyageurs,1,positive
4055,5.0,Ibis Marrakech Centre Gare,2,positive
1076,2.0,Ibis Casa Voyageurs,1,negative
3212,5.0,Ibis Marrakech Centre Gare,6,positive
3181,3.0,Ibis Marrakech Centre Gare,8,neutral
4700,5.0,Ibis Meknès,1,positive
3722,1.0,Ibis Marrakech Centre Gare,20,negative
55,5.0,Ibis Abdelmoumen Casa,1,positive
907,4.0,Ibis Casa Voyageurs,4,positive
2065,5.0,Ibis Casablanca City Center,3,positive
1918,5.0,Ibis Casablanca City Center,7,positive
2563,4.0,Ibis El Jadida,3,positive
1316,3.0,Ibis Casablanca City Center,4,neutral
6269,4.0,Ibis Tanger City Center,1,positive
499,5.0,Ibis Casa Sidi Maarouf,5,positive
1612,4.0,Ibis Casablanca City Center,8,positive
3891,2.5,Ibis Marrakech Centre Gare,2,negative
2304,3.0,Ibis Casablanca Nearshore,5,neutral
1901,1.5,Ibis Casablanca City Center,1,negative
4624,1.0,Ibis Meknès,2,negative
5505,4.0,Ibis Oujda,4,positive
1615,5.0,Ibis Casablanca City Center,3,positive
4508,1.0,Ibis Marrakech Palmeraie,3,negative
746,5.0,Ibis Casa Voyageurs,2,positive
2955,2.5,Ibis Fès,1,negative
3176,4.0,Ibis Fès,3,positive
102,5.0,Ibis Abdelmoumen Casa,5,positive
5463,5.0,Ibis Oujda,14,positive
2843,4.0,Ibis Fès,12,positive
6286,5.0,Ibis Tanger City Center,16,positive
3009,3.0,Ibis Fès,1,neutral
3721,5.0,Ibis Marrakech Centre Gare,9,positive
4304,1.5,Ibis Marrakech Centre Gare,9,negative
4717,3.5,Ibis Meknès,5,neutral
1097,4.5,Ibis Casa Voyageurs,1,positive
4692,3.5,Ibis Meknès,1,neutral
1807,3.0,Ibis Casablanca City Center,2,neutral
3678,1.0,Ibis Marrakech Centre Gare,2,negative
1152,0.5,Ibis Casa Voyageurs,1,negative
4473,1.5,Ibis Marrakech Palmeraie,1,negative
3132,4.0,Ibis Fès,4,positive
1345,2.0,Ibis Casablanca City Center,5,negative
3058,3.0,Ibis Fès,1,neutral
646,5.0,Ibis Casa Voyageurs,10,positive
906,3.5,Ibis Casa Voyageurs,1,neutral
3620,2.0,Ibis Marrakech Centre Gare,1,negative
1275,3.0,Ibis Casablanca City Center,6,neutral
2802,4.0,Ibis Fès,15,positive
1857,4.0,Ibis Casablanca City Center,3,positive
6122,2.5,Ibis Tanger City Center,3,negative
183,3.0,Ibis Abdelmoumen Casa,10,neutral
5,4.0,Ibis Abdelmoumen Casa,5,positive
2650,3.0,Ibis El Jadida,2,neutral
3756,1.0,Ibis Marrakech Centre Gare,10,negative
3799,4.0,Ibis Marrakech Centre Gare,11,positive
5537,3.0,Ibis Rabat Agdal,4,neutral
5224,3.5,Ibis Ouarzazate Centre,6,neutral
5637,4.0,Ibis Rabat Agdal,5,positive
214,5.0,Ibis Abdelmoumen Casa,3,positive
5127,3.0,Ibis Ouarzazate Centre,6,neutral
3311,4.0,Ibis Marrakech Centre Gare,6,positive
1429,4.0,Ibis Casablanca City Center,2,positive
4625,4.0,Ibis Meknès,2,positive
68,5.0,Ibis Abdelmoumen Casa,5,positive
3895,4.0,Ibis Marrakech Centre Gare,10,positive
3877,4.0,Ibis Marrakech Centre Gare,14,positive
3175,3.0,Ibis Fès,60,neutral
1036,4.0,Ibis Casa Voyageurs,4,positive
4030,3.5,Ibis Marrakech Centre Gare,3,neutral
6184,4.0,Ibis Tanger City Center,1,positive
3361,2.0,Ibis Marrakech Centre Gare,5,negative
2975,5.0,Ibis Fès,1,positive
6301,5.0,Ibis Tanger City Center,4,positive
5014,4.0,Ibis Ouarzazate Centre,5,positive
3286,5.0,Ibis Marrakech Centre Gare,7,positive
2460,5.0,Ibis El Jadida,9,positive
1569,4.0,Ibis Casablanca City Center,1,positive
4407,3.0,Ibis Marrakech Palmeraie,4,neutral
2271,5.0,Ibis Casablanca Nearshore,8,positive
4372,4.0,Ibis Marrakech Palmeraie,4,positive
1805,2.0,Ibis Casablanca City Center,4,negative
1125,2.5,Ibis Casa Voyageurs,2,negative
4688,3.0,Ibis Meknès,1,neutral
6225,3.5,Ibis Tanger City Center,4,neutral
2695,4.0,Ibis El Jadida,8,positive
3379,2.0,Ibis Marrakech Centre Gare,6,negative
5979,4.0,Ibis Tanger City Center,8,positive
125,3.0,Ibis Abdelmoumen Casa,2,neutral
4393,5.0,Ibis Marrakech Palmeraie,6,positive
4098,2.5,Ibis Marrakech Centre Gare,6,negative
2578,3.5,Ibis El Jadida,1,neutral
1542,4.0,Ibis Casablanca City Center,3,positive
5881,3.0,Ibis Tanger City Center,8,neutral
35,0.5,Ibis Abdelmoumen Casa,2,negative
6247,1.0,Ibis Tanger City Center,3,negative
1714,4.0,Ibis Casablanca City Center,2,positive
4549,0.5,Ibis Marrakech Palmeraie,1,negative
1071,5.0,Ibis Casa Voyageurs,5,positive
3843,2.0,Ibis Marrakech Centre Gare,14,negative
1884,4.5,Ibis Casablanca City Center,1,positive
2589,0.5,Ibis El Jadida,8,negative
1733,5.0,Ibis Casablanca City Center,1,positive
2569,5.0,Ibis El Jadida,1,positive
1562,4.0,Ibis Casablanca City Center,5,positive
604,5.0,Ibis Casa Sidi Maarouf,1,positive
2425,5.0,Ibis El Jadida,3,positive
5450,3.5,Ibis Oujda,2,neutral
1736,0.5,Ibis Casablanca City Center,1,negative
3636,4.0,Ibis Marrakech Centre Gare,8,positive
100,4.5,Ibis Abdelmoumen Casa,2,positive
353,2.0,Ibis Casa Sidi Maarouf,6,negative
3926,1.0,Ibis Marrakech Centre Gare,4,negative
4249,4.0,Ibis Marrakech Centre Gare,5,positive
849,4.0,Ibis Casa Voyageurs,8,positive
1053,4.5,Ibis Casa Voyageurs,3,positive
1735,0.5,Ibis Casablanca City Center,3,negative
5435,5.0,Ibis Oujda,3,positive
1256,3.0,Ibis Casablanca City Center,15,neutral
5273,4.5,Ibis Ouarzazate Centre,23,positive
5491,5.0,Ibis Oujda,4,positive
1527,3.0,Ibis Casablanca City Center,3,neutral
5663,5.0,Ibis Rabat Agdal,1,positive
1070,5.0,Ibis Casa Voyageurs,7,positive
1907,3.0,Ibis Casablanca City Center,1,neutral
2251,2.5,Ibis Casablanca Nearshore,2,negative
6096,5.0,Ibis Tanger City Center,12,positive
2813,4.0,Ibis Fès,12,positive
5423,5.0,Ibis Oujda,3,positive
258,3.0,Ibis Casa Sidi Maarouf,8,neutral
1694,3.5,Ibis Casablanca City Center,4,neutral
5780,5.0,Ibis Rabat Agdal,1,positive
929,3.0,Ibis Casa Voyageurs,5,neutral
6410,1.5,Ibis Tanger City Center,4,negative
6147,4.0,Ibis Tanger City Center,15,positive
2918,5.0,Ibis Fès,1,positive
62,4.5,Ibis Abdelmoumen Casa,3,positive
2558,2.0,Ibis El Jadida,28,negative
5016,4.0,Ibis Ouarzazate Centre,6,positive
2183,1.0,Ibis Casablanca Nearshore,4,negative
5454,5.0,Ibis Oujda,5,positive
6256,5.0,Ibis Tanger City Center,1,positive
1015,4.5,Ibis Casa Voyageurs,3,positive
2609,2.0,Ibis El Jadida,2,negative
5036,4.0,Ibis Ouarzazate Centre,6,positive
6245,5.0,Ibis Tanger City Center,1,positive
5526,4.0,Ibis Rabat Agdal,2,positive
2480,5.0,Ibis El Jadida,5,positive
5116,3.0,Ibis Ouarzazate Centre,6,neutral
1368,3.0,Ibis Casablanca City Center,3,neutral
774,5.0,Ibis Casa Voyageurs,11,positive
2642,1.5,Ibis El Jadida,2,negative
2804,2.0,Ibis Fès,6,negative
622,3.0,Ibis Casa Voyageurs,14,neutral
2244,0.5,Ibis Casablanca Nearshore,3,negative
423,5.0,Ibis Casa Sidi Maarouf,1,positive
5329,4.5,Ibis Ouarzazate Centre,2,positive
2201,4.5,Ibis Casablanca Nearshore,5,positive
1584,2.5,Ibis Casablanca City Center,2,negative
2749,4.0,Ibis Fès,4,positive
4390,1.0,Ibis Marrakech Palmeraie,1,negative
3819,5.0,Ibis Marrakech Centre Gare,7,positive
3079,2.0,Ibis Fès,5,negative
6033,5.0,Ibis Tanger City Center,4,positive
263,4.0,Ibis Casa Sidi Maarouf,2,positive
4497,4.5,Ibis Marrakech Palmeraie,2,positive
5468,4.0,Ibis Oujda,7,positive
1362,1.0,Ibis Casablanca City Center,4,negative
5547,5.0,Ibis Rabat Agdal,3,positive
2794,3.0,Ibis Fès,3,neutral
1068,5.0,Ibis Casa Voyageurs,2,positive
943,4.0,Ibis Casa Voyageurs,3,positive
2060,4.0,Ibis Casablanca City Center,16,positive
4262,1.0,Ibis Marrakech Centre Gare,10,negative
1503,5.0,Ibis Casablanca City Center,6,positive
5893,5.0,Ibis Tanger City Center,7,positive
1799,4.5,Ibis Casablanca City Center,8,positive
2313,3.0,Ibis Casablanca Nearshore,4,neutral
1159,3.0,Ibis Casa Voyageurs,7,neutral
6191,2.0,Ibis Tanger City Center,5,negative
3672,5.0,Ibis Marrakech Centre Gare,12,positive
6311,0.5,Ibis Tanger City Center,1,negative
3203,3.0,Ibis Marrakech Centre Gare,9,neutral
5427,5.0,Ibis Oujda,4,positive
3126,2.5,Ibis Fès,1,negative
3774,5.0,Ibis Marrakech Centre Gare,4,positive
745,1.0,Ibis Casa Voyageurs,1,negative
3810,2.0,Ibis Marrakech Centre Gare,12,negative
6295,1.5,Ibis Tanger City Center,2,negative
1978,5.0,Ibis Casablanca City Center,4,positive
3490,3.0,Ibis Marrakech Centre Gare,5,neutral
4524,3.0,Ibis Marrakech Palmeraie,1,neutral
3661,4.0,Ibis Marrakech Centre Gare,10,positive
4481,2.0,Ibis Marrakech Palmeraie,6,negative
879,3.5,Ibis Casa Voyageurs,3,neutral
4585,5.0,Ibis Marrakech Palmeraie,6,positive
1458,5.0,Ibis Casablanca City Center,3,positive
4157,1.5,Ibis Marrakech Centre Gare,2,negative
2142,3.0,Ibis Casablanca Nearshore,3,neutral
2627,5.0,Ibis El Jadida,12,positive
29,4.0,Ibis Abdelmoumen Casa,3,positive
2683,5.0,Ibis El Jadida,1,positive
3502,3.0,Ibis Marrakech Centre Gare,2,neutral
3297,5.0,Ibis Marrakech Centre Gare,6,positive
3965,1.5,Ibis Marrakech Centre Gare,1,negative
1142,3.0,Ibis Casa Voyageurs,4,neutral
1926,5.0,Ibis Casablanca City Center,2,positive
182,2.0,Ibis Abdelmoumen Casa,6,negative
6372,4.5,Ibis Tanger City Center,1,positive
161,2.5,Ibis Abdelmoumen Casa,1,negative
4583,4.5,Ibis Marrakech Palmeraie,1,positive
5147,1.0,Ibis Ouarzazate Centre,6,negative
6070,5.0,Ibis Tanger City Center,1,positive
3483,2.0,Ibis Marrakech Centre Gare,6,negative
2452,5.0,Ibis El Jadida,10,positive
1363,2.0,Ibis Casablanca City Center,11,negative
331,2.0,Ibis Casa Sidi Maarouf,7,negative
2551,1.0,Ibis El Jadida,1,negative
1323,4.0,Ibis Casablanca City Center,9,positive
2855,4.0,Ibis Fès,14,positive
2006,2.0,Ibis Casablanca City Center,2,negative
5464,5.0,Ibis Oujda,4,positive
3701,2.0,Ibis Marrakech Centre Gare,3,negative
3521,4.0,Ibis Marrakech Centre Gare,5,positive
2898,5.0,Ibis Fès,17,positive
229,5.0,Ibis Abdelmoumen Casa,3,positive
238,1.0,Ibis Abdelmoumen Casa,5,negative
4079,2.0,Ibis Marrakech Centre Gare,8,negative
600,4.0,Ibis Casa Sidi Maarouf,6,positive
4423,5.0,Ibis Marrakech Palmeraie,1,positive
5818,4.0,Ibis Tanger City Center,3,positive
487,5.0,Ibis Casa Sidi Maarouf,1,positive
4303,5.0,Ibis Marrakech Centre Gare,6,positive
1004,5.0,Ibis Casa Voyageurs,4,positive
580,5.0,Ibis Casa Sidi Maarouf,1,positive
2199,5.0,Ibis Casablanca Nearshore,6,positive
5234,2.5,Ibis Ouarzazate Centre,4,negative
4383,4.0,Ibis Marrakech Palmeraie,1,positive
3221,3.0,Ibis Marrakech Centre Gare,6,neutral
5492,0.5,Ibis Oujda,2,negative
2364,4.0,Ibis El Jadida,6,positive
3418,3.0,Ibis Marrakech Centre Gare,7,neutral
1960,2.5,Ibis Casablanca City Center,5,negative
3102,2.0,Ibis Fès,6,negative
5854,4.0,Ibis Tanger City Center,2,positive
5222,5.0,Ibis Ouarzazate Centre,1,positive
3749,5.0,Ibis Marrakech Centre Gare,5,positive
16,1.0,Ibis Abdelmoumen Casa,1,negative
5169,0.5,Ibis Ouarzazate Centre,3,negative
2924,5.0,Ibis Fès,3,positive
2036,3.5,Ibis Casablanca City Center,4,neutral
2814,3.0,Ibis Fès,6,neutral
4721,3.5,Ibis Meknès,5,neutral
5231,5.0,Ibis Ouarzazate Centre,2,positive
5497,5.0,Ibis Oujda,1,positive
2087,4.0,Ibis Casablanca Nearshore,1,positive
2340,5.0,Ibis Casablanca Nearshore,11,positive
3528,4.0,Ibis Marrakech Centre Gare,2,positive
404,1.0,Ibis Casa Sidi Maarouf,4,negative
2316,3.5,Ibis Casablanca Nearshore,1,neutral
1465,1.0,Ibis Casablanca City Center,3,negative
2574,0.5,Ibis El Jadida,2,negative
280,4.0,Ibis Casa Sidi Maarouf,19,positive
1147,4.0,Ibis Casa Voyageurs,4,positive
1226,5.0,Ibis Casa Voyageurs,1,positive
1382,4.0,Ibis Casablanca City Center,7,positive
632,5.0,Ibis Casa Voyageurs,6,positive
1637,3.0,Ibis Casablanca City Center,5,neutral
2403,3.0,Ibis El Jadida,6,neutral
5395,5.0,Ibis Oujda,5,positive
5447,5.0,Ibis Oujda,4,positive
4135,2.5,Ibis Marrakech Centre Gare,2,negative
4044,5.0,Ibis Marrakech Centre Gare,5,positive
4639,4.0,Ibis Meknès,6,positive
3787,5.0,Ibis Marrakech Centre Gare,6,positive
93,5.0,Ibis Abdelmoumen Casa,2,positive
6022,4.0,Ibis Tanger City Center,6,positive
782,4.0,Ibis Casa Voyageurs,2,positive
2630,5.0,Ibis El Jadida,3,positive
772,5.0,Ibis Casa Voyageurs,1,positive
944,4.0,Ibis Casa Voyageurs,1,positive
5476,5.0,Ibis Oujda,3,positive
5306,4.0,Ibis Ouarzazate Centre,2,positive
1512,2.0,Ibis Casablanca City Center,3,negative
5591,5.0,Ibis Rabat Agdal,1,positive
4286,4.5,Ibis Marrakech Centre Gare,10,positive
3850,4.0,Ibis Marrakech Centre Gare,4,positive
5498,5.0,Ibis Oujda,3,positive
2652,5.0,Ibis El Jadida,1,positive
4073,3.0,Ibis Marrakech Centre Gare,1,neutral
978,1.0,Ibis Casa Voyageurs,8,negative
6294,1.5,Ibis Tanger City Center,4,negative
2709,4.0,Ibis Fès,26,positive
3676,4.0,Ibis Marrakech Centre Gare,3,positive
2076,3.0,Ibis Casablanca City Center,1,neutral
4811,4.5,Ibis Mohammedia,2,positive
1013,4.0,Ibis Casa Voyageurs,1,positive
3870,1.0,Ibis Marrakech Centre Gare,5,negative
2784,3.0,Ibis Fès,4,neutral
4321,2.0,Ibis Marrakech Centre Gare,18,negative
6052,2.5,Ibis Tanger City Center,2,negative
1472,4.0,Ibis Casablanca City Center,6,positive
6330,1.0,Ibis Tanger City Center,9,negative
743,5.0,Ibis Casa Voyageurs,6,positive
3232,4.0,Ibis Marrakech Centre Gare,7,positive
2864,4.0,Ibis Fès,25,positive
389,2.0,Ibis Casa Sidi Maarouf,25,negative
4943,3.5,Ibis Mohammedia,5,neutral
3092,0.5,Ibis Fès,3,negative
4337,4.0,Ibis Marrakech Centre Gare,3,positive
3362,3.0,Ibis Marrakech Centre Gare,20,neutral
5561,5.0,Ibis Rabat Agdal,2,positive
2788,3.0,Ibis Fès,4,neutral
1106,4.5,Ibis Casa Voyageurs,1,positive
2803,5.0,Ibis Fès,8,positive
1153,1.0,Ibis Casa Voyageurs,1,negative
4518,5.0,Ibis Marrakech Palmeraie,1,positive
6044,3.0,Ibis Tanger City Center,3,neutral
3582,5.0,Ibis Marrakech Centre Gare,7,positive
4752,5.0,Ibis Mohammedia,2,positive
1402,2.0,Ibis Casablanca City Center,8,negative
5782,0.5,Ibis Rabat Agdal,1,negative
6265,1.5,Ibis Tanger City Center,1,negative
2140,5.0,Ibis Casablanca Nearshore,6,positive
5462,5.0,Ibis Oujda,5,positive
33,5.0,Ibis Abdelmoumen Casa,3,positive
870,3.5,Ibis Casa Voyageurs,1,neutral
3783,5.0,Ibis Marrakech Centre Gare,8,positive
5166,4.0,Ibis Ouarzazate Centre,10,positive
4994,4.0,Ibis Ouarzazate Centre,9,positive
2393,3.0,Ibis El Jadida,7,neutral
4503,0.5,Ibis Marrakech Palmeraie,5,negative
508,5.0,Ibis Casa Sidi Maarouf,5,positive
2375,3.0,Ibis El Jadida,6,neutral
3966,2.0,Ibis Marrakech Centre Gare,4,negative
3259,4.0,Ibis Marrakech Centre Gare,10,positive
2116,2.0,Ibis Casablanca Nearshore,4,negative
6353,2.0,Ibis Tanger City Center,1,negative
2707,3.0,Ibis Fès,5,neutral
2949,5.0,Ibis Fès,1,positive
3952,3.5,Ibis Marrakech Centre Gare,2,neutral
2149,4.0,Ibis Casablanca Nearshore,4,positive
5710,3.0,Ibis Rabat Agdal,4,neutral
342,4.0,Ibis Casa Sidi Maarouf,5,positive
4062,5.0,Ibis Marrakech Centre Gare,2,positive
2439,5.0,Ibis El Jadida,7,positive
292,4.0,Ibis Casa Sidi Maarouf,12,positive
2040,5.0,Ibis Casablanca City Center,4,positive
4450,5.0,Ibis Marrakech Palmeraie,1,positive
4298,4.0,Ibis Marrakech Centre Gare,1,positive
685,1.0,Ibis Casa Voyageurs,16,negative
5956,5.0,Ibis Tanger City Center,3,positive
706,5.0,Ibis Casa Voyageurs,9,positive
2361,3.0,Ibis El Jadida,4,neutral
6275,1.5,Ibis Tanger City Center,3,negative
5203,0.5,Ibis Ouarzazate Centre,1,negative
1394,4.0,Ibis Casablanca City Center,4,positive
3586,4.0,Ibis Marrakech Centre Gare,3,positive
2535,5.0,Ibis El Jadida,6,positive
827,3.5,Ibis Casa Voyageurs,1,neutral
1726,3.5,Ibis Casablanca City Center,2,neutral
4219,1.5,Ibis Marrakech Centre Gare,5,negative
218,2.5,Ibis Abdelmoumen Casa,4,negative
2449,4.0,Ibis El Jadida,4,positive
5397,4.0,Ibis Oujda,10,positive
5638,4.0,Ibis Rabat Agdal,1,positive
972,4.5,Ibis Casa Voyageurs,2,positive
4799,2.0,Ibis Mohammedia,2,negative
469,1.0,Ibis Casa Sidi Maarouf,2,negative
863,4.0,Ibis Casa Voyageurs,4,positive
40,5.0,Ibis Abdelmoumen Casa,7,positive
264,4.0,Ibis Casa Sidi Maarouf,19,positive
21,4.0,Ibis Abdelmoumen Casa,2,positive
5432,4.5,Ibis Oujda,4,positive
1170,2.5,Ibis Casa Voyageurs,2,negative
6130,4.5,Ibis Tanger City Center,1,positive
1581,5.0,Ibis Casablanca City Center,3,positive
831,4.0,Ibis Casa Voyageurs,2,positive
5414,5.0,Ibis Oujda,2,positive
2409,4.0,Ibis El Jadida,3,positive
75,5.0,Ibis Abdelmoumen Casa,14,positive
639,4.0,Ibis Casa Voyageurs,10,positive
4058,3.0,Ibis Marrakech Centre Gare,1,neutral
3933,4.0,Ibis Marrakech Centre Gare,6,positive
3040,3.5,Ibis Fès,4,neutral
3530,3.0,Ibis Marrakech Centre Gare,6,neutral
2550,0.5,Ibis El Jadida,1,negative
3277,4.0,Ibis Marrakech Centre Gare,13,positive
3998,2.5,Ibis Marrakech Centre Gare,2,negative
1419,3.0,Ibis Casablanca City Center,4,neutral
3027,2.5,Ibis Fès,4,negative
4485,0.5,Ibis Marrakech Palmeraie,1,negative
2495,5.0,Ibis El Jadida,5,positive
3684,4.0,Ibis Marrakech Centre Gare,28,positive
5945,5.0,Ibis Tanger City Center,4,positive
1081,3.5,Ibis Casa Voyageurs,2,neutral
4516,4.0,Ibis Marrakech Palmeraie,2,positive
5054,4.0,Ibis Ouarzazate Centre,16,positive
2239,5.0,Ibis Casablanca Nearshore,1,positive
4976,5.0,Ibis Mohammedia,4,positive
4494,3.5,Ibis Marrakech Palmeraie,4,neutral
1012,4.0,Ibis Casa Voyageurs,2,positive
3588,5.0,Ibis Marrakech Centre Gare,7,positive
2923,4.0,Ibis Fès,6,positive
6240,2.0,Ibis Tanger City Center,2,negative
4592,4.0,Ibis Marrakech Palmeraie,7,positive
4243,1.0,Ibis Marrakech Centre Gare,7,negative
6320,4.0,Ibis Tanger City Center,4,positive
4476,1.0,Ibis Marrakech Palmeraie,1,negative
903,2.5,Ibis Casa Voyageurs,3,negative
4568,1.5,Ibis Marrakech Palmeraie,2,negative
4222,2.0,Ibis Marrakech Centre Gare,1,negative
3869,2.0,Ibis Marrakech Centre Gare,3,negative
3821,5.0,Ibis Marrakech Centre Gare,1,positive
509,3.5,Ibis Casa Sidi Maarouf,3,neutral
5189,0.5,Ibis Ouarzazate Centre,3,negative
13,5.0,Ibis Abdelmoumen Casa,1,positive
2538,1.5,Ibis El Jadida,1,negative
784,4.0,Ibis Casa Voyageurs,7,positive
180,0.5,Ibis Abdelmoumen Casa,2,negative
3643,3.0,Ibis Marrakech Centre Gare,3,neutral
1539,5.0,Ibis Casablanca City Center,1,positive
5010,5.0,Ibis Ouarzazate Centre,1,positive
494,4.0,Ibis Casa Sidi Maarouf,3,positive
3237,5.0,Ibis Marrakech Centre Gare,2,positive
596,4.5,Ibis Casa Sidi Maarouf,4,positive
2363,4.0,Ibis El Jadida,9,positive
5043,5.0,Ibis Ouarzazate Centre,4,positive
4748,4.0,Ibis Mohammedia,2,positive
18,3.0,Ibis Abdelmoumen Casa,4,neutral
753,3.0,Ibis Casa Voyageurs,1,neutral
3401,4.0,Ibis Marrakech Centre Gare,4,positive
2845,5.0,Ibis Fès,8,positive
2503,5.0,Ibis El Jadida,7,positive
1096,4.0,Ibis Casa Voyageurs,2,positive
1370,3.0,Ibis Casablanca City Center,5,neutral
5704,5.0,Ibis Rabat Agdal,4,positive
3602,5.0,Ibis Marrakech Centre Gare,4,positive
5044,2.0,Ibis Ouarzazate Centre,5,negative
5918,5.0,Ibis Tanger City Center,4,positive
4805,3.5,Ibis Mohammedia,4,neutral
1557,1.0,Ibis Casablanca City Center,13,negative
5041,4.0,Ibis Ouarzazate Centre,2,positive
1407,2.0,Ibis Casablanca City Center,8,negative
1306,5.0,Ibis Casablanca City Center,6,positive
814,3.0,Ibis Casa Voyageurs,4,neutral
5756,3.0,Ibis Rabat Agdal,6,neutral
886,0.5,Ibis Casa Voyageurs,1,negative
5936,5.0,Ibis Tanger City Center,7,positive
6110,4.0,Ibis Tanger City Center,5,positive
236,5.0,Ibis Abdelmoumen Casa,3,positive
410,2.0,Ibis Casa Sidi Maarouf,5,negative
1583,1.0,Ibis Casablanca City Center,7,negative
976,5.0,Ibis Casa Voyageurs,6,positive
3893,3.0,Ibis Marrakech Centre Gare,9,neutral
3739,1.0,Ibis Marrakech Centre Gare,8,negative
1828,5.0,Ibis Casablanca City Center,1,positive
286,2.0,Ibis Casa Sidi Maarouf,14,negative
4790,4.0,Ibis Mohammedia,10,positive
1329,3.0,Ibis Casablanca City Center,6,neutral
5064,2.0,Ibis Ouarzazate Centre,7,negative
3476,1.0,Ibis Marrakech Centre Gare,2,negative
1603,2.0,Ibis Casablanca City Center,4,negative
4840,0.5,Ibis Mohammedia,1,negative
5084,2.0,Ibis Ouarzazate Centre,15,negative
3351,2.0,Ibis Marrakech Centre Gare,3,negative
4754,4.0,Ibis Mohammedia,7,positive
204,5.0,Ibis Abdelmoumen Casa,2,positive
3341,4.0,Ibis Marrakech Centre Gare,5,positive
2011,3.5,Ibis Casablanca City Center,7,neutral
1787,5.0,Ibis Casablanca City Center,3,positive
3217,4.0,Ibis Marrakech Centre Gare,13,positive
4166,4.0,Ibis Marrakech Centre Gare,3,positive
2050,3.0,Ibis Casablanca City Center,3,neutral
2301,1.0,Ibis Casablanca Nearshore,1,negative
4935,5.0,Ibis Mohammedia,5,positive
4535,4.0,Ibis Marrakech Palmeraie,1,positive
5011,3.0,Ibis Ouarzazate Centre,4,neutral
3465,2.0,Ibis Marrakech Centre Gare,5,negative
5250,3.0,Ibis Ouarzazate Centre,3,neutral
507,5.0,Ibis Casa Sidi Maarouf,4,positive
1765,4.0,Ibis Casablanca City Center,2,positive
1042,5.0,Ibis Casa Voyageurs,2,positive
6121,2.0,Ibis Tanger City Center,5,negative
6392,5.0,Ibis Tanger City Center,2,positive
656,3.0,Ibis Casa Voyageurs,2,neutral
5832,4.0,Ibis Tanger City Center,7,positive
2459,5.0,Ibis El Jadida,5,positive
4317,5.0,Ibis Marrakech Centre Gare,5,positive
3047,3.0,Ibis Fès,2,neutral
5213,5.0,Ibis Ouarzazate Centre,3,positive
2616,3.0,Ibis El Jadida,4,neutral
5514,5.0,Ibis Rabat Agdal,2,positive
4938,5.0,Ibis Mohammedia,6,positive
5313,4.0,Ibis Ouarzazate Centre,9,positive
4973,5.0,Ibis Mohammedia,15,positive
4008,4.0,Ibis Marrakech Centre Gare,21,positive
3549,1.0,Ibis Marrakech Centre Gare,5,negative
1758,1.5,Ibis Casablanca City Center,3,negative
6168,4.0,Ibis Tanger City Center,3,positive
5089,1.0,Ibis Ouarzazate Centre,2,negative
5333,5.0,Ibis Ouarzazate Centre,4,positive
3494,4.0,Ibis Marrakech Centre Gare,5,positive
602,5.0,Ibis Casa Sidi Maarouf,60,positive
1822,3.0,Ibis Casablanca City Center,8,neutral
2079,4.0,Ibis Casablanca City Center,17,positive
67,5.0,Ibis Abdelmoumen Casa,4,positive
2034,3.0,Ibis Casablanca City Center,6,neutral
4379,2.0,Ibis Marrakech Palmeraie,6,negative
3781,3.0,Ibis Marrakech Centre Gare,7,neutral
6004,5.0,Ibis Tanger City Center,2,positive
1341,5.0,Ibis Casablanca City Center,4,positive
2778,4.0,Ibis Fès,4,positive
3518,4.0,Ibis Marrakech Centre Gare,15,positive
1449,4.0,Ibis Casablanca City Center,3,positive
5674,5.0,Ibis Rabat Agdal,3,positive
4489,2.0,Ibis Marrakech Palmeraie,1,negative
2424,5.0,Ibis El Jadida,9,positive
2288,5.0,Ibis Casablanca Nearshore,3,positive
6397,3.0,Ibis Tanger City Center,6,neutral
28,4.0,Ibis Abdelmoumen Casa,1,positive
5170,3.5,Ibis Ouarzazate Centre,1,neutral
471,3.5,Ibis Casa Sidi Maarouf,3,neutral
749,4.0,Ibis Casa Voyageurs,3,positive
3218,3.0,Ibis Marrakech Centre Gare,15,neutral
720,5.0,Ibis Casa Voyageurs,1,positive
4351,3.0,Ibis Marrakech Centre Gare,11,neutral
1392,5.0,Ibis Casablanca City Center,9,positive
1697,4.0,Ibis Casablanca City Center,3,positive
269,4.0,Ibis Casa Sidi Maarouf,11,positive
3089,5.0,Ibis Fès,6,positive
1008,2.0,Ibis Casa Voyageurs,1,negative
6111,4.0,Ibis Tanger City Center,4,positive
2084,5.0,Ibis Casablanca City Center,6,positive
3945,0.5,Ibis Marrakech Centre Gare,2,negative
1082,3.5,Ibis Casa Voyageurs,4,neutral
4867,5.0,Ibis Mohammedia,9,positive
493,2.0,Ibis Casa Sidi Maarouf,3,negative
2654,5.0,Ibis El Jadida,1,positive
4617,1.0,Ibis Meknès,2,negative
1180,5.0,Ibis Casa Voyageurs,4,positive
3439,1.0,Ibis Marrakech Centre Gare,4,negative
2213,1.0,Ibis Casablanca Nearshore,7,negative
747,5.0,Ibis Casa Voyageurs,3,positive
4133,2.0,Ibis Marrakech Centre Gare,6,negative
930,4.0,Ibis Casa Voyageurs,5,positive
5715,5.0,Ibis Rabat Agdal,5,positive
5518,5.0,Ibis Rabat Agdal,4,positive
683,5.0,Ibis Casa Voyageurs,2,positive
3868,5.0,Ibis Marrakech Centre Gare,6,positive
751,5.0,Ibis Casa Voyageurs,1,positive
4560,3.0,Ibis Marrakech Palmeraie,8,neutral
2294,2.5,Ibis Casablanca Nearshore,1,negative
5661,4.0,Ibis Rabat Agdal,3,positive
4974,5.0,Ibis Mohammedia,4,positive
6077,2.0,Ibis Tanger City Center,5,negative
1754,5.0,Ibis Casablanca City Center,1,positive
2472,5.0,Ibis El Jadida,5,positive
2190,5.0,Ibis Casablanca Nearshore,14,positive
3103,4.0,Ibis Fès,4,positive
2700,2.0,Ibis Fès,3,negative
1723,3.0,Ibis Casablanca City Center,3,neutral
4926,5.0,Ibis Mohammedia,4,positive
3222,4.0,Ibis Marrakech Centre Gare,24,positive
4395,5.0,Ibis Marrakech Palmeraie,6,positive
2730,5.0,Ibis Fès,8,positive
